/*
SOUND_DSOUND_XBOX.C
*/

/* ---------- headers */

#include "cseries.h"
#include "cseries/errors.h"
#include "cache/physical_memory_map.h"
#include "cache/sound_cache.h"
#include "math/real_math.h"
#include "render/render_debug.h"
#include "sound/game_sound.h"
#include "sound/sound_definitions.h"
#include "sound/sound_dsound.h"
#include "sound/sound_environment_definitions.h"
#include "sound/sound_preferences.h"
#include "text/draw_string.h"

#include <xtl.h>

/* ---------- constants */

enum
{
	NUMBER_OF_SOUND_SAMPLE_RATES = 2,
	MAXIMUM_SOUND_CHANNELS = 256,
	NUMBER_OF_SOUND_CHANNEL_TYPES = 4,
	MAXIMUM_DSOUND_ERROR_STRING_LENGTH = 256,
	MAXIMUM_DSOUND_ERROR_MESSAGE_LENGTH = 4096,
	MAXIMUM_SOUND_PACKETS = 4,
	MAXIMUM_SOUND_PACKET_SIZE = 8192,
	MAXIMUM_COMPRESSED_SOUND_PACKET_SIZE = 2304,
	SOUND_CACHE_SIZE = 0x400000,
	SOUND_COMPRESSED_BLOCK_SIZE = 36,
	SOUND_COMPRESSED_SAMPLES_PER_BLOCK = 64,
	MAXIMUM_DSOUND_MIXBINS = 8
};

enum
{
	_sound_channel_3d_bit,
	_sound_channel_stereo_bit,
	_sound_channel_44k_bit,
	_sound_channel_compressed_bit
};

enum sound_channel_state
{
	_sound_channel_idle,
	_sound_channel_playing,
	_sound_channel_queued,
	NUMBER_OF_SOUND_CHANNEL_STATES
};

/* ---------- macros */

#define cache_base_address unknown1

/* deferred DirectSound parameters are only resubmitted when they change by more than epsilon */
#define realcmp_epsilon(a, b, epsilon) (fabs((a)-(b))<(epsilon))

/* our world is right-handed with +z up, DirectSound is left-handed with +y up */
#define DSOUND_POINT3D(p) ((p).x), ((p).z), ((p).y)
#define DSOUND_VECTOR3D(v) ((v).i), ((v).k), ((v).j)

/* ---------- structures */

struct sound_virtual_channel
{
	short channel_index;
	short type_index;
};

struct platform_sound_listener_properties
{
	real_point3d position;
	real_vector3d forward;
	real_vector3d up;
	real_vector3d velocity;
	struct sound_environment_definition const *environment;
};

struct platform_sound_channel_properties
{
	real minimum_distance;
	real maximum_distance;
	real pitch;
	real gain;
	real cone_inside_angle;
	real cone_outside_angle;
	real cone_outside_gain;
	real reverb_attenuation;
};

struct sound_channel
{
	short state;
	short virtual_channel_index;
	boolean spatialized;
	boolean attenuate_direct_path;
	boolean stopping;
	byte reserved007[1];
	short packet_count;
	byte reserved00a[2];
	real_point3d position;
	real_vector3d forward;
	real_vector3d translational_velocity;
	byte reserved030[8];
	short type_flags;
	byte reserved03a[2];
	real gain;
	real pitch;
	real occlusion;
	real obstruction;
	real minimum_distance;
	real maximum_distance;
	real cone_outside_gain;
	real cone_inside_angle;
	real cone_outside_angle;
	real reverb_attenuation;
	long sample_offset;
	struct sound_permutation *playing_permutation;
	struct sound_permutation *queued_permutation;
	LPDIRECTSOUNDSTREAM stream;
};

typedef char sound_channel_gain_offset_assert[
	offsetof(struct sound_channel, gain) == 0x3C ? 1 : -1];
typedef char sound_channel_sample_offset_offset_assert[
	offsetof(struct sound_channel, sample_offset) == 0x64 ? 1 : -1];
typedef char sound_channel_type_flags_offset_assert[
	offsetof(struct sound_channel, type_flags) == 0x38 ? 1 : -1];
typedef char sound_channel_stream_offset_assert[
	offsetof(struct sound_channel, stream) == 0x70 ? 1 : -1];

typedef char sound_channel_size_assert[
	sizeof(struct sound_channel) == 0x74 ? 1 : -1];

struct dsound_globals
{
	boolean initialized;
	short virtual_channel_count;
	struct sound_virtual_channel virtual_channels[MAXIMUM_SOUND_CHANNELS];
	short actual_channel_count;
	byte reserved406[2];
	struct sound_channel channels[MAXIMUM_SOUND_CHANNELS];
	short type_first_channel_index[NUMBER_OF_SOUND_CHANNEL_TYPES];
	real_point3d listener_position;
	real_vector3d listener_forward;
	real_vector3d listener_up;
	real_vector3d listener_velocity;
	byte reserved7840[4];
	struct sound_environment_definition listener_environment;
	DSCAPS caps;
	LPDIRECTSOUND direct_sound;
	LPDIRECTSOUNDBUFFER inanity_buffer;
	short inanity_samples[16];
	boolean paused;
	byte reserved78c5[3];
	real pause_gain;
};

typedef char dsound_globals_type_first_channel_index_offset_assert[
	offsetof(struct dsound_globals, type_first_channel_index) == 0x7808 ? 1 : -1];
typedef char dsound_globals_direct_sound_offset_assert[
	offsetof(struct dsound_globals, direct_sound) == 0x789C ? 1 : -1];
typedef char dsound_globals_paused_offset_assert[
	offsetof(struct dsound_globals, paused) == 0x78C4 ? 1 : -1];
typedef char dsound_globals_pause_gain_offset_assert[
	offsetof(struct dsound_globals, pause_gain) == 0x78C8 ? 1 : -1];

struct sound_platform_definition
{
	short platform_code;
	byte reserved002[2];
	boolean (*initialize)(
		struct sound_preferences *preferences);
	void (*dispose)(
		void);
	void (*set_listener_properties)(
		struct platform_sound_listener_properties const *properties);
	void (*begin_scene)(
		void);
	void (*end_scene)(
		void);
	void (*queue_sound_to_channel)(
		short channel_index,
		struct sound_permutation *sound);
	void (*channel_update)(
		short channel_index);
	void (*stop_channel)(
		short channel_index);
	short (*get_channel_state)(
		short channel_index);
	void (*set_pause)(
		boolean paused);
	void (*flush)(
		void);
	void (*set_channel_location)(
		short channel_index,
		boolean spatialized,
		struct sound_location const *location,
		real occlusion,
		real obstruction,
		boolean attenuate_direct_path);
	void (*set_channel_properties)(
		short channel_index,
		struct platform_sound_channel_properties const *properties,
		boolean gain_only);
	real direct_path_gain;
};

typedef char sound_platform_definition_direct_path_gain_offset_assert[
	offsetof(struct sound_platform_definition, direct_path_gain) == 0x38 ? 1 : -1];

/* ---------- prototypes */

void __stdcall DirectSoundStopStream(
	LPDIRECTSOUNDSTREAM stream);
unsigned long __stdcall DirectSoundGetStreamVoiceStatus(
	LPDIRECTSOUNDSTREAM stream);

static void dsound_error(
	HRESULT result,
	char const *format,
	...);
static void channel_stop(
	short index);
static boolean dsound_channel_stopped(
	short index);
static void interrupt_time_error(
	HRESULT *result,
	char const *message);
static boolean dsound_channel_queue_packet(
	short index);
static void dsound_channel_fill(
	short index);
static void dsound_channel_queue_sound(
	short index,
	struct sound_permutation *sound);
static void dsound_channel_set_I3DL2_properties(
	short index);
static void dsound_channel_set_properties(
	short channel_index,
	struct platform_sound_channel_properties const *properties,
	boolean gain_only);
static void dsound_channel_set_location(
	short channel_index,
	boolean spatialized,
	struct sound_location const *location,
	real occlusion,
	real obstruction,
	boolean attenuate_direct_path);
static boolean dsound_initialize_channel(
	short channel_index,
	short type_flags);
static void CALLBACK dsound_channel_callback(
	void *stream_context,
	void *packet_context,
	unsigned long status);
static boolean virtual_channel_new(
	short virtual_channel_index,
	short type_index);
static boolean dsound_fix_rear_speakers(
	void);
static void dsound_virtual_remap(
	short virtual_channel_index);
static short dsound_virtual_touch(
	short virtual_channel_index);
static struct sound_channel *channel_get(
	short index);
static struct sound_virtual_channel *virtual_channel_get(
	short index);
static short channel_get_state(
	short index);
static long dsound_volume_from_gain(
	real gain,
	long maximum_volume);
static short dsound_virtual_get_state(
	short virtual_channel_index);
static void dsound_virtual_stop(
	short virtual_channel_index);
static void dsound_channel_update(
	short channel_index);
static void dsound_begin_scene(
	void);
static void dsound_end_scene(
	void);
static void dsound_dispose(
	void);
static void dsound_set_paused(
	boolean paused);
static void dsound_flush(
	void);
static void dsound_set_listener_properties(
	struct platform_sound_listener_properties const *properties);
static boolean dsound_initialize(
	struct sound_preferences *preferences);
static void dsound_virtual_set_location(
	short virtual_channel_index,
	boolean spatialized,
	struct sound_location const *location,
	real occlusion,
	real obstruction,
	boolean attenuate_direct_path);
static void dsound_virtual_set_properties(
	short virtual_channel_index,
	struct platform_sound_channel_properties const *properties,
	boolean gain_only);
static void dsound_virtual_queue_sound(
	short virtual_channel_index,
	struct sound_permutation *sound);

/* ---------- globals */

extern struct dsound_globals dsound_globals;
extern unsigned long const sound_sample_rate_samples_per_second[NUMBER_OF_SOUND_SAMPLE_RATES];
extern HRESULT interrupt_result;
extern boolean debug_sound_channels;
static byte const dsound_effects_image[0x3A5C]=
{
	0x00, 0x00, 0x00, 0x00, 0x00, 0x00, 0x00, 0x00, 0x00, 0x00, 0x00, 0x00, 0x00, 0x00, 0x00, 0x00,
	0x00, 0x00, 0x00, 0x00, 0x00, 0x00, 0x00, 0x00, 0x00, 0x00, 0x00, 0x00, 0x00, 0x00, 0x00, 0x00,
	0x00, 0x00, 0x00, 0x00, 0x00, 0x00, 0x00, 0x00, 0x00, 0x00, 0x00, 0x00, 0x00, 0x00, 0x00, 0x00,
	0x00, 0x00, 0x00, 0x00, 0x00, 0x00, 0x00, 0x00, 0x00, 0x00, 0x00, 0x00, 0x00, 0x00, 0x00, 0x00,
	0x00, 0x00, 0x00, 0x00, 0x00, 0x00, 0x00, 0x00, 0x00, 0x00, 0x00, 0x00, 0x00, 0x00, 0x00, 0x00,
	0x00, 0x00, 0x00, 0x00, 0x00, 0x00, 0x00, 0x00, 0x00, 0x00, 0x00, 0x00, 0x00, 0x00, 0x00, 0x00,
	0x00, 0x00, 0x00, 0x00, 0x00, 0x00, 0x00, 0x00, 0x00, 0x00, 0x00, 0x00, 0x00, 0x00, 0x00, 0x00,
	0x00, 0x00, 0x00, 0x00, 0x00, 0x00, 0x00, 0x00, 0x00, 0x00, 0x00, 0x00, 0x00, 0x00, 0x00, 0x00,
	0x00, 0x00, 0x00, 0x00, 0x00, 0x00, 0x00, 0x00, 0x00, 0x00, 0x00, 0x00, 0x00, 0x00, 0x00, 0x00,
	0x00, 0x00, 0x00, 0x00, 0x00, 0x00, 0x00, 0x00, 0x00, 0x00, 0x00, 0x00, 0x00, 0x00, 0x00, 0x00,
	0x00, 0x00, 0x00, 0x00, 0x00, 0x00, 0x00, 0x00, 0x00, 0x00, 0x00, 0x00, 0x00, 0x00, 0x00, 0x00,
	0x00, 0x00, 0x00, 0x00, 0x00, 0x00, 0x00, 0x00, 0x00, 0x00, 0x00, 0x00, 0x00, 0x00, 0x00, 0x00,
	0x00, 0x00, 0x00, 0x00, 0x00, 0x00, 0x00, 0x00, 0x00, 0x00, 0x00, 0x00, 0x00, 0x00, 0x00, 0x00,
	0x00, 0x00, 0x00, 0x00, 0x00, 0x00, 0x00, 0x00, 0x00, 0x00, 0x00, 0x00, 0x00, 0x00, 0x00, 0x00,
	0x00, 0x00, 0x00, 0x00, 0x00, 0x00, 0x00, 0x00, 0x00, 0x00, 0x00, 0x00, 0x00, 0x00, 0x00, 0x00,
	0x00, 0x00, 0x00, 0x00, 0x00, 0x00, 0x00, 0x00, 0x00, 0x00, 0x00, 0x00, 0x00, 0x00, 0x00, 0x00,
	0x00, 0x00, 0x00, 0x00, 0x00, 0x00, 0x00, 0x00, 0x00, 0x00, 0x00, 0x00, 0x00, 0x00, 0x00, 0x00,
	0x00, 0x00, 0x00, 0x00, 0x00, 0x00, 0x00, 0x00, 0x00, 0x00, 0x00, 0x00, 0x00, 0x00, 0x00, 0x00,
	0x00, 0x00, 0x00, 0x00, 0x00, 0x00, 0x00, 0x00, 0x00, 0x00, 0x00, 0x00, 0x00, 0x00, 0x00, 0x00,
	0x00, 0x00, 0x00, 0x00, 0x00, 0x00, 0x00, 0x00, 0x00, 0x00, 0x00, 0x00, 0x00, 0x00, 0x00, 0x00,
	0x00, 0x00, 0x00, 0x00, 0x00, 0x00, 0x00, 0x00, 0x00, 0x00, 0x00, 0x00, 0x00, 0x00, 0x00, 0x00,
	0x00, 0x00, 0x00, 0x00, 0x00, 0x00, 0x00, 0x00, 0x00, 0x00, 0x00, 0x00, 0x00, 0x00, 0x00, 0x00,
	0x00, 0x00, 0x00, 0x00, 0x00, 0x00, 0x00, 0x00, 0x00, 0x00, 0x00, 0x00, 0x00, 0x00, 0x00, 0x00,
	0x00, 0x00, 0x00, 0x00, 0x00, 0x00, 0x00, 0x00, 0x00, 0x00, 0x00, 0x00, 0x00, 0x00, 0x00, 0x00,
	0x00, 0x00, 0x00, 0x00, 0x00, 0x00, 0x00, 0x00, 0x00, 0x00, 0x00, 0x00, 0x00, 0x00, 0x00, 0x00,
	0x00, 0x00, 0x00, 0x00, 0x00, 0x00, 0x00, 0x00, 0x00, 0x00, 0x00, 0x00, 0x00, 0x00, 0x00, 0x00,
	0x00, 0x00, 0x00, 0x00, 0x00, 0x00, 0x00, 0x00, 0x00, 0x00, 0x00, 0x00, 0x00, 0x00, 0x00, 0x00,
	0x00, 0x00, 0x00, 0x00, 0x00, 0x00, 0x00, 0x00, 0x00, 0x00, 0x00, 0x00, 0x00, 0x00, 0x00, 0x00,
	0x00, 0x00, 0x00, 0x00, 0x00, 0x00, 0x00, 0x00, 0x00, 0x00, 0x00, 0x00, 0x00, 0x00, 0x00, 0x00,
	0x00, 0x00, 0x00, 0x00, 0x00, 0x00, 0x00, 0x00, 0x00, 0x00, 0x00, 0x00, 0x00, 0x00, 0x00, 0x00,
	0x00, 0x00, 0x00, 0x00, 0x00, 0x00, 0x00, 0x00, 0x00, 0x00, 0x00, 0x00, 0x00, 0x00, 0x00, 0x00,
	0x00, 0x00, 0x00, 0x00, 0x00, 0x00, 0x00, 0x00, 0x00, 0x00, 0x00, 0x00, 0x00, 0x00, 0x00, 0x00,
	0x00, 0x00, 0x00, 0x00, 0x00, 0x00, 0x00, 0x00, 0x00, 0x00, 0x00, 0x00, 0x00, 0x00, 0x00, 0x00,
	0x00, 0x00, 0x00, 0x00, 0x00, 0x00, 0x00, 0x00, 0x00, 0x00, 0x00, 0x00, 0x00, 0x00, 0x00, 0x00,
	0x00, 0x00, 0x00, 0x00, 0x00, 0x00, 0x00, 0x00, 0x00, 0x00, 0x00, 0x00, 0x00, 0x00, 0x00, 0x00,
	0x00, 0x00, 0x00, 0x00, 0x00, 0x00, 0x00, 0x00, 0x00, 0x00, 0x00, 0x00, 0x00, 0x00, 0x00, 0x00,
	0x00, 0x00, 0x00, 0x00, 0x00, 0x00, 0x00, 0x00, 0x00, 0x00, 0x00, 0x00, 0x00, 0x00, 0x00, 0x00,
	0x00, 0x00, 0x00, 0x00, 0x00, 0x00, 0x00, 0x00, 0x00, 0x00, 0x00, 0x00, 0x00, 0x00, 0x00, 0x00,
	0x00, 0x00, 0x00, 0x00, 0x00, 0x00, 0x00, 0x00, 0x00, 0x00, 0x00, 0x00, 0x00, 0x00, 0x00, 0x00,
	0x00, 0x00, 0x00, 0x00, 0x00, 0x00, 0x00, 0x00, 0x00, 0x00, 0x00, 0x00, 0x00, 0x00, 0x00, 0x00,
	0x00, 0x00, 0x00, 0x00, 0x00, 0x00, 0x00, 0x00, 0x00, 0x00, 0x00, 0x00, 0x00, 0x00, 0x00, 0x00,
	0x00, 0x00, 0x00, 0x00, 0x00, 0x00, 0x00, 0x00, 0x00, 0x00, 0x00, 0x00, 0x00, 0x00, 0x00, 0x00,
	0x00, 0x00, 0x00, 0x00, 0x00, 0x00, 0x00, 0x00, 0x00, 0x00, 0x00, 0x00, 0x00, 0x00, 0x00, 0x00,
	0x00, 0x00, 0x00, 0x00, 0x00, 0x00, 0x00, 0x00, 0x00, 0x00, 0x00, 0x00, 0x00, 0x00, 0x00, 0x00,
	0x00, 0x00, 0x00, 0x00, 0x00, 0x00, 0x00, 0x00, 0x00, 0x00, 0x00, 0x00, 0x00, 0x00, 0x00, 0x00,
	0x00, 0x00, 0x00, 0x00, 0x00, 0x00, 0x00, 0x00, 0x00, 0x00, 0x00, 0x00, 0x00, 0x00, 0x00, 0x00,
	0x00, 0x00, 0x00, 0x00, 0x00, 0x00, 0x00, 0x00, 0x00, 0x00, 0x00, 0x00, 0x00, 0x00, 0x00, 0x00,
	0x00, 0x00, 0x00, 0x00, 0x00, 0x00, 0x00, 0x00, 0x00, 0x00, 0x00, 0x00, 0x00, 0x00, 0x00, 0x00,
	0x00, 0x00, 0x00, 0x00, 0x00, 0x00, 0x00, 0x00, 0x00, 0x00, 0x00, 0x00, 0x00, 0x00, 0x00, 0x00,
	0x00, 0x00, 0x00, 0x00, 0x00, 0x00, 0x00, 0x00, 0x00, 0x00, 0x00, 0x00, 0x00, 0x00, 0x00, 0x00,
	0x00, 0x00, 0x00, 0x00, 0x00, 0x00, 0x00, 0x00, 0x00, 0x00, 0x00, 0x00, 0x00, 0x00, 0x00, 0x00,
	0x00, 0x00, 0x00, 0x00, 0x00, 0x00, 0x00, 0x00, 0x00, 0x00, 0x00, 0x00, 0x00, 0x00, 0x00, 0x00,
	0x00, 0x00, 0x00, 0x00, 0x00, 0x00, 0x00, 0x00, 0x00, 0x00, 0x00, 0x00, 0x00, 0x00, 0x00, 0x00,
	0x00, 0x00, 0x00, 0x00, 0x00, 0x00, 0x00, 0x00, 0x00, 0x00, 0x00, 0x00, 0x00, 0x00, 0x00, 0x00,
	0x00, 0x00, 0x00, 0x00, 0x00, 0x00, 0x00, 0x00, 0x00, 0x00, 0x00, 0x00, 0x00, 0x00, 0x00, 0x00,
	0x00, 0x00, 0x00, 0x00, 0x00, 0x00, 0x00, 0x00, 0x00, 0x00, 0x00, 0x00, 0x00, 0x00, 0x00, 0x00,
	0x00, 0x00, 0x00, 0x00, 0x00, 0x00, 0x00, 0x00, 0x00, 0x00, 0x00, 0x00, 0x00, 0x00, 0x00, 0x00,
	0x00, 0x00, 0x00, 0x00, 0x00, 0x00, 0x00, 0x00, 0x00, 0x00, 0x00, 0x00, 0x00, 0x00, 0x00, 0x00,
	0x00, 0x00, 0x00, 0x00, 0x00, 0x00, 0x00, 0x00, 0x00, 0x00, 0x00, 0x00, 0x00, 0x00, 0x00, 0x00,
	0x00, 0x00, 0x00, 0x00, 0x00, 0x00, 0x00, 0x00, 0x00, 0x00, 0x00, 0x00, 0x00, 0x00, 0x00, 0x00,
	0x00, 0x00, 0x00, 0x00, 0x00, 0x00, 0x00, 0x00, 0x00, 0x00, 0x00, 0x00, 0x00, 0x00, 0x00, 0x00,
	0x00, 0x00, 0x00, 0x00, 0x00, 0x00, 0x00, 0x00, 0x00, 0x00, 0x00, 0x00, 0x00, 0x00, 0x00, 0x00,
	0x00, 0x00, 0x00, 0x00, 0x00, 0x00, 0x00, 0x00, 0x00, 0x00, 0x00, 0x00, 0x00, 0x00, 0x00, 0x00,
	0x00, 0x00, 0x00, 0x00, 0x00, 0x00, 0x00, 0x00, 0x00, 0x00, 0x00, 0x00, 0x00, 0x00, 0x00, 0x00,
	0x00, 0x00, 0x00, 0x00, 0x00, 0x00, 0x00, 0x00, 0x00, 0x00, 0x00, 0x00, 0x00, 0x00, 0x00, 0x00,
	0x00, 0x00, 0x00, 0x00, 0x00, 0x00, 0x00, 0x00, 0x00, 0x00, 0x00, 0x00, 0x00, 0x00, 0x00, 0x00,
	0x00, 0x00, 0x00, 0x00, 0x00, 0x00, 0x00, 0x00, 0x00, 0x00, 0x00, 0x00, 0x00, 0x00, 0x00, 0x00,
	0x00, 0x00, 0x00, 0x00, 0x00, 0x00, 0x00, 0x00, 0x00, 0x00, 0x00, 0x00, 0x00, 0x00, 0x00, 0x00,
	0x00, 0x00, 0x00, 0x00, 0x00, 0x00, 0x00, 0x00, 0x00, 0x00, 0x00, 0x00, 0x00, 0x00, 0x00, 0x00,
	0x00, 0x00, 0x00, 0x00, 0x00, 0x00, 0x00, 0x00, 0x00, 0x00, 0x00, 0x00, 0x00, 0x00, 0x00, 0x00,
	0x00, 0x00, 0x00, 0x00, 0x00, 0x00, 0x00, 0x00, 0x00, 0x00, 0x00, 0x00, 0x00, 0x00, 0x00, 0x00,
	0x00, 0x00, 0x00, 0x00, 0x00, 0x00, 0x00, 0x00, 0x00, 0x00, 0x00, 0x00, 0x00, 0x00, 0x00, 0x00,
	0x00, 0x00, 0x00, 0x00, 0x00, 0x00, 0x00, 0x00, 0x00, 0x00, 0x00, 0x00, 0x00, 0x00, 0x00, 0x00,
	0x00, 0x00, 0x00, 0x00, 0x00, 0x00, 0x00, 0x00, 0x00, 0x00, 0x00, 0x00, 0x00, 0x00, 0x00, 0x00,
	0x00, 0x00, 0x00, 0x00, 0x00, 0x00, 0x00, 0x00, 0x00, 0x00, 0x00, 0x00, 0x00, 0x00, 0x00, 0x00,
	0x00, 0x00, 0x00, 0x00, 0x00, 0x00, 0x00, 0x00, 0x00, 0x00, 0x00, 0x00, 0x00, 0x00, 0x00, 0x00,
	0x00, 0x00, 0x00, 0x00, 0x00, 0x00, 0x00, 0x00, 0x00, 0x00, 0x00, 0x00, 0x00, 0x00, 0x00, 0x00,
	0x00, 0x00, 0x00, 0x00, 0x00, 0x00, 0x00, 0x00, 0x00, 0x00, 0x00, 0x00, 0x00, 0x00, 0x00, 0x00,
	0x00, 0x00, 0x00, 0x00, 0x00, 0x00, 0x00, 0x00, 0x00, 0x00, 0x00, 0x00, 0x00, 0x00, 0x00, 0x00,
	0x00, 0x00, 0x00, 0x00, 0x00, 0x00, 0x00, 0x00, 0x00, 0x00, 0x00, 0x00, 0x00, 0x00, 0x00, 0x00,
	0x00, 0x00, 0x00, 0x00, 0x00, 0x00, 0x00, 0x00, 0x00, 0x00, 0x00, 0x00, 0x00, 0x00, 0x00, 0x00,
	0x00, 0x00, 0x00, 0x00, 0x00, 0x00, 0x00, 0x00, 0x00, 0x00, 0x00, 0x00, 0x00, 0x00, 0x00, 0x00,
	0x00, 0x00, 0x00, 0x00, 0x00, 0x00, 0x00, 0x00, 0x00, 0x00, 0x00, 0x00, 0x00, 0x00, 0x00, 0x00,
	0x00, 0x00, 0x00, 0x00, 0x00, 0x00, 0x00, 0x00, 0x00, 0x00, 0x00, 0x00, 0x00, 0x00, 0x00, 0x00,
	0x00, 0x00, 0x00, 0x00, 0x00, 0x00, 0x00, 0x00, 0x00, 0x00, 0x00, 0x00, 0x00, 0x00, 0x00, 0x00,
	0x00, 0x00, 0x00, 0x00, 0x00, 0x00, 0x00, 0x00, 0x00, 0x00, 0x00, 0x00, 0x00, 0x00, 0x00, 0x00,
	0x00, 0x00, 0x00, 0x00, 0x00, 0x00, 0x00, 0x00, 0x00, 0x00, 0x00, 0x00, 0x00, 0x00, 0x00, 0x00,
	0x00, 0x00, 0x00, 0x00, 0x00, 0x00, 0x00, 0x00, 0x00, 0x00, 0x00, 0x00, 0x00, 0x00, 0x00, 0x00,
	0x00, 0x00, 0x00, 0x00, 0x00, 0x00, 0x00, 0x00, 0x00, 0x00, 0x00, 0x00, 0x00, 0x00, 0x00, 0x00,
	0x00, 0x00, 0x00, 0x00, 0x00, 0x00, 0x00, 0x00, 0x00, 0x00, 0x00, 0x00, 0x00, 0x00, 0x00, 0x00,
	0x00, 0x00, 0x00, 0x00, 0x00, 0x00, 0x00, 0x00, 0x00, 0x00, 0x00, 0x00, 0x00, 0x00, 0x00, 0x00,
	0x00, 0x00, 0x00, 0x00, 0x00, 0x00, 0x00, 0x00, 0x00, 0x00, 0x00, 0x00, 0x00, 0x00, 0x00, 0x00,
	0x00, 0x00, 0x00, 0x00, 0x00, 0x00, 0x00, 0x00, 0x00, 0x00, 0x00, 0x00, 0x00, 0x00, 0x00, 0x00,
	0x00, 0x00, 0x00, 0x00, 0x00, 0x00, 0x00, 0x00, 0x00, 0x00, 0x00, 0x00, 0x00, 0x00, 0x00, 0x00,
	0x00, 0x00, 0x00, 0x00, 0x00, 0x00, 0x00, 0x00, 0x00, 0x00, 0x00, 0x00, 0x00, 0x00, 0x00, 0x00,
	0x00, 0x00, 0x00, 0x00, 0x00, 0x00, 0x00, 0x00, 0x00, 0x00, 0x00, 0x00, 0x00, 0x00, 0x00, 0x00,
	0x00, 0x00, 0x00, 0x00, 0x00, 0x00, 0x00, 0x00, 0x00, 0x00, 0x00, 0x00, 0x00, 0x00, 0x00, 0x00,
	0x00, 0x00, 0x00, 0x00, 0x00, 0x00, 0x00, 0x00, 0x00, 0x00, 0x00, 0x00, 0x00, 0x00, 0x00, 0x00,
	0x00, 0x00, 0x00, 0x00, 0x00, 0x00, 0x00, 0x00, 0x00, 0x00, 0x00, 0x00, 0x00, 0x00, 0x00, 0x00,
	0x00, 0x00, 0x00, 0x00, 0x00, 0x00, 0x00, 0x00, 0x00, 0x00, 0x00, 0x00, 0x00, 0x00, 0x00, 0x00,
	0x00, 0x00, 0x00, 0x00, 0x00, 0x00, 0x00, 0x00, 0x00, 0x00, 0x00, 0x00, 0x00, 0x00, 0x00, 0x00,
	0x00, 0x00, 0x00, 0x00, 0x00, 0x00, 0x00, 0x00, 0x00, 0x00, 0x00, 0x00, 0x00, 0x00, 0x00, 0x00,
	0x00, 0x00, 0x00, 0x00, 0x00, 0x00, 0x00, 0x00, 0x00, 0x00, 0x00, 0x00, 0x00, 0x00, 0x00, 0x00,
	0x00, 0x00, 0x00, 0x00, 0x00, 0x00, 0x00, 0x00, 0x00, 0x00, 0x00, 0x00, 0x00, 0x00, 0x00, 0x00,
	0x00, 0x00, 0x00, 0x00, 0x00, 0x00, 0x00, 0x00, 0x00, 0x00, 0x00, 0x00, 0x00, 0x00, 0x00, 0x00,
	0x00, 0x00, 0x00, 0x00, 0x00, 0x00, 0x00, 0x00, 0x00, 0x00, 0x00, 0x00, 0x00, 0x00, 0x00, 0x00,
	0x00, 0x00, 0x00, 0x00, 0x00, 0x00, 0x00, 0x00, 0x00, 0x00, 0x00, 0x00, 0x00, 0x00, 0x00, 0x00,
	0x00, 0x00, 0x00, 0x00, 0x00, 0x00, 0x00, 0x00, 0x00, 0x00, 0x00, 0x00, 0x00, 0x00, 0x00, 0x00,
	0x00, 0x00, 0x00, 0x00, 0x00, 0x00, 0x00, 0x00, 0x00, 0x00, 0x00, 0x00, 0x00, 0x00, 0x00, 0x00,
	0x00, 0x00, 0x00, 0x00, 0x00, 0x00, 0x00, 0x00, 0x00, 0x00, 0x00, 0x00, 0x00, 0x00, 0x00, 0x00,
	0x00, 0x00, 0x00, 0x00, 0x00, 0x00, 0x00, 0x00, 0x00, 0x00, 0x00, 0x00, 0x00, 0x00, 0x00, 0x00,
	0x00, 0x00, 0x00, 0x00, 0x00, 0x00, 0x00, 0x00, 0x00, 0x00, 0x00, 0x00, 0x00, 0x00, 0x00, 0x00,
	0x00, 0x00, 0x00, 0x00, 0x00, 0x00, 0x00, 0x00, 0x00, 0x00, 0x00, 0x00, 0x00, 0x00, 0x00, 0x00,
	0x00, 0x00, 0x00, 0x00, 0x00, 0x00, 0x00, 0x00, 0x00, 0x00, 0x00, 0x00, 0x00, 0x00, 0x00, 0x00,
	0x00, 0x00, 0x00, 0x00, 0x00, 0x00, 0x00, 0x00, 0x00, 0x00, 0x00, 0x00, 0x00, 0x00, 0x00, 0x00,
	0x00, 0x00, 0x00, 0x00, 0x00, 0x00, 0x00, 0x00, 0x00, 0x00, 0x00, 0x00, 0x00, 0x00, 0x00, 0x00,
	0x00, 0x00, 0x00, 0x00, 0x00, 0x00, 0x00, 0x00, 0x00, 0x00, 0x00, 0x00, 0x00, 0x00, 0x00, 0x00,
	0x00, 0x00, 0x00, 0x00, 0x00, 0x00, 0x00, 0x00, 0x00, 0x00, 0x00, 0x00, 0x00, 0x00, 0x00, 0x00,
	0x00, 0x00, 0x00, 0x00, 0x00, 0x00, 0x00, 0x00, 0x00, 0x00, 0x00, 0x00, 0x00, 0x00, 0x00, 0x00,
	0x00, 0x00, 0x00, 0x00, 0x00, 0x00, 0x00, 0x00, 0x00, 0x00, 0x00, 0x00, 0x00, 0x00, 0x00, 0x00,
	0x00, 0x00, 0x00, 0x00, 0x00, 0x00, 0x00, 0x00, 0x00, 0x00, 0x00, 0x00, 0x00, 0x00, 0x00, 0x00,
	0x00, 0x00, 0x00, 0x00, 0x00, 0x00, 0x00, 0x00, 0x00, 0x00, 0x00, 0x00, 0x00, 0x00, 0x00, 0x00,
	0x00, 0x00, 0x00, 0x00, 0x00, 0x00, 0x00, 0x00, 0x00, 0x00, 0x00, 0x00, 0x00, 0x00, 0x00, 0x00,
	0x00, 0x00, 0x00, 0x00, 0x00, 0x00, 0x00, 0x00, 0x00, 0x00, 0x00, 0x00, 0x00, 0x00, 0x00, 0x00,
	0x00, 0x00, 0x00, 0x00, 0x00, 0x00, 0x00, 0x00, 0x00, 0x00, 0x00, 0x00, 0x00, 0x00, 0x00, 0x00,
	0x00, 0x00, 0x00, 0x00, 0x00, 0x00, 0x00, 0x00, 0x00, 0x00, 0x00, 0x00, 0x00, 0x00, 0x00, 0x00,
	0x00, 0x00, 0x00, 0x00, 0x00, 0x00, 0x00, 0x00, 0x00, 0x00, 0x00, 0x00, 0x00, 0x00, 0x00, 0x00,
	0x00, 0x00, 0x00, 0x00, 0x00, 0x00, 0x00, 0x00, 0x00, 0x00, 0x00, 0x00, 0x00, 0x00, 0x00, 0x00,
	0x00, 0x00, 0x00, 0x00, 0x4e, 0x05, 0x00, 0x00, 0x50, 0x1d, 0x00, 0x00, 0x23, 0x07, 0x00, 0x00,
	0x03, 0x00, 0x00, 0x00, 0x00, 0x00, 0x00, 0x00, 0x0d, 0x44, 0x23, 0xef, 0xaf, 0x6a, 0xa8, 0x9f,
	0xd4, 0x4a, 0x13, 0x14, 0x1c, 0xe4, 0x13, 0xcc, 0xd7, 0x0b, 0xfb, 0x89, 0xa6, 0x01, 0x9f, 0x95,
	0xb7, 0xcc, 0xd2, 0x75, 0xec, 0x7c, 0x17, 0xb6, 0xd6, 0x01, 0xf8, 0x0b, 0x45, 0x87, 0x47, 0x3d,
	0xaf, 0x27, 0x25, 0x12, 0xc1, 0xf3, 0xa5, 0x8d, 0xb7, 0x7a, 0xd4, 0x75, 0x6c, 0xd9, 0xda, 0x86,
	0xd4, 0xf7, 0xa6, 0x46, 0x63, 0x92, 0x84, 0x21, 0x91, 0x99, 0x44, 0x2c, 0x50, 0x52, 0x3c, 0xc3,
	0x26, 0x89, 0xbc, 0x6a, 0x6f, 0x8d, 0xb9, 0x27, 0x0a, 0x05, 0xe3, 0x7c, 0xe8, 0xff, 0x56, 0x56,
	0x9c, 0xa9, 0x6c, 0xb1, 0x12, 0x7a, 0x91, 0x0b, 0xfa, 0x52, 0x2d, 0x4d, 0x60, 0x1e, 0x00, 0xa1,
	0xb4, 0x3c, 0x92, 0x54, 0xdc, 0x3a, 0x3d, 0x50, 0x9d, 0x28, 0xac, 0x51, 0x62, 0xc3, 0xdd, 0x81,
	0x55, 0xa0, 0x52, 0xd6, 0x73, 0x33, 0x2d, 0x38, 0xf1, 0x5e, 0xc9, 0x92, 0x01, 0xef, 0x58, 0x55,
	0xb9, 0xa9, 0xa1, 0xc1, 0x0a, 0x9f, 0x6e, 0xda, 0x22, 0x9a, 0x55, 0x58, 0xb6, 0x92, 0x5d, 0x50,
	0x5d, 0x90, 0xa8, 0x41, 0x4a, 0xab, 0xbe, 0x02, 0xf6, 0x3f, 0xdf, 0x6e, 0x6f, 0x52, 0x34, 0x47,
	0x74, 0xf1, 0xaa, 0x42, 0x7b, 0x21, 0x46, 0x12, 0xfe, 0xe0, 0x80, 0x2d, 0x50, 0x26, 0xfc, 0xa3,
	0xae, 0xbc, 0x52, 0x34, 0x4c, 0xf2, 0xa1, 0xa2, 0x06, 0xfc, 0x92, 0x44, 0xe4, 0x84, 0x7c, 0x31,
	0xed, 0x34, 0x0c, 0x73, 0x99, 0x88, 0x5a, 0x57, 0x5c, 0x91, 0xa8, 0x41, 0xca, 0x6b, 0x1e, 0x32,
	0x39, 0x9b, 0x6c, 0x43, 0xc9, 0xff, 0x1e, 0xb2, 0xae, 0xd4, 0x3c, 0xcb, 0xed, 0x6e, 0xcf, 0x89,
	0xb9, 0xc2, 0x6f, 0xa5, 0x94, 0x08, 0xcd, 0x8b, 0xd9, 0xa7, 0xe4, 0x75, 0x6c, 0x50, 0xb7, 0x06,
	0x94, 0x01, 0x22, 0x7e, 0x37, 0x9d, 0xbd, 0x66, 0xe4, 0x55, 0x46, 0xd0, 0xa2, 0x63, 0x29, 0xd9,
	0xc7, 0x8f, 0xb9, 0xe8, 0xc2, 0x78, 0xab, 0x9f, 0x42, 0x3b, 0xb5, 0x64, 0xf2, 0xcc, 0x99, 0x97,
	0xfe, 0x3d, 0xba, 0x65, 0xf0, 0x19, 0x7b, 0x47, 0xf4, 0x55, 0x21, 0x22, 0x15, 0x5e, 0xa6, 0x1c,
	0xff, 0xef, 0x66, 0x3c, 0x9e, 0xd7, 0x22, 0x52, 0x1e, 0x18, 0x7f, 0x51, 0xbc, 0xcf, 0x1c, 0xd1,
	0xad, 0xb8, 0x56, 0x39, 0x4b, 0x19, 0x83, 0xc2, 0xb6, 0xbc, 0x3a, 0xca, 0x25, 0xac, 0x71, 0x59,
	0xdd, 0xae, 0x49, 0x30, 0xe2, 0x8b, 0xbe, 0xa3, 0xc2, 0x7c, 0xb2, 0x64, 0xf4, 0x6c, 0x14, 0x37,
	0x0c, 0xe1, 0xc8, 0x83, 0x69, 0x4f, 0xa4, 0x86, 0xc8, 0xf5, 0xee, 0x06, 0xb3, 0x74, 0x2b, 0x5d,
	0x64, 0x6f, 0x29, 0x20, 0x3a, 0xb7, 0x2b, 0xbc, 0x2f, 0x26, 0xab, 0x3a, 0xec, 0x19, 0x63, 0xc2,
	0xb6, 0x3d, 0xcc, 0x8a, 0xf9, 0xc5, 0x95, 0x95, 0x4b, 0x09, 0x6e, 0xc5, 0x9f, 0xb4, 0x0d, 0x49,
	0xd9, 0xd2, 0x47, 0xd1, 0xa2, 0x92, 0x22, 0x29, 0x29, 0x62, 0x07, 0xa3, 0xf9, 0x96, 0xc8, 0x14,
	0xff, 0x19, 0x84, 0x4d, 0xd0, 0x02, 0x02, 0x01, 0x12, 0x14, 0xfe, 0x8e, 0x7f, 0x5a, 0x78, 0x65,
	0x63, 0x14, 0x18, 0x00, 0x6a, 0x67, 0x8a, 0x1e, 0x80, 0xa5, 0x8f, 0xbc, 0x14, 0xf6, 0x72, 0xba,
	0x22, 0xf6, 0x7b, 0xca, 0x21, 0x75, 0x2d, 0x59, 0x61, 0x8e, 0xd7, 0xa0, 0xc2, 0xdd, 0xa2, 0x14,
	0x7b, 0x21, 0x4e, 0x5d, 0xe4, 0xce, 0x1e, 0x50, 0x6d, 0x18, 0x86, 0xd1, 0xa4, 0xb3, 0x0c, 0xc9,
	0x19, 0x72, 0xd6, 0x19, 0x3e, 0x40, 0x79, 0x5c, 0xa2, 0x6f, 0x09, 0x20, 0x06, 0x3d, 0x52, 0xac,
	0xa7, 0xba, 0x89, 0x2b, 0xc9, 0x5d, 0xe1, 0x73, 0xce, 0x40, 0x1b, 0x17, 0x40, 0xe0, 0x67, 0x3c,
	0x6b, 0xe7, 0xe5, 0x82, 0x69, 0x87, 0x1c, 0x66, 0x5a, 0x38, 0x84, 0xd0, 0x9c, 0x35, 0x4c, 0xa9,
	0x33, 0x57, 0xed, 0x0b, 0xc8, 0xe4, 0x65, 0xbd, 0xaf, 0x53, 0x8b, 0xaa, 0x96, 0xbd, 0x11, 0xcb,
	0x24, 0x5f, 0xf1, 0x89, 0x88, 0x84, 0x35, 0x65, 0x57, 0x6d, 0x2a, 0x20, 0xba, 0x13, 0x58, 0xcc,
	0x16, 0x94, 0xbe, 0x59, 0x60, 0xe4, 0x55, 0xb0, 0xaf, 0x02, 0x78, 0x4b, 0x65, 0x15, 0x5b, 0xc1,
	0xa7, 0x91, 0x50, 0x3a, 0xc0, 0x18, 0x83, 0xc2, 0x28, 0xd1, 0xb0, 0xea, 0x57, 0xac, 0x89, 0x0f,
	0x04, 0x1b, 0x83, 0x4d, 0x60, 0xc2, 0x19, 0xd1, 0x5e, 0x08, 0xfc, 0x89, 0x06, 0x95, 0xc0, 0x25,
	0x86, 0x5d, 0x22, 0x1c, 0xc4, 0x1e, 0xc6, 0x6c, 0x95, 0xe6, 0xb5, 0x67, 0x99, 0x0d, 0xf9, 0x87,
	0x4f, 0x35, 0x6d, 0xc6, 0xdd, 0xa4, 0x88, 0x89, 0x1e, 0x3a, 0x13, 0x95, 0x42, 0xf5, 0x5d, 0xb4,
	0x82, 0x00, 0xf8, 0x8b, 0x82, 0x85, 0x14, 0x55, 0xa5, 0x19, 0x7f, 0x51, 0x81, 0x13, 0xfc, 0x01,
	0x52, 0x54, 0xfd, 0x0e, 0x3f, 0x22, 0x44, 0xad, 0xf1, 0x73, 0x34, 0xab, 0xa6, 0x7d, 0xb1, 0x9b,
	0x85, 0xbe, 0x32, 0xa4, 0x14, 0xfd, 0x71, 0x3b, 0x28, 0xd6, 0xe2, 0x02, 0x08, 0xa7, 0x0a, 0x4e,
	0xa8, 0xfe, 0x21, 0x21, 0x38, 0xe1, 0x66, 0xbc, 0xdf, 0x97, 0x4f, 0xba, 0x8c, 0xb9, 0x93, 0x0a,
	0xc3, 0x8f, 0xe9, 0xfd, 0x27, 0xe8, 0x6a, 0xbe, 0xf6, 0x12, 0x0f, 0x1a, 0x3d, 0x5f, 0x27, 0x5c,
	0x6f, 0x9f, 0x47, 0x30, 0x54, 0x1b, 0x00, 0x03, 0x96, 0x71, 0x7d, 0x5e, 0x57, 0x2e, 0x02, 0x20,
	0xe5, 0x5c, 0x02, 0x1c, 0xb8, 0x76, 0xd8, 0x0c, 0x4f, 0xdb, 0xc3, 0x7d, 0x75, 0xfb, 0xe0, 0x76,
	0xcb, 0xf3, 0x70, 0x47, 0x19, 0xe1, 0x57, 0xb1, 0x00, 0xc1, 0x58, 0x3b, 0xcd, 0xc9, 0x42, 0xe2,
	0x18, 0xd9, 0xb4, 0xe8, 0xd7, 0x6c, 0x29, 0xdf, 0x9c, 0x0f, 0xf9, 0x88, 0xc2, 0x30, 0xff, 0x85,
	0xd9, 0xb4, 0x4e, 0x36, 0x6b, 0x1c, 0x97, 0x12, 0x96, 0x58, 0xa4, 0xdd, 0xbb, 0x32, 0xaa, 0x98,
	0xa6, 0x7e, 0xb1, 0xe4, 0x07, 0x68, 0xcd, 0xef, 0xba, 0x93, 0x3f, 0x2f, 0x80, 0x16, 0x14, 0x53,
	0x13, 0x28, 0x8c, 0xd1, 0x2f, 0x6f, 0x48, 0xa9, 0x04, 0x02, 0x77, 0x4b, 0x17, 0xe0, 0xd7, 0x71,
	0x4b, 0x32, 0x10, 0x97, 0x7b, 0x03, 0x56, 0xb4, 0x31, 0xd4, 0xae, 0xeb, 0xb3, 0x2b, 0xc9, 0xef,
	0xd6, 0x06, 0x25, 0x9f, 0x7a, 0x80, 0xb6, 0x24, 0x3f, 0x48, 0x8c, 0x4c, 0x64, 0x94, 0xbc, 0xa1,
	0x85, 0xbc, 0x32, 0xb4, 0x12, 0x0d, 0x49, 0x2a, 0xe7, 0xa0, 0x47, 0x33, 0x11, 0xcb, 0x95, 0x13,
	0x4a, 0x58, 0xa4, 0x5d, 0x58, 0x7c, 0x5c, 0x40, 0x35, 0x64, 0x85, 0x52, 0xa3, 0x53, 0x5c, 0xb1,
	0xaf, 0x95, 0x4e, 0xbb, 0x8a, 0xb7, 0x13, 0x4a, 0x1a, 0x6a, 0x0c, 0x91, 0x13, 0x03, 0x74, 0x45,
	0x69, 0xb0, 0x40, 0xb2, 0x10, 0xfd, 0xf0, 0xfb, 0x52, 0xd6, 0xbe, 0x6e, 0x11, 0x0a, 0xf8, 0x07,
	0x8a, 0x40, 0x88, 0x4e, 0xe1, 0x54, 0xdc, 0x71, 0x0d, 0x40, 0x1b, 0x97, 0x3d, 0x80, 0xb7, 0x24,
	0x83, 0xb3, 0x04, 0x9c, 0xb8, 0xbe, 0xb7, 0x24, 0x68, 0x1d, 0x82, 0xcc, 0x1e, 0xff, 0x46, 0xa9,
	0x28, 0xc0, 0x57, 0xbb, 0xcd, 0x39, 0x72, 0x3a, 0xf5, 0x66, 0xa5, 0xe2, 0x23, 0x02, 0xc4, 0x68,
	0xc7, 0x70, 0x2f, 0xa7, 0xd3, 0xbc, 0xb0, 0x1b, 0x51, 0x01, 0x78, 0xfc, 0x28, 0x36, 0x0b, 0xde,
	0xe4, 0x9a, 0xd3, 0xf8, 0x73, 0x69, 0xab, 0x1e, 0x40, 0xdf, 0x42, 0xac, 0x81, 0x7b, 0xb0, 0x9b,
	0x42, 0x8f, 0xf2, 0x94, 0x82, 0x75, 0x1d, 0xd4, 0x98, 0x8b, 0xbc, 0xe9, 0x46, 0x25, 0x47, 0xaf,
	0x2c, 0x43, 0x17, 0x1b, 0xbd, 0xf9, 0x59, 0xcc, 0x57, 0x4b, 0x7b, 0xd9, 0x1e, 0x28, 0x41, 0xb8,
	0x71, 0x76, 0xb2, 0xea, 0x0d, 0x6d, 0x29, 0xdf, 0xa0, 0x21, 0x5b, 0xa8, 0xd6, 0x3d, 0x70, 0x3b,
	0x61, 0x67, 0x25, 0x22, 0xc3, 0x52, 0x6c, 0x3c, 0x72, 0x65, 0xa5, 0x62, 0x99, 0x4f, 0x7f, 0xc0,
	0xde, 0xc4, 0xd6, 0xfa, 0x2f, 0x1c, 0xd1, 0x6e, 0x4a, 0xb1, 0x4f, 0x37, 0xcb, 0xc4, 0x42, 0xe2,
	0xa6, 0x3c, 0xd9, 0x68, 0xe8, 0x38, 0x03, 0x87, 0x4f, 0xb7, 0x4e, 0x36, 0x11, 0x6d, 0x19, 0x52,
	0xb6, 0xa8, 0x4c, 0xb1, 0x12, 0xa3, 0x7e, 0xdb, 0xa2, 0xee, 0x87, 0x28, 0x56, 0xa9, 0xaf, 0x83,
	0xcf, 0xf4, 0x6e, 0x46, 0xa3, 0x04, 0xf8, 0x01, 0x81, 0x54, 0x1e, 0x9e, 0xf7, 0xac, 0x74, 0x34,
	0xab, 0xa1, 0x67, 0xc3, 0x5d, 0x77, 0x32, 0xda, 0x1c, 0x5b, 0x73, 0x48, 0xe1, 0x53, 0xdd, 0x71,
	0x8d, 0x30, 0x6f, 0x47, 0xe0, 0x94, 0x3d, 0xe1, 0x17, 0xd9, 0x34, 0x28, 0xd3, 0xdb, 0x21, 0x53,
	0x9e, 0x28, 0xab, 0xe1, 0xd1, 0x6f, 0x2e, 0xd8, 0x9b, 0x9b, 0x53, 0x38, 0x4c, 0x17, 0x03, 0x82,
	0x56, 0xa0, 0xe4, 0x16, 0x3a, 0xe0, 0x67, 0x3c, 0x2f, 0x17, 0x02, 0x92, 0x00, 0xc3, 0x94, 0x95,
	0x4e, 0x39, 0x74, 0xd5, 0xa2, 0xc5, 0xa5, 0x98, 0x45, 0xbc, 0xd1, 0xf4, 0x2c, 0xdc, 0xb5, 0x7e,
	0x50, 0x37, 0xcc, 0x56, 0x61, 0xe5, 0xd5, 0xf0, 0x0d, 0x92, 0x40, 0x2f, 0xcf, 0xe1, 0xf6, 0xf3,
	0x90, 0x45, 0x86, 0xcf, 0x20, 0xf4, 0x6c, 0xb9, 0x63, 0x08, 0xfa, 0x0a, 0x75, 0x10, 0x4f, 0xad,
	0xac, 0x01, 0x77, 0x4b, 0x65, 0x4d, 0xf3, 0xa1, 0x55, 0x69, 0x7c, 0xc4, 0x1f, 0xf2, 0x6d, 0x39,
	0x35, 0x66, 0x86, 0x52, 0x21, 0x13, 0xfc, 0x81, 0x52, 0xb4, 0xad, 0x66, 0x86, 0x65, 0x99, 0xa7,
	0xc4, 0xb8, 0x91, 0x44, 0x94, 0xa1, 0xb7, 0xa1, 0x44, 0x3e, 0x92, 0x54, 0x8b, 0xa5, 0x35, 0xe0,
	0xa3, 0x0e, 0xfa, 0x08, 0xc6, 0xf5, 0x70, 0xbd, 0x41, 0x44, 0x15, 0x1a, 0xbd, 0x15, 0xd9, 0x8c,
	0x37, 0x3b, 0x94, 0xd5, 0x22, 0x05, 0xc5, 0x68, 0xc9, 0xf0, 0xef, 0x07, 0x84, 0x26, 0x48, 0xad,
	0x66, 0x49, 0x1c, 0x1b, 0xbd, 0xa1, 0xb1, 0x8c, 0x45, 0x6e, 0xf9, 0x85, 0x89, 0x85, 0x35, 0x65,
	0x19, 0xb8, 0xc4, 0x70, 0x9c, 0x0a, 0x78, 0x47, 0x86, 0x65, 0x86, 0x62, 0x63, 0xe2, 0x54, 0xb0,
	0xff, 0xc1, 0xd8, 0xfb, 0xf2, 0x63, 0x26, 0xde, 0x5e, 0xda, 0xb3, 0xe8, 0x28, 0xeb, 0x69, 0x3f,
	0x73, 0xe7, 0xc6, 0x72, 0xaa, 0xdb, 0x1d, 0xd7, 0x36, 0x49, 0x1c, 0x19, 0xbe, 0xca, 0xe5, 0xec,
	0xcf, 0x13, 0xa0, 0x5f, 0xba, 0x4e, 0xde, 0xf0, 0x8d, 0x80, 0xff, 0x1f, 0x7f, 0x5e, 0x07, 0xcc,
	0x2c, 0x0a, 0x7b, 0xc9, 0xa6, 0x04, 0x2c, 0xc9, 0x5e, 0x4a, 0x7c, 0xc9, 0xd6, 0x34, 0x4d, 0x29,
	0x2f, 0x52, 0x24, 0xa3, 0xe9, 0x3f, 0xd6, 0x74, 0xcb, 0xf0, 0x8f, 0x57, 0xe1, 0xa5, 0x35, 0xe0,
	0x97, 0x8e, 0xba, 0xe8, 0x46, 0xa7, 0x07, 0xcf, 0x9f, 0x8b, 0x3b, 0xa9, 0x96, 0x1c, 0xdf, 0x0b,
	0x7a, 0x22, 0x0e, 0xfd, 0xbc, 0xa6, 0xaa, 0x8e, 0xb8, 0x3d, 0xd4, 0x65, 0xc4, 0xcd, 0xb8, 0xa7,
	0x2e, 0xb4, 0xa6, 0xa4, 0x9c, 0x3c, 0x71, 0x2b, 0x6a, 0x1b, 0x5a, 0x63, 0xe5, 0xcf, 0x1e, 0x50,
	0x6d, 0x2e, 0x06, 0x11, 0x3f, 0x63, 0xa4, 0x9d, 0xbf, 0x47, 0xed, 0xe4, 0x34, 0xb5, 0x65, 0x5f,
	0xe0, 0xbb, 0x37, 0xd0, 0x6b, 0x88, 0x3b, 0xe9, 0x13, 0x87, 0x65, 0x3f, 0x55, 0x98, 0x42, 0xe2,
	0x6f, 0x03, 0x75, 0x48, 0x66, 0x45, 0x58, 0x31, 0x61, 0xe0, 0x68, 0xc3, 0x09, 0x27, 0x47, 0xaa,
	0xb4, 0x02, 0x77, 0x4b, 0x65, 0xc5, 0x18, 0xd1, 0x92, 0xd6, 0x5d, 0x09, 0xc6, 0xf5, 0x70, 0x3d,
	0xf4, 0x25, 0x05, 0x12, 0xbd, 0x23, 0x44, 0x2d, 0x67, 0x93, 0x44, 0xb3, 0xa0, 0xbb, 0x90, 0x0b,
	0xfa, 0x6a, 0xa8, 0xdd, 0x6f, 0x0c, 0xf9, 0x48, 0xd9, 0xda, 0xe0, 0x01, 0x9f, 0x69, 0xaa, 0x9e,
	0x3c, 0xbf, 0xd1, 0x74, 0xec, 0x22, 0xb9, 0x96, 0xfc, 0x79, 0xd3, 0xf5, 0x64, 0xa9, 0x8b, 0x8e,
	0x38, 0x0b, 0x34, 0x35, 0x8c, 0xd8, 0xc2, 0x22, 0x9b, 0xc2, 0xd7, 0x4c, 0x60, 0x43, 0x9d, 0xa1,
	0xd5, 0x3a, 0x10, 0x14, 0x3d, 0x60, 0x27, 0x5c, 0x5f, 0x16, 0xa5, 0x40, 0x4a, 0xbf, 0xfe, 0x22,
	0xfa, 0x9c, 0x42, 0xac, 0x10, 0x10, 0x92, 0x1b, 0x02, 0x15, 0x22, 0x1c, 0xb8, 0xee, 0x27, 0x4c,
	0xd7, 0x4b, 0xf5, 0x71, 0x82, 0xd0, 0x16, 0x57, 0x5d, 0xe9, 0xec, 0x01, 0x2a, 0x2f, 0xb4, 0xfe,
	0x10, 0xa7, 0xde, 0x7e, 0xf3, 0xc6, 0x1a, 0xd6, 0x9c, 0x39, 0x8f, 0xd9, 0x12, 0xb0, 0x8f, 0x08,
	0x59, 0x0e, 0x60, 0xbd, 0x85, 0x85, 0xb5, 0x2a, 0x0a, 0x83, 0xeb, 0x83, 0x49, 0x69, 0x96, 0x96,
	0x1c, 0xda, 0xb0, 0xe5, 0x94, 0xc8, 0xa5, 0x9f, 0x20, 0xda, 0xad, 0x64, 0xf4, 0x8c, 0x35, 0xd7,
	0x6c, 0xdc, 0xb2, 0xe9, 0x31, 0x6d, 0xa9, 0x1f, 0x00, 0x6f, 0xa6, 0xdc, 0xbd, 0xcc, 0x19, 0xf8,
	0x91, 0xa6, 0xca, 0xee, 0x14, 0x10, 0xff, 0x4f, 0x28, 0xbe, 0x41, 0x31, 0x55, 0x9b, 0x40, 0x63,
	0xe6, 0x82, 0xac, 0x50, 0x22, 0x93, 0x9d, 0x11, 0xa3, 0x98, 0xc4, 0x6d, 0xf0, 0x9b, 0x79, 0x37,
	0x6c, 0x91, 0x43, 0x33, 0xdf, 0x9a, 0xc0, 0xa3, 0x46, 0x8c, 0xb5, 0xe4, 0x44, 0x2d, 0xc9, 0x6f,
	0xf8, 0x26, 0x15, 0x17, 0x38, 0x60, 0xa7, 0x1c, 0xff, 0x71, 0x23, 0x8c, 0x40, 0x02, 0x55, 0xb5,
	0xa2, 0xc1, 0xd8, 0x7b, 0xed, 0x18, 0x3a, 0x56, 0x5c, 0x19, 0x7f, 0x51, 0xcc, 0x12, 0x7c, 0xc1,
	0xe5, 0x91, 0x50, 0xba, 0x8a, 0xb9, 0x93, 0x0a, 0x7a, 0x6b, 0x01, 0x9d, 0xf8, 0x40, 0xee, 0x74,
	0xbb, 0xc1, 0xd2, 0x77, 0x6e, 0x88, 0xbb, 0xa6, 0x44, 0xf5, 0x8e, 0xb4, 0x0c, 0xa1, 0xef, 0x1a,
	0x02, 0xee, 0x66, 0x3c, 0x26, 0xd8, 0x22, 0x52, 0xde, 0xd8, 0x5f, 0xc1, 0x4b, 0x85, 0xb5, 0x2a,
	0x19, 0xb7, 0xbd, 0xf3, 0x2d, 0xeb, 0x68, 0xbf, 0xa0, 0x43, 0x1b, 0x9a, 0xf7, 0x41, 0x57, 0xb4,
	0xdb, 0x94, 0x4e, 0x3b, 0x54, 0x99, 0xc3, 0xa2, 0xc6, 0xcc, 0x55, 0x34, 0x50, 0x62, 0x24, 0x72,
	0x4e, 0x5e, 0x2e, 0xb7, 0x5b, 0x8d, 0x09, 0xca, 0x3a, 0x4a, 0x9b, 0x59, 0x0d, 0xe4, 0xd5, 0x70,
	0xd1, 0x70, 0x30, 0x27, 0xd3, 0xae, 0x83, 0x33, 0x2e, 0x60, 0x87, 0x53, 0x5c, 0x53, 0xdc, 0xf1,
	0x0d, 0x62, 0xdf, 0xef, 0xbf, 0x66, 0x26, 0xdf, 0x23, 0xcf, 0x59, 0xb8, 0x8e, 0x5f, 0x0f, 0xaa,
	0x2a, 0xf2, 0x74, 0xcb, 0xf0, 0x07, 0xfa, 0xc9, 0x99, 0x24, 0xd9, 0xe9, 0xf6, 0xad, 0x28, 0xdf,
	0x67, 0xcf, 0x59, 0xb8, 0x8e, 0xe6, 0x32, 0x4a, 0xaa, 0x7f, 0xe1, 0x01, 0x3a, 0xe7, 0x6a, 0xbe,
	0xe2, 0x12, 0x8f, 0xda, 0x39, 0x71, 0xaf, 0x18, 0x01, 0x2e, 0x9b, 0x4c, 0xd0, 0x8e, 0xc2, 0x21,
	0xfe, 0x9c, 0x42, 0xac, 0xa0, 0xfc, 0x6e, 0xbb, 0x34, 0xc6, 0xd5, 0xfa, 0xad, 0x78, 0xa9, 0x8e,
	0xb8, 0x40, 0x6f, 0xa5, 0x14, 0x2c, 0xc4, 0x6b, 0x6c, 0xac, 0x4a, 0x97, 0xfb, 0xc0, 0x97, 0x14,
	0xfb, 0xd3, 0xc0, 0x8d, 0x30, 0xef, 0x5e, 0xb5, 0xa4, 0x81, 0xb8, 0xeb, 0x06, 0xd8, 0x33, 0x5f,
	0xea, 0x2f, 0x89, 0x50, 0x10, 0x5e, 0x16, 0xd1, 0x29, 0x48, 0x9c, 0xd9, 0x9e, 0xe1, 0x6a, 0x38,
	0x47, 0x78, 0x34, 0x22, 0xe9, 0xd2, 0xac, 0x9c, 0xc7, 0xff, 0x71, 0x44, 0x64, 0x44, 0x58, 0xb1,
	0x07, 0xde, 0xe1, 0xcb, 0xd5, 0xc0, 0xa7, 0x19, 0x0d, 0x1e, 0x81, 0xcc, 0x4f, 0x7f, 0x06, 0x49,
	0x6d, 0xea, 0x6b, 0xc1, 0x0a, 0xa7, 0x07, 0x4a, 0xb1, 0x34, 0x0e, 0xb1, 0x12, 0xab, 0x85, 0x0b,
	0xcb, 0xc4, 0x56, 0x0d, 0x70, 0x8f, 0x0e, 0x4d, 0xf6, 0x2b, 0x0b, 0x11, 0x71, 0x8e, 0x0e, 0x4d,
	0x6b, 0xeb, 0x6b, 0x41, 0xca, 0x87, 0x37, 0x62, 0xb5, 0xb2, 0xcf, 0xd0, 0x52, 0x7e, 0x86, 0x89,
	0xd3, 0xfa, 0x73, 0x45, 0x64, 0xc4, 0x18, 0xd1, 0xe2, 0x56, 0x1d, 0xa9, 0xe6, 0xc8, 0xab, 0x9b,
	0x56, 0xbe, 0x51, 0xb4, 0xdb, 0x4d, 0xe9, 0x7a, 0xc5, 0xf6, 0xed, 0x06, 0x75, 0x91, 0x0f, 0x4d,
	0xed, 0xab, 0xcb, 0x71, 0x72, 0xdb, 0x9d, 0x97, 0x80, 0xa7, 0xc5, 0xd5, 0xcc, 0xc5, 0xa5, 0x98,
	0xd3, 0xfe, 0x71, 0x44, 0xa0, 0x21, 0x77, 0xc1, 0x13, 0x84, 0x36, 0x2a, 0x55, 0x4d, 0xd4, 0x73,
	0x1c, 0x2e, 0x09, 0x37, 0x9b, 0xad, 0x39, 0xe2, 0xb2, 0x8c, 0xba, 0xe8, 0x72, 0x98, 0x13, 0xcf,
	0x77, 0x4b, 0x1b, 0x99, 0xfe, 0x11, 0x02, 0x04, 0xe7, 0x4b, 0x9b, 0x6e, 0x6f, 0xda, 0x1d, 0xd7,
	0xc6, 0x57, 0x9d, 0x69, 0x46, 0x78, 0xa3, 0x97, 0x24, 0xb9, 0xd4, 0xf5, 0x7b, 0x1d, 0xd1, 0x6e,
	0x3c, 0x33, 0x0f, 0x97, 0x7b, 0xd0, 0x22, 0xd4, 0x4c, 0x97, 0xbd, 0x59, 0x5e, 0x41, 0xda, 0xf0,
	0x70, 0x0e, 0x79, 0xff, 0xf7, 0xdb, 0x30, 0x5e, 0xf4, 0x2f, 0x89, 0xd0, 0x51, 0x7e, 0x06, 0xc9,
	0x41, 0x4a, 0x9b, 0x59, 0x5e, 0x41, 0x5a, 0xb0, 0x98, 0x5e, 0xa1, 0xeb, 0x35, 0x3d, 0xcc, 0x6f,
	0xbb, 0x6d, 0xaa, 0x67, 0x43, 0x79, 0x23, 0x57, 0x68, 0xe9, 0x6c, 0xc1, 0x0a, 0x15, 0x90, 0x1a,
	0x42, 0x5e, 0x82, 0x4c, 0xe2, 0x12, 0xfc, 0x81, 0xd5, 0xc5, 0x8d, 0x46, 0xe3, 0x04, 0xf8, 0x01,
	0x90, 0x55, 0x1e, 0x9e, 0x77, 0x6c, 0x54, 0xc4, 0x73, 0xc5, 0x35, 0xaa, 0x12, 0xbd, 0x11, 0x4b,
	0x5a, 0x1b, 0xcc, 0x81, 0xea, 0x17, 0xff, 0x86, 0x53, 0xb4, 0x4e, 0xb6, 0xdb, 0x4d, 0x69, 0x3a,
	0x59, 0x66, 0xa5, 0x62, 0xd9, 0xbd, 0x7c, 0x30, 0x2d, 0xe0, 0xc7, 0xf3, 0x4e, 0xeb, 0xe8, 0xff,
	0x10, 0x66, 0x5e, 0x2e, 0x4f, 0x0a, 0xc8, 0x83, 0x56, 0x37, 0x05, 0x16, 0xab, 0xdf, 0x69, 0x3c,
	0xf4, 0xa7, 0xc5, 0x72, 0x71, 0xdb, 0x1d, 0xd7, 0x87, 0x09, 0xfc, 0x89, 0x06, 0x8d, 0x19, 0xb5,
	0x2b, 0x08, 0x1c, 0xfb, 0x79, 0x1c, 0xd1, 0xee, 0xf8, 0x93, 0x3f, 0x2f, 0x4f, 0x70, 0xe2, 0x03,
	0xd6, 0x94, 0xdd, 0x7e, 0x72, 0x46, 0xda, 0xf6, 0x0c, 0x62, 0xdf, 0x6f, 0xef, 0x5a, 0x70, 0x37,
	0x5c, 0x25, 0x0a, 0x13, 0xb1, 0x23, 0x44, 0xad, 0x58, 0x56, 0x6d, 0x4b, 0x81, 0x95, 0x3d, 0xe1,
	0x35, 0x7c, 0xb8, 0xe8, 0xab, 0x2d, 0x49, 0xaf, 0xa8, 0x13, 0x15, 0x8b, 0x85, 0xb3, 0x97, 0xa5,
	0xd6, 0xfd, 0x12, 0x84, 0xf4, 0x80, 0xbb, 0xa5, 0x3f, 0xbd, 0x52, 0x34, 0xcc, 0x10, 0x5f, 0xd2,
	0x1e, 0x72, 0xd7, 0x19, 0x1b, 0x21, 0x67, 0xac, 0xa7, 0xbf, 0x89, 0xab, 0x15, 0x24, 0xed, 0x9b,
	0x42, 0x8d, 0xcd, 0x14, 0x6b, 0x95, 0x8d, 0x8c, 0x47, 0x3b, 0x93, 0x55, 0x4c, 0x54, 0xe1, 0x70,
	0x47, 0xb0, 0x50, 0x37, 0x9b, 0x2d, 0x79, 0xc2, 0xa0, 0x84, 0x36, 0xaa, 0x15, 0x2d, 0xc4, 0xeb,
	0xaf, 0x8f, 0x3a, 0x9f, 0x77, 0x6c, 0xd4, 0x04, 0x93, 0x56, 0xf7, 0x1e, 0x67, 0x93, 0x0c, 0xcc,
	0xa7, 0x8b, 0x3b, 0x29, 0x96, 0x5d, 0x00, 0x03, 0x20, 0x54, 0x9e, 0x5e, 0x57, 0xc1, 0x5f, 0xc0,
	0x25, 0x80, 0xbc, 0xea, 0x32, 0xed, 0x69, 0x3f, 0x70, 0x76, 0xc7, 0x02, 0xa9, 0x77, 0x2f, 0xde,
	0x65, 0x0f, 0xf9, 0x88, 0x06, 0x0a, 0x59, 0xd5, 0x6b, 0x5c, 0x72, 0xc9, 0xa1, 0xb5, 0x8d, 0x89,
	0x0a, 0x2f, 0x99, 0x55, 0xe5, 0xd0, 0x9f, 0x90, 0x3d, 0x88, 0xb7, 0x65, 0xb2, 0x31, 0xce, 0xe7,
	0xf3, 0x98, 0x54, 0x38, 0xd2, 0xd9, 0xa3, 0x12, 0xcc, 0x0d, 0x2a, 0x9d, 0xdc, 0xbe, 0x16, 0x54,
	0x2e, 0xbc, 0xc2, 0xf1, 0x8a, 0xab, 0x88, 0x0f, 0xcc, 0x0e, 0x29, 0x9d, 0xd8, 0x3e, 0x56, 0xb4,
	0xab, 0xaf, 0x96, 0x4b, 0xa5, 0xd5, 0xbc, 0xa1, 0x6d, 0x7d, 0x32, 0x24, 0xd4, 0x0c, 0xc0, 0x93,
	0x78, 0x6d, 0xfa, 0x85, 0x08, 0x45, 0x55, 0x35, 0xaa, 0x74, 0x5e, 0x43, 0x46, 0xd6, 0xa2, 0x12,
	0xc0, 0x0d, 0x2a, 0x9d, 0x1f, 0x7e, 0xb6, 0xa4, 0xc0, 0x79, 0xd1, 0xf4, 0x76, 0xf8, 0xee, 0xfe,
	0x08, 0x17, 0x7d, 0x4e, 0xdf, 0x82, 0xb9, 0xa1, 0x57, 0xbc, 0x52, 0xb4, 0x58, 0x8d, 0x89, 0x8a,
	0x19, 0x3a, 0x93, 0xd5, 0x5c, 0x20, 0x4a, 0xa8, 0x2b, 0x42, 0x17, 0x9b, 0x7d, 0x51, 0xe2, 0xf4,
	0x1f, 0xd1, 0x60, 0xbf, 0xdb, 0x4b, 0x68, 0x3a, 0x90, 0x66, 0x25, 0xa2, 0xaa, 0xb2, 0xbc, 0xa4,
	0x39, 0x3d, 0x12, 0x94, 0xae, 0x35, 0xfd, 0x84, 0xb1, 0x75, 0xae, 0x66, 0x46, 0xf9, 0xe3, 0xf7,
	0xf3, 0x91, 0xc0, 0x6f, 0x6f, 0x60, 0xda, 0x07, 0x54, 0x55, 0xfd, 0x0e, 0xc9, 0xe3, 0x64, 0x3d,
	0xef, 0x57, 0xe6, 0xf2, 0x73, 0x16, 0xd2, 0xef, 0x24, 0x12, 0xff, 0x0f, 0x86, 0x8f, 0x0e, 0x4d,
	0x54, 0xaa, 0x4b, 0x31, 0x8c, 0x26, 0xfa, 0x83, 0x6d, 0x34, 0x0e, 0x96, 0xf8, 0x44, 0x76, 0xc4,
	0x6d, 0x35, 0x91, 0x5a, 0x57, 0x11, 0x7f, 0x40, 0xf5, 0x54, 0x21, 0x22, 0xea, 0x1f, 0x46, 0xac,
	0x67, 0xf3, 0x74, 0x4b, 0xfd, 0x55, 0xdd, 0x71, 0xcd, 0xc0, 0xdb, 0xf7, 0xcc, 0x28, 0xcb, 0xee,
	0x38, 0x46, 0x05, 0x8f, 0x61, 0x82, 0x34, 0x65, 0x34, 0xb8, 0xc4, 0x70, 0xd4, 0xcb, 0x18, 0x57,
	0xdc, 0x87, 0x2a, 0x11, 0x82, 0xe3, 0x45, 0xad, 0xd2, 0x43, 0x97, 0xdb, 0x1d, 0x1f, 0x0e, 0x58,
	0xe1, 0x5e, 0x1e, 0xa0, 0x01, 0xff, 0xf6, 0x84, 0x83, 0xe0, 0x38, 0x26, 0x71, 0x1c, 0x81, 0x43,
	0x25, 0x31, 0x80, 0x52, 0xda, 0x53, 0xdc, 0x71, 0x4d, 0x00, 0xfb, 0x87, 0xf3, 0x39, 0xd2, 0x65,
	0xe3, 0x5d, 0x1d, 0x20, 0x44, 0x1a, 0x01, 0xcc, 0x67, 0xde, 0xb1, 0xe9, 0x13, 0xed, 0x69, 0x3f,
	0x1f, 0xb2, 0x3f, 0x32, 0x73, 0x9b, 0x40, 0x63, 0xe6, 0x82, 0xac, 0xd0, 0x62, 0xf3, 0xcd, 0x69,
	0xb4, 0x32, 0x8f, 0x57, 0x5b, 0xbe, 0x5e, 0xc0, 0xb5, 0xb4, 0x51, 0xba, 0xf8, 0x39, 0x53, 0xaa,
	0xda, 0x97, 0xcd, 0xfb, 0x07, 0xe9, 0xeb, 0xfe, 0xbf, 0x02, 0x27, 0x1e, 0xc1, 0x1e, 0xc6, 0x6c,
	0x47, 0x83, 0xbc, 0x67, 0x19, 0x31, 0xce, 0x67, 0x64, 0x9d, 0xbd, 0xf0, 0xde, 0x8e, 0x3f, 0x6f,
	0xf8, 0xa6, 0xd5, 0xf7, 0x8b, 0xa8, 0x8b, 0x0e, 0xc7, 0x0e, 0xa9, 0xdd, 0x3e, 0x6e, 0xae, 0x98,
	0xc1, 0x10, 0x53, 0xa4, 0xd4, 0xbc, 0xb0, 0x1b, 0x5f, 0x1e, 0x81, 0x4c, 0x60, 0x44, 0x9d, 0xa1,
	0x45, 0x8c, 0xb5, 0x64, 0x8f, 0xcc, 0x99, 0x97, 0x8c, 0xec, 0x3a, 0xa5, 0x32, 0xfc, 0x71, 0x3b,
	0xa1, 0x73, 0x5f, 0x42, 0x4c, 0x17, 0x02, 0x02, 0x96, 0x24, 0x09, 0x8e, 0x9b, 0x77, 0x33, 0x75,
	0x4b, 0x01, 0x7b, 0x47, 0x3d, 0x29, 0x4a, 0x21, 0x55, 0x49, 0x8c, 0x4c, 0x7f, 0x92, 0xbc, 0x21,
	0xd6, 0x09, 0xac, 0x5c, 0xfe, 0xce, 0x1e, 0xd0, 0x1d, 0xe6, 0x7a, 0xd9, 0x5e, 0xf1, 0x4e, 0x28,
	0x0c, 0x62, 0xa7, 0xe3, 0x19, 0x21, 0x8f, 0x18, 0x01, 0x6e, 0x26, 0x1c, 0xe9, 0x9e, 0x86, 0x8c,
	0x87, 0x6e, 0xf9, 0x05, 0x22, 0x64, 0x25, 0x5d, 0xb0, 0x7a, 0x63, 0x40, 0xd2, 0xd7, 0x22, 0x52,
	0x5e, 0x98, 0xbf, 0x71, 0xb8, 0xee, 0xef, 0xd7, 0x9c, 0x39, 0x8f, 0xd9, 0x56, 0x4c, 0x58, 0x18,
	0x01, 0xee, 0x66, 0x3c, 0x80, 0x16, 0x02, 0x82, 0x4a, 0x34, 0x8e, 0x56, 0xdb, 0xc0, 0x26, 0xd0,
	0x1d, 0xb8, 0xc2, 0xf9, 0x2e, 0x31, 0xe7, 0x9e, 0x50, 0x8f, 0xaf, 0xe4, 0x29, 0x6c, 0x29, 0xdf,
	0x20, 0x26, 0x96, 0xb8, 0x8e, 0x69, 0x0f, 0x2a, 0x0a, 0x62, 0x07, 0x23, 0x39, 0xb6, 0xab, 0xfc,
	0x8f, 0xaf, 0x61, 0x5e, 0xfa, 0x0e, 0xde, 0x80, 0x55, 0x1e, 0x11, 0xf6, 0xce, 0x68, 0x0b, 0x5e,
	0x60, 0x15, 0xa6, 0x40, 0xa7, 0x97, 0xa2, 0xa2, 0xc6, 0xc7, 0xad, 0x04, 0x55, 0xa4, 0xa5, 0x8d,
	0xc5, 0x86, 0x37, 0x25, 0x54, 0xc0, 0xef, 0xa3, 0x3a, 0x3c, 0x12, 0x94, 0xfc, 0xd0, 0xb3, 0x14,
	0xfb, 0x29, 0x9a, 0x4d, 0xe0, 0xc2, 0x25, 0x51, 0x5d, 0x10, 0x28, 0x81, 0xea, 0xe5, 0xba, 0x16,
	0x5e, 0x59, 0x04, 0x1d, 0xb8, 0x65, 0xe7, 0x6c, 0x37, 0x83, 0x31, 0xa7, 0xa5, 0x3c, 0x51, 0x2b,
	0x6a, 0x0b, 0x2c, 0x83, 0x69, 0x57, 0x76, 0xe6, 0xbc, 0x4d, 0x7a, 0x58, 0xde, 0x88, 0x22, 0xb0,
	0x2d, 0xf8, 0x1c, 0x7b, 0xcd, 0x09, 0x5b, 0xc6, 0x34, 0x2f, 0x19, 0x7a, 0x94, 0x09, 0xdb, 0x06,
	0x14, 0xef, 0xc1, 0x0e, 0xe2, 0x62, 0x84, 0x1d, 0xff, 0x64, 0xfe, 0x6c, 0x99, 0x8a, 0x98, 0xa7,
	0x75, 0x7d, 0x52, 0xa4, 0x89, 0xe1, 0x65, 0xbb, 0xac, 0xfb, 0x71, 0x4a, 0xe5, 0x79, 0xd2, 0x11,
	0xfd, 0x64, 0xae, 0x0d, 0x3c, 0xe2, 0xe4, 0x7d, 0xcf, 0x99, 0x8f, 0xc6, 0x63, 0xf4, 0x4c, 0x29,
	0xe4, 0x23, 0x87, 0xd3, 0xa1, 0x63, 0xa9, 0x99, 0x76, 0xbf, 0xd1, 0xf4, 0x30, 0x68, 0x2b, 0x5e,
	0xe0, 0x81, 0x2b, 0x10, 0x02, 0x23, 0x65, 0xbd, 0x3c, 0x07, 0xf5, 0x8a, 0x05, 0x95, 0xc0, 0x25,
	0x1b, 0x5c, 0x22, 0x1c, 0x44, 0xde, 0x66, 0x3c, 0x25, 0x26, 0x07, 0x92, 0xf4, 0x0a, 0xf6, 0x85,
	0xc3, 0xc5, 0xd4, 0x76, 0x6a, 0x08, 0xfb, 0x86, 0x40, 0x74, 0xb0, 0xe6, 0x03, 0x6c, 0x89, 0x1f,
	0x80, 0xff, 0x1e, 0xfc, 0x5a, 0xa6, 0x2a, 0x4e, 0xe6, 0x6a, 0x29, 0xa1, 0x7a, 0x57, 0x28, 0x44,
	0xe7, 0x25, 0x86, 0x52, 0xe1, 0xa4, 0xbe, 0x11, 0x0d, 0x68, 0x1e, 0x9d, 0xfc, 0x3e, 0x56, 0x34,
	0x6b, 0x19, 0x2c, 0x03, 0xa9, 0xee, 0x06, 0x2e, 0x68, 0x1a, 0x6b, 0x63, 0x59, 0x9f, 0x1c, 0x60,
	0xe5, 0x5d, 0xac, 0x50, 0xe2, 0x03, 0x79, 0x41, 0xf4, 0xa4, 0x46, 0x32, 0xcd, 0x5b, 0xe0, 0xf3,
	0x92, 0xd0, 0xe0, 0x7f, 0xe7, 0x59, 0xf8, 0x76, 0x4c, 0xdf, 0x6e, 0xd7, 0x5b, 0xf0, 0x4e, 0xa8,
	0xb8, 0xc2, 0x57, 0xbb, 0x8d, 0x67, 0x72, 0x2a, 0x6a, 0x12, 0x04, 0x93, 0xfd, 0xc3, 0x94, 0x15,
	0x7b, 0x89, 0x42, 0x3d, 0xc8, 0xff, 0x5e, 0xd2, 0x9e, 0x31, 0xf8, 0xe9, 0xb6, 0x3f, 0xab, 0x0f,
	0x38, 0xdb, 0x44, 0xad, 0x38, 0x3a, 0xd0, 0x6b, 0x4a, 0x80, 0x70, 0x57, 0xdb, 0x00, 0xfa, 0x00,
	0x14, 0x94, 0x3e, 0x2e, 0xcb, 0x5a, 0x60, 0x33, 0x58, 0xa1, 0xc6, 0xf3, 0x84, 0x2a, 0x4a, 0xaf,
	0x98, 0xe3, 0xd9, 0xfb, 0x3d, 0x69, 0xab, 0x9e, 0x54, 0xf5, 0x73, 0xc4, 0x0f, 0x22, 0xcf, 0x69,
	0x89, 0x72, 0x4f, 0x27, 0xbb, 0x9c, 0x21, 0x63, 0x32, 0x2e, 0x8c, 0x50, 0x95, 0x1d, 0x7e, 0x41,
	0x75, 0x23, 0xc6, 0x82, 0x37, 0x47, 0x7a, 0x36, 0xd6, 0x61, 0x08, 0x23, 0x39, 0x3f, 0xea, 0x9c,
	0x77, 0x3f, 0x71, 0xd4, 0x87, 0x6e, 0x2d, 0xd8, 0x21, 0x28, 0x3a, 0x38, 0xac, 0x99, 0xa3, 0xa2,
	0xc6, 0xc4, 0x80, 0x24, 0xd2, 0x9d, 0x43, 0x63, 0x9f, 0x6d, 0xac, 0xe0, 0x26, 0xef, 0x6e, 0xb8,
	0x31, 0x68, 0xb7, 0xfa, 0x6d, 0x69, 0x8a, 0x0e, 0x73, 0x9b, 0x43, 0xad, 0x90, 0xea, 0xb1, 0x0b,
	0xfa, 0x9d, 0x5b, 0xad, 0x10, 0xfa, 0xc8, 0x7b, 0xd2, 0x06, 0x19, 0x06, 0xc3, 0x10, 0xc9, 0x8d,
	0x09, 0x70, 0xd3, 0x75, 0xec, 0xfc, 0xd5, 0x16, 0x82, 0xd9, 0xe4, 0x7d, 0xe8, 0x96, 0xbf, 0x26,
	0xce, 0x1d, 0x82, 0x4c, 0x60, 0x1e, 0x80, 0xe1, 0xf5, 0x87, 0x5a, 0x38, 0xce, 0x6d, 0x1d, 0x32,
	0x5f, 0xe0, 0xe8, 0x03, 0x29, 0xb7, 0x8f, 0x8e, 0x0c, 0xfb, 0xf3, 0x05, 0xa4, 0x10, 0x88, 0x8d,
	0x76, 0x64, 0x26, 0xa5, 0x94, 0xb7, 0x39, 0xcb, 0x1a, 0xe4, 0x79, 0x59, 0x1e, 0x91, 0x1e, 0x50,
	0x1d, 0xa8, 0xcc, 0x71, 0x72, 0x5b, 0x19, 0xe7, 0xea, 0xe0, 0x5c, 0xb8, 0x0e, 0x31, 0xbd, 0xfa,
	0x3c, 0xb3, 0xbf, 0xee, 0xbf, 0xed, 0x66, 0xbf, 0xb1, 0x87, 0xb5, 0x6a, 0xf5, 0x85, 0xc7, 0x17,
	0xfc, 0x79, 0xe3, 0xfd, 0xc6, 0x9b, 0x28, 0xde, 0xb0, 0x47, 0x97, 0x58, 0xdb, 0x51, 0x5f, 0xb0,
	0xad, 0x48, 0xca, 0x8b, 0x05, 0x55, 0xf4, 0x85, 0x39, 0x40, 0xf0, 0x06, 0xb3, 0xe2, 0xeb, 0xfd,
	0x92, 0xd7, 0x5d, 0x3e, 0xc7, 0x8e, 0xcc, 0x12, 0x7e, 0xe8, 0x43, 0xad, 0x10, 0x10, 0x92, 0x1b,
	0x42, 0xde, 0xc2, 0xec, 0x12, 0xeb, 0xe8, 0x7f, 0xd0, 0x47, 0xce, 0x66, 0x73, 0x87, 0x11, 0xe7,
	0x6a, 0xa0, 0x3c, 0xa8, 0xa6, 0xde, 0xef, 0x7b, 0xcf, 0xf6, 0x6d, 0xc6, 0xa3, 0x7c, 0xe3, 0x09,
	0xf9, 0x2a, 0xa4, 0x5d, 0x58, 0x7c, 0xdc, 0x00, 0x55, 0x54, 0x7d, 0xce, 0x0e, 0xf3, 0xec, 0x79,
	0xd1, 0x46, 0x4e, 0xa6, 0x93, 0x4e, 0xb3, 0x8b, 0x3a, 0xd0, 0xb4, 0xe5, 0x34, 0xbd, 0x48, 0xbf,
	0x30, 0xa6, 0x59, 0xda, 0x4a, 0xb0, 0x8d, 0x88, 0x49, 0xf7, 0xed, 0x05, 0x40, 0x64, 0x25, 0xdd,
	0x63, 0x7f, 0x3b, 0xa8, 0x11, 0xa5, 0x13, 0x4b, 0x5a, 0xa2, 0xd7, 0x21, 0x2a, 0x23, 0x48, 0xac,
	0xb0, 0x83, 0x37, 0x2b, 0xd5, 0x84, 0x9d, 0xf3, 0x8e, 0x29, 0xa3, 0xbf, 0x17, 0xb8, 0x8c, 0x0a,
	0x7e, 0xda, 0x63, 0x3d, 0x0c, 0x46, 0x60, 0x32, 0x69, 0x98, 0xc6, 0xf3, 0x31, 0x23, 0x74, 0x5f,
	0xe0, 0xaf, 0x49, 0x30, 0x62, 0x55, 0xde, 0xf3, 0x08, 0x10, 0x00, 0x8f, 0xff, 0x9b, 0x98, 0xf5,
	0xc7, 0xe1, 0x5e, 0xbf, 0x07, 0x1f, 0x6f, 0x5a, 0xe5, 0x56, 0x2b, 0x20, 0xba, 0xe7, 0x5a, 0xcc,
	0x17, 0xe5, 0x79, 0x59, 0x9e, 0x51, 0xfe, 0x80, 0x9a, 0xb4, 0x4e, 0x36, 0x4b, 0x48, 0x22, 0x62,
	0x66, 0xc2, 0x8c, 0xe0, 0x9a, 0xd9, 0x2f, 0xd8, 0x21, 0x7f, 0xfa, 0x98, 0xee, 0x0b, 0xf9, 0x84,
	0x51, 0x35, 0x8e, 0x56, 0x5b, 0x49, 0x83, 0x60, 0xa1, 0xdc, 0x6c, 0x40, 0x4a, 0xbe, 0xbf, 0x82,
	0xd1, 0x4c, 0x90, 0xd6, 0x9b, 0x78, 0xa3, 0x68, 0x49, 0x82, 0xbc, 0x67, 0x84, 0x0c, 0xf9, 0x87,
	0xc8, 0x75, 0x2e, 0x26, 0x53, 0x8d, 0x23, 0xe3, 0xb6, 0xca, 0x78, 0x48, 0x5e, 0x95, 0x3d, 0xe1,
	0xb5, 0x9d, 0xd4, 0x78, 0xee, 0xc9, 0x1b, 0xd6, 0xd8, 0x49, 0x9a, 0x59, 0xe2, 0x99, 0xbd, 0xa0,
	0x3d, 0x8c, 0xb4, 0xe4, 0xb4, 0x3d, 0x6b, 0x2f, 0x68, 0x2b, 0xac, 0x43, 0x49, 0x2b, 0xfe, 0xa2,
	0x46, 0xfc, 0x92, 0xd4, 0x1c, 0x51, 0x33, 0x38, 0x6d, 0xe6, 0xe5, 0x02, 0x29, 0xb7, 0x8f, 0x0e,
	0xfb, 0x1b, 0x83, 0x4d, 0x60, 0x42, 0x59, 0x31, 0xb5, 0xa0, 0xc8, 0xf3, 0x2d, 0xeb, 0x68, 0x3f,
	0xf0, 0x09, 0xe7, 0xf2, 0x71, 0x6b, 0x09, 0x4f, 0x1e, 0x6b, 0xab, 0xe1, 0x9a, 0x61, 0x6f, 0x28,
	0x29, 0x62, 0x08, 0x13, 0x54, 0xe3, 0x64, 0x3d, 0x6f, 0x17, 0xc6, 0x82, 0xa9, 0x47, 0x7b, 0x46,
	0xd6, 0x25, 0x06, 0x12, 0xc1, 0xf2, 0xa5, 0x0d, 0x77, 0xdb, 0xbd, 0xfd, 0xa8, 0x1a, 0x45, 0xce,
	0x1b, 0xcb, 0xdb, 0x79, 0x6e, 0x59, 0xde, 0xf6, 0xac, 0x91, 0xc0, 0xef, 0xaf, 0xc0, 0xea, 0xef,
	0x48, 0x53, 0x80, 0xcf, 0x92, 0x72, 0x2c, 0xd9, 0x21, 0x7c, 0x7a, 0x58, 0xde, 0xbb, 0x7d, 0x30,
	0x2d, 0x60, 0x87, 0x53, 0xee, 0x13, 0x7c, 0xc1, 0x35, 0xf4, 0xb5, 0x7a, 0xad, 0xc9, 0xba, 0xa6,
	0xbf, 0x3d, 0x92, 0x54, 0x5c, 0x41, 0x1e, 0xe0, 0x5f, 0x59, 0x74, 0xc8, 0xdb, 0xb5, 0x8d, 0x89,
	0x39, 0xae, 0xce, 0x15, 0xc4, 0x20, 0x47, 0xac, 0xa7, 0xb3, 0x54, 0xbb, 0xd0, 0x39, 0xd3, 0xea,
	0x8a, 0x3c, 0xbd, 0x7f, 0x27, 0x86, 0x1b, 0x56, 0x28, 0xe9, 0xec, 0x81, 0xea, 0x99, 0x7b, 0xb6,
	0xec, 0x01, 0x17, 0x9b, 0x7a, 0x41, 0x57, 0x34, 0xeb, 0xd1, 0x27, 0x93, 0xc1, 0x43, 0x75, 0x45,
	0x9c, 0x65, 0xa6, 0x62, 0xd9, 0x7e, 0x7f, 0x30, 0x6d, 0x67, 0xf0, 0x23, 0x39, 0xe4, 0x5f, 0xbc,
	0x1f, 0x83, 0x3b, 0x2a, 0x4f, 0x9d, 0xc1, 0x23, 0x06, 0xe6, 0x3d, 0xcc, 0x20, 0xa2, 0x09, 0xc9,
	0x61, 0x4a, 0x9b, 0x59, 0xde, 0x99, 0x23, 0xb0, 0x2d, 0x89, 0xdc, 0x9b, 0x7d, 0xeb, 0x15, 0xe4,
	0xe3, 0x8d, 0x59, 0xb8, 0x1d, 0x78, 0xb3, 0x9a, 0xc2, 0x4e, 0xd2, 0x64, 0xb4, 0x4c, 0xf8, 0x07,
	0xbb, 0xd5, 0xde, 0x7e, 0xe7, 0x17, 0x3b, 0x56, 0x5c, 0xee, 0xb4, 0x01, 0x2a, 0xec, 0xe3, 0xfe,
	0x80, 0x15, 0x83, 0xce, 0x26, 0xf2, 0xec, 0xf9, 0xd6, 0x03, 0x27, 0x9e, 0x2f, 0xfe, 0xf6, 0x84,
	0x53, 0x05, 0x79, 0xc6, 0xb2, 0x34, 0xcd, 0xe9, 0x09, 0x5a, 0x83, 0x2f, 0xcf, 0x13, 0xdc, 0x13,
	0x02, 0x98, 0xc4, 0xed, 0xb0, 0xc0, 0x6a, 0x2f, 0xa8, 0xa3, 0xe8, 0x03, 0x75, 0xe7, 0xea, 0xfe,
	0x10, 0x65, 0xde, 0xee, 0xef, 0xaa, 0xa9, 0x1f, 0x2f, 0x5f, 0xa1, 0xdc, 0x18, 0x1e, 0x0f, 0xd8,
	0x61, 0x4e, 0xfa, 0x88, 0x49, 0xc5, 0x95, 0x95, 0x3b, 0x88, 0x73, 0x55, 0x5c, 0x13, 0xc7, 0x80,
	0x45, 0x70, 0xb4, 0x66, 0x72, 0x8c, 0xb9, 0xa7, 0x44, 0x3d, 0xf0, 0x94, 0x7c, 0xb4, 0x38, 0xc4,
	0x35, 0xc5, 0x56, 0x3a, 0x4d, 0xc9, 0x96, 0x12, 0x96, 0x58, 0xa4, 0xdd, 0x18, 0x36, 0xf2, 0x18,
	0x01, 0xf0, 0x63, 0x2c, 0x10, 0x1a, 0x61, 0xb3, 0xf9, 0xc0, 0xd8, 0x7b, 0xed, 0x99, 0x7a, 0xb6,
	0x6c, 0x41, 0x77, 0xcb, 0xce, 0xf5, 0x6d, 0x39, 0x71, 0x97, 0x06, 0x22, 0xb9, 0x4d, 0xa4, 0x8c,
	0x77, 0x3b, 0xf4, 0x85, 0xed, 0x04, 0x75, 0xc5, 0x33, 0x77, 0x75, 0xda, 0x1d, 0x72, 0x97, 0x18,
	0x81, 0x59, 0xfa, 0x9c, 0xe8, 0x82, 0xb8, 0x24, 0x01, 0x1d, 0x82, 0x4c, 0xe0, 0x0c, 0xe1, 0x91,
	0xbd, 0x48, 0x97, 0xd5, 0xa1, 0x30, 0x4f, 0x28, 0xe9, 0x6a, 0x8b, 0xb3, 0x91, 0xf2, 0xcc, 0x8b,
	0xc6, 0xfa, 0xf3, 0x05, 0xc4, 0x9f, 0x3c, 0x4d, 0x67, 0xac, 0xa5, 0x61, 0xdb, 0x4f, 0xde, 0xf0,
	0x8d, 0xaa, 0x52, 0xdf, 0x47, 0x6e, 0x0e, 0x58, 0xe1, 0xeb, 0xaa, 0x50, 0x62, 0x43, 0x59, 0x31,
	0xe9, 0xa0, 0x48, 0xb3, 0x11, 0xb2, 0xac, 0xfb, 0x0e, 0x16, 0xfd, 0x8e, 0x6e, 0xd2, 0x96, 0x95,
	0x5f, 0x39, 0x74, 0x55, 0x22, 0x10, 0xde, 0x70, 0x5d, 0xef, 0x69, 0x07, 0xb8, 0xa4, 0x24, 0xdd,
	0x60, 0x3f, 0x8e, 0xd8, 0x18, 0x71, 0x2f, 0xd8, 0x35, 0xf6, 0x7b, 0x48, 0x1e, 0x15, 0x5d, 0xc1,
	0xad, 0x85, 0xd5, 0x7a, 0xc3, 0x02, 0x76, 0xc6, 0xa9, 0xb4, 0xd8, 0x7a, 0xf1, 0x49, 0xdb, 0x76,
	0x3a, 0x65, 0x38, 0xa7, 0x14, 0x7c, 0x31, 0x5b, 0x66, 0x18, 0xdd, 0x80, 0xea, 0xc7, 0x9a, 0x96,
	0xc0, 0xf9, 0x74, 0x45, 0x52, 0xe0, 0x15, 0xd1, 0x1b, 0xc8, 0x5c, 0xb9, 0x2a, 0xab, 0xe7, 0x7a,
	0x52, 0xb6, 0xcd, 0x76, 0xef, 0x48, 0x5b, 0x36, 0x5a, 0x35, 0x40, 0xb3, 0x10, 0x7b, 0xb0, 0x9b,
	0x3f, 0x08, 0xd5, 0x74, 0xec, 0x48, 0x5b, 0x36, 0xf0, 0xa1, 0x48, 0x33, 0x63, 0xe7, 0x98, 0x13,
	0x7c, 0x58, 0xa4, 0xdd, 0xbc, 0x64, 0x4a, 0xa8, 0x29, 0x42, 0x97, 0xdb, 0x87, 0x45, 0x27, 0x58,
	0xe0, 0x2e, 0x09, 0x10, 0xbf, 0xf1, 0x90, 0x0d, 0xf7, 0x9b, 0x43, 0xad, 0x8c, 0x3a, 0xd0, 0x6b,
	0xbc, 0xa6, 0x17, 0x97, 0xf7, 0x40, 0xd7, 0x74, 0xae, 0x47, 0xbc, 0xe7, 0xb3, 0xac, 0x09, 0x4f,
	0xe4, 0xab, 0x4b, 0xb1, 0xa4, 0x47, 0x28, 0x5b, 0xe6, 0xae, 0x49, 0xb0, 0xaf, 0x69, 0x44, 0xab,
	0x2a, 0x42, 0x97, 0x5b, 0xc7, 0x25, 0x37, 0x60, 0xe6, 0x2c, 0x8a, 0xd0, 0xa6, 0xe1, 0x88, 0x89,
	0x39, 0x3a, 0x93, 0x55, 0x60, 0x10, 0x7f, 0x40, 0x70, 0x21, 0xe2, 0x82, 0xe9, 0x47, 0x5a, 0xb6,
	0xa7, 0x15, 0x50, 0x3b, 0x4d, 0xd9, 0xa3, 0x92, 0x42, 0xb8, 0xd4, 0x75, 0x28, 0xbf, 0x16, 0x56,
	0x9a, 0x29, 0xab, 0xe1, 0x73, 0xec, 0xf9, 0x48, 0x6d, 0x24, 0xe3, 0x01, 0x74, 0x20, 0xc7, 0x6e,
	0x7e, 0x78, 0xb4, 0xe7, 0xa7, 0xac, 0x89, 0x0f, 0x13, 0x50, 0x20, 0x1d, 0xfe, 0x1e, 0x67, 0x3c,
	0xbe, 0x98, 0x34, 0xa2, 0x6d, 0xcd, 0x7e, 0xc4, 0xf2, 0x4e, 0x19, 0x9a, 0x81, 0x81, 0xb7, 0x24,
	0x83, 0x5d, 0x22, 0x9c, 0x0d, 0x44, 0x23, 0xef, 0x89, 0x6c, 0xa8, 0x9f, 0xd4, 0x4a, 0x13, 0x14,
	0x1c, 0xe4, 0x13, 0xcc, 0xa2, 0x0b, 0xfb, 0x89, 0xa6, 0x01, 0x9f, 0x95, 0xb7, 0xcc, 0xd2, 0x75,
	0xec, 0x7c, 0x17, 0xb6, 0x4b, 0x44, 0xea, 0x0b, 0x01, 0xd8, 0x67, 0x3d, 0xef, 0xb3, 0xc9, 0x12,
	0xb0, 0x24, 0x7c, 0x8d, 0xbb, 0xae, 0xd9, 0x75, 0x2c, 0x08, 0xfb, 0x86, 0x54, 0x05, 0x79, 0x46,
	0x5d, 0x94, 0xbd, 0x21, 0x8c, 0xc9, 0x4c, 0x2c, 0x73, 0x1a, 0x80, 0xc3, 0x36, 0x74, 0xb1, 0x6a,
	0x7b, 0x8d, 0xb9, 0x27, 0x0d, 0x88, 0xec, 0x7c, 0xe6, 0xc6, 0x1a, 0x56, 0x1c, 0x99, 0x3f, 0xb1,
	0xe6, 0xbb, 0x90, 0x0b, 0x49, 0x4f, 0x89, 0x4d, 0x63, 0x92, 0xbc, 0xa1, 0x13, 0x29, 0x9c, 0x54,
	0xda, 0xd0, 0x1f, 0x50, 0x27, 0x3d, 0x82, 0x51, 0x59, 0x13, 0xfc, 0x81, 0x00, 0x21, 0x98, 0xd6,
	0x25, 0xf0, 0x6f, 0x38, 0xf1, 0x88, 0x27, 0x92, 0x81, 0x86, 0x15, 0x55, 0x5b, 0x1a, 0x4b, 0xc1,
	0x0a, 0x15, 0x10, 0xda, 0xa2, 0xf7, 0x9a, 0x58, 0xde, 0x05, 0x3e, 0x50, 0xb4, 0x7d, 0x62, 0x41,
	0x6d, 0x17, 0x02, 0x02, 0x16, 0xc8, 0xdf, 0x6e, 0xef, 0xff, 0x74, 0x47, 0xb4, 0xd5, 0x61, 0x42,
	0xdd, 0xd7, 0xa2, 0x12, 0x4d, 0xcd, 0x4a, 0x2d, 0x55, 0x9a, 0xc0, 0xa3, 0x14, 0xa9, 0x5c, 0x34,
	0x54, 0x98, 0xc3, 0xa2, 0x90, 0x69, 0x7c, 0x44, 0xdd, 0x54, 0x5d, 0x31, 0x18, 0xb5, 0xbe, 0x73,
	0xed, 0xcb, 0x18, 0x57, 0x5c, 0x47, 0x4a, 0x41, 0x4a, 0xfd, 0x63, 0x32, 0x6e, 0x13, 0x47, 0x43,
	0xc9, 0xb5, 0x80, 0xb2, 0x2e, 0x52, 0x77, 0xcb, 0xa5, 0xe1, 0xac, 0x89, 0x90, 0xef, 0x39, 0xa5,
	0xba, 0xbc, 0x91, 0x8b, 0x3a, 0xa6, 0xb2, 0x75, 0x7c, 0x15, 0xf7, 0x06, 0xc2, 0x08, 0xe0, 0x7e,
	0xae, 0xbb, 0x40, 0x66, 0xa4, 0x2d, 0x8a, 0xd0, 0x92, 0x93, 0x32, 0xd9, 0xc3, 0x8e, 0xb9, 0xe8,
	0x36, 0x4d, 0xe5, 0x9f, 0x88, 0x7f, 0xd1, 0x64, 0xf4, 0xe3, 0xd4, 0x97, 0x76, 0x79, 0xd4, 0x65,
	0x74, 0x2c, 0x26, 0x47, 0xe0, 0x35, 0x28, 0x22, 0xe9, 0x5f, 0x86, 0x1c, 0x7f, 0xf3, 0x9e, 0x3c,
	0x3a, 0xd6, 0x42, 0x52, 0x60, 0xf8, 0x8a, 0x51, 0xe2, 0x0a, 0x60, 0xd1, 0x1d, 0xf2, 0x97, 0x39,
	0x0e, 0x19, 0x63, 0xc2, 0x0e, 0x04, 0x96, 0xca, 0x25, 0xda, 0x83, 0x59, 0xe1, 0xc2, 0x78, 0x30,
	0xe4, 0x86, 0xc2, 0xa3, 0x25, 0x3a, 0xb6, 0x64, 0xf2, 0x4c, 0x59, 0x37, 0x5d, 0xe1, 0xc8, 0x83,
	0x80, 0x07, 0xda, 0x86, 0xd4, 0x7b, 0x0e, 0x06, 0x43, 0x07, 0x05, 0x5d, 0x5f, 0x89, 0xe5, 0x20,
	0x3a, 0xc4, 0x2b, 0xbc, 0x6f, 0xc7, 0x35, 0x3a, 0x35, 0x19, 0x63, 0xc2, 0xb6, 0x3a, 0xcc, 0x8a,
	0x05, 0x96, 0xca, 0x95, 0xbb, 0x57, 0x91, 0xc5, 0x24, 0x75, 0x0c, 0x49, 0x5e, 0x61, 0x8c, 0xd1,
	0xd9, 0x23, 0x49, 0x29, 0x68, 0x62, 0x27, 0xa3, 0xe8, 0xbf, 0xb6, 0x14, 0xfb, 0xe2, 0xa3, 0x4d,
	0x60, 0xc6, 0xdd, 0x01, 0x15, 0x14, 0xfe, 0x8e, 0x7b, 0x82, 0x34, 0x65, 0x63, 0xed, 0xea, 0x00,
	0x0d, 0x44, 0x23, 0xef, 0x36, 0x6d, 0xa8, 0x9f, 0xd4, 0x4a, 0x13, 0x14, 0x1c, 0xe4, 0x13, 0xcc,
	0x9b, 0x0b, 0xfb, 0x89, 0xa6, 0x01, 0x9f, 0x95, 0xb7, 0xcc, 0xd2, 0x75, 0x6c, 0x58, 0x5e, 0xb6,
	0xa8, 0x01, 0xf8, 0x0b, 0x05, 0xf5, 0x70, 0x3d, 0xdc, 0x27, 0x05, 0x12, 0x0a, 0x5f, 0x88, 0x8d,
	0x6b, 0xff, 0xd9, 0x75, 0xe3, 0xcc, 0xf7, 0x86, 0x84, 0x60, 0x78, 0x46, 0x60, 0x94, 0xbd, 0x21,
	0x56, 0xc9, 0x4c, 0x2c, 0x56, 0x1a, 0x80, 0xc3, 0x64, 0xd1, 0xb0, 0x6a, 0x70, 0x8d, 0xb9, 0x27,
	0x95, 0xdd, 0xc2, 0x7c, 0x78, 0xa6, 0x14, 0x56, 0xe5, 0xa9, 0x4c, 0xb1, 0x92, 0x1d, 0xdf, 0x0b,
	0xfa, 0xe2, 0x3f, 0x4d, 0x96, 0x6f, 0xbe, 0xa1, 0x15, 0x3c, 0x72, 0x54, 0xd4, 0xd0, 0x3f, 0x50,
	0xdd, 0xd1, 0x48, 0x51, 0x94, 0xee, 0xfe, 0x81, 0x05, 0x34, 0x6e, 0xd6, 0x13, 0xf0, 0x4f, 0x38,
	0xf1, 0x5c, 0xbc, 0x92, 0x4a, 0x7f, 0x18, 0x55, 0x27, 0x2d, 0x62, 0xc1, 0xc1, 0x3b, 0x2e, 0xda,
	0x22, 0x4e, 0x99, 0x58, 0xe2, 0xd1, 0x1f, 0x50, 0x5d, 0xe8, 0x6c, 0x41, 0x0c, 0x00, 0x00, 0x00,
	0x00, 0xc0, 0x00, 0x00, 0x60, 0xcc, 0x05, 0x00, 0x00, 0x00, 0x00, 0x00, 0x00, 0x00, 0x00, 0x00,
	0x02, 0x00, 0x00, 0x00, 0x40, 0x15, 0x00, 0x00, 0x40, 0x15, 0x00, 0x00, 0xc0, 0x0c, 0x00, 0x00,
	0xe0, 0x0c, 0x00, 0x00, 0x00, 0x0d, 0x00, 0x00, 0x20, 0x0d, 0x00, 0x00, 0x23, 0x03, 0x00, 0x00,
	0x43, 0x03, 0x00, 0x00, 0x63, 0x03, 0x00, 0x00, 0x83, 0x03, 0x00, 0x00, 0xa3, 0x03, 0x00, 0x00,
	0xc3, 0x03, 0x00, 0x00, 0xe3, 0x03, 0x00, 0x00, 0x03, 0x04, 0x00, 0x00, 0x23, 0x04, 0x00, 0x00,
	0x43, 0x04, 0x00, 0x00, 0x63, 0x04, 0x00, 0x00, 0x83, 0x04, 0x00, 0x00, 0xa3, 0x04, 0x00, 0x00,
	0xc3, 0x04, 0x00, 0x00, 0xe3, 0x04, 0x00, 0x00, 0x03, 0x05, 0x00, 0x00, 0x23, 0x05, 0x00, 0x00,
	0x43, 0x05, 0x00, 0x00, 0x63, 0x05, 0x00, 0x00, 0x83, 0x05, 0x00, 0x00, 0xa3, 0x05, 0x00, 0x00,
	0xc3, 0x05, 0x00, 0x00, 0xe3, 0x05, 0x00, 0x00, 0x03, 0x06, 0x00, 0x00, 0x23, 0x06, 0x00, 0x00,
	0x43, 0x06, 0x00, 0x00, 0x63, 0x06, 0x00, 0x00, 0x83, 0x06, 0x00, 0x00, 0xa3, 0x06, 0x00, 0x00,
	0xc3, 0x06, 0x00, 0x00, 0xe3, 0x06, 0x00, 0x00, 0x00, 0x00, 0x00, 0x00, 0xbf, 0x5d, 0x00, 0x00,
	0x00, 0x00, 0x00, 0x00, 0xbf, 0x5d, 0x00, 0x00, 0x00, 0x00, 0x00, 0x00, 0xbf, 0x5d, 0x00, 0x00,
	0x00, 0x00, 0x00, 0x00, 0xbf, 0x5d, 0x00, 0x00, 0x00, 0x00, 0x00, 0x00, 0x9f, 0x0a, 0x00, 0x00,
	0x00, 0x00, 0x00, 0x00, 0x8f, 0x09, 0x00, 0x00, 0x00, 0x00, 0x00, 0x00, 0xff, 0x09, 0x00, 0x00,
	0x00, 0x00, 0x00, 0x00, 0x3f, 0x0b, 0x00, 0x00, 0x00, 0x00, 0x00, 0x00, 0xbf, 0x15, 0x00, 0x00,
	0x00, 0x00, 0x00, 0x00, 0x4f, 0x1a, 0x00, 0x00, 0x00, 0x00, 0x00, 0x00, 0xef, 0x1f, 0x00, 0x00,
	0x00, 0x00, 0x00, 0x00, 0xaf, 0x26, 0x00, 0x00, 0x00, 0x00, 0x00, 0x00, 0xff, 0x76, 0x01, 0x00,
	0x00, 0x00, 0x00, 0x00, 0xff, 0x76, 0x01, 0x00, 0xa0, 0x02, 0x00, 0x00, 0x10, 0x03, 0x00, 0x00,
	0xe0, 0x02, 0x00, 0x00, 0x50, 0x03, 0x00, 0x00, 0x90, 0x03, 0x00, 0x00, 0xb0, 0x06, 0x00, 0x00,
	0x90, 0x0e, 0x00, 0x00, 0xb0, 0x07, 0x00, 0x00, 0xa0, 0x46, 0x00, 0x00, 0xc0, 0x5d, 0x00, 0x00,
	0x20, 0x53, 0x00, 0x00, 0x50, 0x5a, 0x00, 0x00, 0x20, 0x53, 0x00, 0x00, 0x60, 0x31, 0x00, 0x00,
	0x60, 0x02, 0x00, 0x00, 0x30, 0x02, 0x00, 0x00, 0x50, 0x02, 0x00, 0x00, 0x90, 0x02, 0x00, 0x00,
	0xf0, 0x6b, 0x01, 0x00, 0xff, 0xff, 0x7f, 0x00, 0x01, 0x00, 0x80, 0x00, 0x01, 0x00, 0x80, 0x00,
	0xff, 0xff, 0x7f, 0x00, 0xff, 0xff, 0x7f, 0x00, 0xff, 0xff, 0x7f, 0x00, 0x01, 0x00, 0x80, 0x00,
	0x01, 0x00, 0x80, 0x00, 0x00, 0x00, 0x00, 0x00, 0x99, 0x99, 0x19, 0x00, 0x4e, 0x02, 0x00, 0x00,
	0x1a, 0x02, 0x00, 0x00, 0x2f, 0x02, 0x00, 0x00, 0x6d, 0x02, 0x00, 0x00, 0xea, 0x65, 0x00, 0x00,
	0xea, 0x65, 0x00, 0x00, 0x04, 0x00, 0x00, 0x00, 0x00, 0x00, 0x00, 0x00, 0x59, 0xdb, 0x10, 0x00,
	0xa6, 0x24, 0x6f, 0x00, 0x00, 0x00, 0x00, 0x00, 0xfc, 0xc0, 0x1d, 0x00, 0xde, 0xe6, 0x1f, 0x00,
	0x00, 0x00, 0x00, 0x00, 0xfc, 0xc0, 0x1d, 0x00, 0xde, 0xe6, 0x1f, 0x00, 0x00, 0x00, 0x00, 0x00,
	0xfc, 0xc0, 0x1d, 0x00, 0xde, 0xe6, 0x1f, 0x00, 0x00, 0x00, 0x00, 0x00, 0xe6, 0xc1, 0x08, 0x00,
	0xc9, 0x2f, 0x5b, 0x00, 0x00, 0x00, 0x00, 0x00, 0x70, 0x69, 0x0a, 0x00, 0x38, 0xfd, 0x54, 0x00,
	0x00, 0x00, 0x00, 0x00, 0x42, 0x7d, 0x0c, 0x00, 0x4b, 0xea, 0x4d, 0x00, 0x00, 0x00, 0x00, 0x00,
	0x20, 0xa4, 0x0e, 0x00, 0xcf, 0x4c, 0x46, 0x00, 0x00, 0x00, 0x00, 0x00, 0x29, 0xea, 0x4b, 0x00,
	0x3c, 0x94, 0x00, 0x00, 0x00, 0x00, 0x00, 0x00, 0x29, 0xea, 0x4b, 0x00, 0x3c, 0x94, 0x00, 0x00,
	0x00, 0x00, 0xc0, 0x00, 0x00, 0x00, 0xc0, 0x00, 0x00, 0x00, 0xc0, 0x00, 0x00, 0x00, 0x40, 0x00,
	0x00, 0x00, 0xc0, 0x00, 0x00, 0x00, 0xc0, 0x00, 0x00, 0x00, 0xc0, 0x00, 0xcd, 0xcc, 0xcc, 0x00,
	0x33, 0x33, 0x33, 0x00, 0xcd, 0xcc, 0xcc, 0x00, 0xcd, 0xcc, 0xcc, 0x00, 0x00, 0x00, 0x00, 0x00,
	0xe8, 0x00, 0x00, 0x00, 0x18, 0x02, 0x00, 0x00, 0xa0, 0x03, 0x00, 0x00, 0x00, 0x00, 0x00, 0x00,
	0xe8, 0x00, 0x00, 0x00, 0x18, 0x02, 0x00, 0x00, 0xa0, 0x03, 0x00, 0x00, 0xc0, 0x15, 0x00, 0x00,
	0x50, 0x1a, 0x00, 0x00, 0xf0, 0x1f, 0x00, 0x00, 0xb0, 0x26, 0x00, 0x00, 0x00, 0x00, 0x00, 0x00,
	0x00, 0x00, 0x00, 0x00, 0x00, 0x00, 0x00, 0x00, 0x00, 0x00, 0x00, 0x00, 0x00, 0x00, 0x00, 0x00,
	0x00, 0x00, 0x00, 0x00, 0x00, 0x00, 0x00, 0x00, 0x00, 0x00, 0x00, 0x00, 0x00, 0x00, 0x00, 0x00,
	0x00, 0x00, 0x00, 0x00, 0x00, 0x00, 0x00, 0x00, 0x00, 0x00, 0x00, 0x00, 0x00, 0x00, 0x00, 0x00,
	0x00, 0x00, 0x00, 0x00, 0x00, 0x00, 0x00, 0x00, 0x00, 0x00, 0x00, 0x00, 0x00, 0x00, 0x00, 0x00,
	0x00, 0x00, 0x00, 0x00, 0x00, 0x00, 0x00, 0x00, 0x00, 0x00, 0x00, 0x00, 0x00, 0x00, 0x00, 0x00,
	0x00, 0x00, 0x00, 0x00, 0x00, 0x00, 0x00, 0x00, 0x00, 0x00, 0x00, 0x00, 0x00, 0x00, 0x00, 0x00,
	0x00, 0x00, 0x00, 0x00, 0x00, 0x00, 0x00, 0x00, 0x00, 0x00, 0x00, 0x00, 0x00, 0x00, 0x00, 0x00,
	0x00, 0x00, 0x00, 0x00, 0x00, 0x00, 0x00, 0x00, 0x00, 0x00, 0x00, 0x00, 0x00, 0x00, 0x00, 0x00,
	0x00, 0x00, 0x00, 0x00, 0x00, 0x00, 0x00, 0x00, 0x00, 0x00, 0x00, 0x00, 0x00, 0x00, 0x00, 0x00,
	0x00, 0x00, 0x00, 0x00, 0x00, 0x00, 0x00, 0x00, 0x00, 0x00, 0x00, 0x00, 0x00, 0x00, 0x00, 0x00,
	0x00, 0x00, 0x00, 0x00, 0x00, 0x00, 0x00, 0x00, 0x00, 0x00, 0x00, 0x00, 0x00, 0x00, 0x00, 0x00,
	0x00, 0x00, 0x00, 0x00, 0x00, 0x00, 0x00, 0x00, 0x00, 0x00, 0x00, 0x00, 0x00, 0x00, 0x00, 0x00,
	0x00, 0x00, 0x00, 0x00, 0x00, 0x00, 0x00, 0x00, 0x00, 0x00, 0x00, 0x00, 0x00, 0x00, 0x00, 0x00,
	0x00, 0x00, 0x00, 0x00, 0x00, 0x00, 0x00, 0x00, 0x00, 0x00, 0x00, 0x00, 0x00, 0x00, 0x00, 0x00,
	0x00, 0x00, 0x00, 0x00, 0x00, 0x00, 0x00, 0x00, 0x00, 0x00, 0x00, 0x00, 0x00, 0x00, 0x00, 0x00,
	0x00, 0x00, 0x00, 0x00, 0x00, 0x00, 0x00, 0x00, 0x00, 0x00, 0x00, 0x00, 0x00, 0x00, 0x00, 0x00,
	0x00, 0x00, 0x00, 0x00, 0x00, 0x00, 0x00, 0x00, 0x00, 0x00, 0x00, 0x00, 0x00, 0x00, 0x00, 0x00,
	0x00, 0x00, 0x00, 0x00, 0x00, 0x00, 0x00, 0x00, 0x00, 0x00, 0x00, 0x00, 0x00, 0x00, 0x00, 0x00,
	0x00, 0x00, 0x00, 0x00, 0x00, 0x00, 0x00, 0x00, 0x00, 0x00, 0x00, 0x00, 0x00, 0x00, 0x00, 0x00,
	0x00, 0x00, 0x00, 0x00, 0x00, 0x00, 0x00, 0x00, 0x00, 0x00, 0x00, 0x00, 0x00, 0x00, 0x00, 0x00,
	0x00, 0x00, 0x00, 0x00, 0x00, 0x00, 0x00, 0x00, 0x00, 0x00, 0x00, 0x00, 0x00, 0x00, 0x00, 0x00,
	0x00, 0x00, 0x00, 0x00, 0x00, 0x00, 0x00, 0x00, 0x00, 0x00, 0x00, 0x00, 0x00, 0x00, 0x00, 0x00,
	0x00, 0x00, 0x00, 0x00, 0x00, 0x00, 0x00, 0x00, 0x00, 0x00, 0x00, 0x00, 0x00, 0x00, 0x00, 0x00,
	0x00, 0x00, 0x00, 0x00, 0x00, 0x00, 0x00, 0x00, 0x00, 0x00, 0x00, 0x00, 0x00, 0x00, 0x00, 0x00,
	0x00, 0x00, 0x00, 0x00, 0x00, 0x00, 0x00, 0x00, 0x00, 0x00, 0x00, 0x00, 0x00, 0x00, 0x00, 0x00,
	0x00, 0x00, 0x00, 0x00, 0x00, 0x00, 0x00, 0x00, 0x00, 0x00, 0x00, 0x00, 0x00, 0x00, 0x00, 0x00,
	0x00, 0x00, 0x00, 0x00, 0x00, 0x00, 0x00, 0x00, 0x00, 0x00, 0x00, 0x00, 0x00, 0x00, 0x00, 0x00,
	0x00, 0x00, 0x00, 0x00, 0x00, 0x00, 0x00, 0x00, 0x00, 0x00, 0x00, 0x00, 0x00, 0x00, 0x00, 0x00,
	0x00, 0x00, 0x00, 0x00, 0x00, 0x00, 0x00, 0x00, 0x00, 0x00, 0x00, 0x00, 0x00, 0x00, 0x00, 0x00,
	0x00, 0x00, 0x00, 0x00, 0x00, 0x00, 0x00, 0x00, 0x00, 0x00, 0x00, 0x00, 0x00, 0x00, 0x00, 0x00,
	0x00, 0x00, 0x00, 0x00, 0x00, 0x00, 0x00, 0x00, 0x00, 0x00, 0x00, 0x00, 0x00, 0x00, 0x00, 0x00,
	0x00, 0x00, 0x00, 0x00, 0x00, 0x00, 0x00, 0x00, 0x00, 0x00, 0x00, 0x00, 0x00, 0x00, 0x00, 0x00,
	0x00, 0x00, 0x00, 0x00, 0x00, 0x00, 0x00, 0x00, 0x00, 0x00, 0x00, 0x00, 0x00, 0x00, 0x00, 0x00,
	0x00, 0x00, 0x00, 0x00, 0x00, 0x00, 0x00, 0x00, 0x00, 0x00, 0x00, 0x00, 0x00, 0x00, 0x00, 0x00,
	0x00, 0x00, 0x00, 0x00, 0x00, 0x00, 0x00, 0x00, 0x00, 0x00, 0x00, 0x00, 0x00, 0x00, 0x00, 0x00,
	0x00, 0x00, 0x00, 0x00, 0x00, 0x00, 0x00, 0x00, 0x00, 0x00, 0x00, 0x00, 0x00, 0x00, 0x00, 0x00,
	0x00, 0x00, 0x00, 0x00, 0x00, 0x00, 0x00, 0x00, 0x00, 0x00, 0x00, 0x00, 0x00, 0x00, 0x00, 0x00,
	0x00, 0x00, 0x00, 0x00, 0x00, 0x00, 0x00, 0x00, 0x00, 0x00, 0x00, 0x00, 0x00, 0x00, 0x00, 0x00,
	0x00, 0x00, 0x00, 0x00, 0x00, 0x00, 0x00, 0x00, 0x00, 0x00, 0x00, 0x00, 0x00, 0x00, 0x00, 0x00,
	0x00, 0x00, 0x00, 0x00, 0x00, 0x00, 0x00, 0x00, 0x00, 0x00, 0x00, 0x00, 0x00, 0x00, 0x00, 0x00,
	0x00, 0x00, 0x00, 0x00, 0x00, 0x00, 0x00, 0x00, 0x00, 0x00, 0x00, 0x00, 0x00, 0x00, 0x00, 0x00,
	0x00, 0x00, 0x00, 0x00, 0x00, 0x00, 0x00, 0x00, 0x00, 0x00, 0x00, 0x00, 0x00, 0x00, 0x00, 0x00,
	0x00, 0x00, 0x00, 0x00, 0x00, 0x00, 0x00, 0x00, 0x00, 0x00, 0x00, 0x00, 0x00, 0x00, 0x00, 0x00,
	0x00, 0x00, 0x00, 0x00, 0x00, 0x00, 0x00, 0x00, 0x00, 0x00, 0x00, 0x00, 0x00, 0x00, 0x00, 0x00,
	0x00, 0x00, 0x00, 0x00, 0x00, 0x00, 0x00, 0x00, 0x00, 0x00, 0x00, 0x00, 0x00, 0x00, 0x00, 0x00,
	0x00, 0x00, 0x00, 0x00, 0x00, 0x00, 0x00, 0x00, 0x00, 0x00, 0x00, 0x00, 0x00, 0x00, 0x00, 0x00,
	0x00, 0x00, 0x00, 0x00, 0x00, 0x00, 0x00, 0x00, 0x00, 0x00, 0x00, 0x00, 0x00, 0x00, 0x00, 0x00,
	0x00, 0x00, 0x00, 0x00, 0x00, 0x00, 0x00, 0x00, 0x00, 0x00, 0x00, 0x00, 0x00, 0x00, 0x00, 0x00,
	0x00, 0x00, 0x00, 0x00, 0x00, 0x00, 0x00, 0x00, 0x00, 0x00, 0x00, 0x00, 0x00, 0x00, 0x00, 0x00,
	0x00, 0x00, 0x00, 0x00, 0x00, 0x00, 0x00, 0x00, 0x00, 0x00, 0x00, 0x00, 0x00, 0x00, 0x00, 0x00,
	0x00, 0x00, 0x00, 0x00, 0x00, 0x00, 0x00, 0x00, 0x00, 0x00, 0x00, 0x00, 0x00, 0x00, 0x00, 0x00,
	0x00, 0x00, 0x00, 0x00, 0x00, 0x00, 0x00, 0x00, 0x00, 0x00, 0x00, 0x00, 0x00, 0x00, 0x00, 0x00,
	0x00, 0x00, 0x00, 0x00, 0x00, 0x00, 0x00, 0x00, 0x00, 0x00, 0x00, 0x00, 0x00, 0x00, 0x00, 0x00,
	0x00, 0x00, 0x00, 0x00, 0x00, 0x00, 0x00, 0x00, 0x00, 0x00, 0x00, 0x00, 0x00, 0x00, 0x00, 0x00,
	0x00, 0x00, 0x00, 0x00, 0x00, 0x00, 0x00, 0x00, 0x00, 0x00, 0x00, 0x00, 0x00, 0x00, 0x00, 0x00,
	0x00, 0x00, 0x00, 0x00, 0x00, 0x00, 0x00, 0x00, 0x00, 0x00, 0x00, 0x00, 0x00, 0x00, 0x00, 0x00,
	0x00, 0x00, 0x00, 0x00, 0x00, 0x00, 0x00, 0x00, 0x00, 0x00, 0x00, 0x00, 0x00, 0x00, 0x00, 0x00,
	0x00, 0x00, 0x00, 0x00, 0x00, 0x00, 0x00, 0x00, 0x00, 0x00, 0x00, 0x00, 0x00, 0x00, 0x00, 0x00,
	0x00, 0x00, 0x00, 0x00, 0x00, 0x00, 0x00, 0x00, 0x00, 0x00, 0x00, 0x00, 0x00, 0x00, 0x00, 0x00,
	0x00, 0x00, 0x00, 0x00, 0x00, 0x00, 0x00, 0x00, 0x00, 0x00, 0x00, 0x00, 0x00, 0x00, 0x00, 0x00,
	0x00, 0x00, 0x00, 0x00, 0x00, 0x00, 0x00, 0x00, 0x00, 0x00, 0x00, 0x00, 0x00, 0x00, 0x00, 0x00,
	0x00, 0x00, 0x00, 0x00, 0x00, 0x00, 0x00, 0x00, 0x00, 0x00, 0x00, 0x00, 0x00, 0x00, 0x00, 0x00,
	0x00, 0x00, 0x00, 0x00, 0x00, 0x00, 0x00, 0x00, 0x00, 0x00, 0x00, 0x00, 0x00, 0x00, 0x00, 0x00,
	0x00, 0x00, 0x00, 0x00, 0x00, 0x00, 0x00, 0x00, 0x00, 0x00, 0x00, 0x00, 0x00, 0x00, 0x00, 0x00,
	0x00, 0x00, 0x00, 0x00, 0x00, 0x00, 0x00, 0x00, 0x00, 0x00, 0x00, 0x00, 0x00, 0x00, 0x00, 0x00,
	0x00, 0x00, 0x00, 0x00, 0x00, 0x00, 0x00, 0x00, 0x00, 0x00, 0x00, 0x00, 0x00, 0x00, 0x00, 0x00,
	0x00, 0x00, 0x00, 0x00, 0x00, 0x00, 0x00, 0x00, 0x00, 0x00, 0x00, 0x00, 0x00, 0x00, 0x00, 0x00,
	0x00, 0x00, 0x00, 0x00, 0x00, 0x00, 0x00, 0x00, 0x00, 0x00, 0x00, 0x00, 0x00, 0x00, 0x00, 0x00,
	0x00, 0x00, 0x00, 0x00, 0x00, 0x00, 0x00, 0x00, 0x00, 0x00, 0x00, 0x00, 0x00, 0x00, 0x00, 0x00,
	0x00, 0x00, 0x00, 0x00, 0x00, 0x00, 0x00, 0x00, 0x00, 0x00, 0x00, 0x00, 0x00, 0x00, 0x00, 0x00,
	0x00, 0x00, 0x00, 0x00, 0x00, 0x00, 0x00, 0x00, 0x00, 0x00, 0x00, 0x00, 0x00, 0x00, 0x00, 0x00,
	0x00, 0x00, 0x00, 0x00, 0x00, 0x00, 0x00, 0x00, 0x00, 0x00, 0x00, 0x00, 0x00, 0x00, 0x00, 0x00,
	0x00, 0x00, 0x00, 0x00, 0x00, 0x00, 0x00, 0x00, 0x00, 0x00, 0x00, 0x00, 0x00, 0x00, 0x00, 0x00,
	0x00, 0x00, 0x00, 0x00, 0x00, 0x00, 0x00, 0x00, 0x00, 0x00, 0x00, 0x00, 0x00, 0x00, 0x00, 0x00,
	0x00, 0x00, 0x00, 0x00, 0x00, 0x00, 0x00, 0x00, 0x00, 0x00, 0x00, 0x00, 0x00, 0x00, 0x00, 0x00,
	0x00, 0x00, 0x00, 0x00, 0x00, 0x00, 0x00, 0x00, 0x00, 0x00, 0x00, 0x00, 0x00, 0x00, 0x00, 0x00,
	0x00, 0x00, 0x00, 0x00, 0x00, 0x00, 0x00, 0x00, 0x00, 0x00, 0x00, 0x00, 0x00, 0x00, 0x00, 0x00,
	0x00, 0x00, 0x00, 0x00, 0x00, 0x00, 0x00, 0x00, 0x00, 0x00, 0x00, 0x00, 0x00, 0x00, 0x00, 0x00,
	0x00, 0x00, 0x00, 0x00, 0x00, 0x00, 0x00, 0x00, 0x00, 0x00, 0x00, 0x00, 0x00, 0x00, 0x00, 0x00,
	0x00, 0x00, 0x00, 0x00, 0x00, 0x00, 0x00, 0x00, 0x00, 0x00, 0x00, 0x00, 0x00, 0x00, 0x00, 0x00,
	0x00, 0x00, 0x00, 0x00, 0x00, 0x00, 0x00, 0x00, 0x00, 0x00, 0x00, 0x00, 0x00, 0x00, 0x00, 0x00,
	0x00, 0x00, 0x00, 0x00, 0x00, 0x00, 0x00, 0x00, 0x00, 0x00, 0x00, 0x00, 0x00, 0x00, 0x00, 0x00,
	0x00, 0x00, 0x00, 0x00, 0x00, 0x00, 0x00, 0x00, 0x00, 0x00, 0x00, 0x00, 0x00, 0x00, 0x00, 0x00,
	0x00, 0x00, 0x00, 0x00, 0x00, 0x00, 0x00, 0x00, 0x00, 0x00, 0x00, 0x00, 0x00, 0x00, 0x00, 0x00,
	0x00, 0x00, 0x00, 0x00, 0x00, 0x00, 0x00, 0x00, 0x00, 0x00, 0x00, 0x00, 0x00, 0x00, 0x00, 0x00,
	0x00, 0x00, 0x00, 0x00, 0x00, 0x00, 0x00, 0x00, 0x00, 0x00, 0x00, 0x00, 0x00, 0x00, 0x00, 0x00,
	0x00, 0x00, 0x00, 0x00, 0x00, 0x00, 0x00, 0x00, 0x00, 0x00, 0x00, 0x00, 0x00, 0x00, 0x00, 0x00,
	0x00, 0x00, 0x00, 0x00, 0x00, 0x00, 0x00, 0x00, 0x00, 0x00, 0x00, 0x00, 0x00, 0x00, 0x00, 0x00,
	0x00, 0x00, 0x00, 0x00, 0x00, 0x00, 0x00, 0x00, 0x00, 0x00, 0x00, 0x00, 0x00, 0x00, 0x00, 0x00,
	0x00, 0x00, 0x00, 0x00, 0x00, 0x00, 0x00, 0x00, 0x00, 0x00, 0x00, 0x00, 0x00, 0x00, 0x00, 0x00,
	0x00, 0x00, 0x00, 0x00, 0x00, 0x00, 0x00, 0x00, 0x00, 0x00, 0x00, 0x00, 0x00, 0x00, 0x00, 0x00,
	0x00, 0x00, 0x00, 0x00, 0x00, 0x00, 0x00, 0x00, 0x00, 0x00, 0x00, 0x00, 0x00, 0x00, 0x00, 0x00,
	0x00, 0x00, 0x00, 0x00, 0x00, 0x00, 0x00, 0x00, 0x00, 0x00, 0x00, 0x00, 0x00, 0x00, 0x00, 0x00,
	0x00, 0x00, 0x00, 0x00, 0x00, 0x00, 0x00, 0x00, 0x00, 0x00, 0x00, 0x00, 0x00, 0x00, 0x00, 0x00,
	0x00, 0x00, 0x00, 0x00, 0x00, 0x00, 0x00, 0x00, 0x00, 0x00, 0x00, 0x00, 0x00, 0x00, 0x00, 0x00,
	0x00, 0x00, 0x00, 0x00, 0x00, 0x00, 0x00, 0x00, 0x00, 0x00, 0x00, 0x00, 0x00, 0x00, 0x00, 0x00,
	0x00, 0x00, 0x00, 0x00, 0x00, 0x00, 0x00, 0x00, 0x00, 0x00, 0x00, 0x00, 0x00, 0x00, 0x00, 0x00,
	0x00, 0x00, 0x00, 0x00, 0x00, 0x00, 0x00, 0x00, 0x00, 0x00, 0x00, 0x00, 0x00, 0x00, 0x00, 0x00,
	0x00, 0x00, 0x00, 0x00, 0x00, 0x00, 0x00, 0x00, 0x60, 0x8c, 0x06, 0x00, 0x00, 0x00, 0x00, 0x00,
	0x00, 0x00, 0x00, 0x00, 0x00, 0x00, 0x00, 0x00, 0x02, 0x00, 0x00, 0x00, 0xc0, 0x14, 0x00, 0x00,
	0xe0, 0x14, 0x00, 0x00, 0x00, 0x15, 0x00, 0x00, 0x20, 0x15, 0x00, 0x00, 0x00, 0x0c, 0x00, 0x00,
	0x20, 0x0c, 0x00, 0x00, 0x80, 0x0c, 0x00, 0x00, 0xa0, 0x0c, 0x00, 0x00, 0x00, 0x00, 0x00, 0x00,
	0x00, 0x00, 0x00, 0x00, 0x00, 0x00, 0x00, 0x00, 0x00, 0x00, 0x00, 0x00, 0x00, 0x00, 0x00, 0x00,
	0x00, 0x00, 0x00, 0x00, 0x00, 0x00, 0x00, 0x00, 0x00, 0x00, 0x00, 0x00, 0x00, 0x00, 0x00, 0x00,
	0x00, 0x00, 0x00, 0x00, 0x00, 0x00, 0x00, 0x00, 0x00, 0x00, 0x00, 0x00, 0x00, 0x00, 0x00, 0x00,
	0x00, 0x00, 0x00, 0x00, 0x00, 0x00, 0x00, 0x00, 0x00, 0x00, 0x00, 0x00, 0x00, 0x00, 0x00, 0x00,
	0x00, 0x00, 0x00, 0x00, 0x00, 0x00, 0x00, 0x00, 0x00, 0x00, 0x00, 0x00, 0x00, 0x00, 0x00, 0x00,
	0x00, 0x00, 0x00, 0x00, 0x00, 0x00, 0x00, 0x00, 0x00, 0x00, 0x00, 0x00, 0x00, 0x00, 0x00, 0x00,
	0x00, 0x00, 0x00, 0x00, 0x00, 0x00, 0x00, 0x00, 0x00, 0x00, 0x00, 0x00, 0x00, 0x00, 0x00, 0x00,
	0x00, 0x00, 0x00, 0x00, 0x00, 0x00, 0x00, 0x00, 0x00, 0x00, 0x00, 0x00, 0x00, 0x00, 0x00, 0x00,
	0x00, 0x00, 0x00, 0x00, 0x00, 0x00, 0x00, 0x00, 0x00, 0x00, 0x00, 0x00, 0x00, 0x00, 0x00, 0x00,
	0x00, 0x00, 0x00, 0x00, 0x00, 0x00, 0x00, 0x00, 0x00, 0x00, 0x00, 0x00, 0x00, 0x00, 0x00, 0x00,
	0x00, 0x00, 0x00, 0x00, 0x00, 0x00, 0x00, 0x00, 0x00, 0x00, 0x00, 0x00, 0x00, 0x00, 0x00, 0x00,
	0x00, 0x00, 0x00, 0x00, 0x00, 0x00, 0x00, 0x00, 0x00, 0x00, 0x00, 0x00, 0x00, 0x00, 0x00, 0x00,
	0x00, 0x00, 0x00, 0x00, 0x00, 0x00, 0x00, 0x00, 0x00, 0x00, 0x00, 0x00, 0x00, 0x00, 0x00, 0x00,
	0x00, 0x00, 0x00, 0x00, 0x00, 0x00, 0x00, 0x00, 0x00, 0x00, 0x00, 0x00, 0x00, 0x00, 0x00, 0x00,
	0x00, 0x00, 0x00, 0x00, 0x00, 0x00, 0x00, 0x00, 0x00, 0x00, 0x00, 0x00, 0x00, 0x00, 0x00, 0x00,
	0x00, 0x00, 0x00, 0x00, 0x00, 0x00, 0x00, 0x00, 0x00, 0x00, 0x00, 0x00, 0x00, 0x00, 0x00, 0x00,
	0x00, 0x00, 0x00, 0x00, 0x00, 0x00, 0x00, 0x00, 0x00, 0x00, 0x00, 0x00, 0x00, 0x00, 0x00, 0x00,
	0x00, 0x00, 0x00, 0x00, 0x00, 0x00, 0x00, 0x00, 0x00, 0x00, 0x00, 0x00, 0x00, 0x00, 0x00, 0x00,
	0x00, 0x00, 0x00, 0x00, 0x00, 0x00, 0x00, 0x00, 0x00, 0x00, 0x00, 0x00, 0x00, 0x00, 0x00, 0x00,
	0x00, 0x00, 0x00, 0x00, 0x00, 0x00, 0x00, 0x00, 0x00, 0x00, 0x00, 0x00, 0x60, 0x8c, 0x06, 0x00,
	0x00, 0x00, 0x00, 0x00, 0x00, 0x00, 0x00, 0x00, 0x00, 0x00, 0x00, 0x00, 0x02, 0x00, 0x00, 0x00,
	0x60, 0x15, 0x00, 0x00, 0x80, 0x15, 0x00, 0x00, 0x60, 0x0c, 0x00, 0x00, 0xd0, 0xfe, 0x3f, 0x00,
	0xd0, 0xfe, 0x3f, 0x00, 0x00, 0x00, 0x00, 0x00, 0x00, 0x00, 0x00, 0x00, 0x00, 0x00, 0x00, 0x00,
	0x00, 0x00, 0x00, 0x00, 0x00, 0x00, 0x00, 0x00, 0x00, 0x00, 0x00, 0x00, 0x00, 0x00, 0x00, 0x00,
	0x00, 0x00, 0x00, 0x00, 0x00, 0x00, 0x00, 0x00, 0x00, 0x00, 0x00, 0x00, 0x00, 0x00, 0x00, 0x00,
	0x00, 0x00, 0x00, 0x00, 0x00, 0x00, 0x00, 0x00, 0x00, 0x00, 0x00, 0x00, 0x00, 0x00, 0x00, 0x00,
	0x00, 0x00, 0x00, 0x00, 0x00, 0x00, 0x00, 0x00, 0x00, 0x00, 0x00, 0x00, 0x00, 0x00, 0x00, 0x00,
	0x00, 0x00, 0x00, 0x00, 0x00, 0x00, 0x00, 0x00, 0x00, 0x00, 0x00, 0x00, 0x00, 0x00, 0x00, 0x00,
	0x00, 0x00, 0x00, 0x00, 0x00, 0x00, 0x00, 0x00, 0x00, 0x00, 0x00, 0x00, 0x00, 0x00, 0x00, 0x00,
	0x00, 0x00, 0x00, 0x00, 0x00, 0x00, 0x00, 0x00, 0x00, 0x00, 0x00, 0x00, 0x00, 0x00, 0x00, 0x00,
	0x00, 0x00, 0x00, 0x00, 0x00, 0x00, 0x00, 0x00, 0x00, 0x00, 0x00, 0x00, 0x00, 0x00, 0x00, 0x00,
	0x00, 0x00, 0x00, 0x00, 0x00, 0x00, 0x00, 0x00, 0x00, 0x00, 0x00, 0x00, 0x00, 0x00, 0x00, 0x00,
	0x00, 0x00, 0x00, 0x00, 0x00, 0x00, 0x00, 0x00, 0x00, 0x00, 0x00, 0x00, 0x00, 0x00, 0x00, 0x00,
	0x00, 0x00, 0x00, 0x00, 0x00, 0x00, 0x00, 0x00, 0x00, 0x00, 0x00, 0x00, 0x00, 0x00, 0x00, 0x00,
	0x00, 0x00, 0x00, 0x00, 0x00, 0x00, 0x00, 0x00, 0x00, 0x00, 0x00, 0x00, 0x00, 0x00, 0x00, 0x00,
	0x00, 0x00, 0x00, 0x00, 0x00, 0x00, 0x00, 0x00, 0x00, 0x00, 0x00, 0x00, 0x00, 0x00, 0x00, 0x00,
	0x00, 0x00, 0x00, 0x00, 0x00, 0x00, 0x00, 0x00, 0x00, 0x00, 0x00, 0x00, 0x00, 0x00, 0x00, 0x00,
	0x00, 0x00, 0x00, 0x00, 0x00, 0x00, 0x00, 0x00, 0x00, 0x00, 0x00, 0x00, 0x00, 0x00, 0x00, 0x00,
	0x00, 0x00, 0x00, 0x00, 0x00, 0x00, 0x00, 0x00, 0x00, 0x00, 0x00, 0x00, 0x00, 0x00, 0x00, 0x00,
	0x00, 0x00, 0x00, 0x00, 0x00, 0x00, 0x00, 0x00, 0x00, 0x00, 0x00, 0x00, 0x00, 0x00, 0x00, 0x00,
	0x00, 0x00, 0x00, 0x00, 0x00, 0x00, 0x00, 0x00, 0x00, 0x00, 0x00, 0x00, 0x00, 0x00, 0x00, 0x00,
	0x00, 0x00, 0x00, 0x00, 0x00, 0x00, 0x00, 0x00, 0x00, 0x00, 0x00, 0x00, 0x00, 0x00, 0x00, 0x00,
	0x00, 0x00, 0x00, 0x00, 0x00, 0x00, 0x00, 0x00, 0x00, 0x00, 0x00, 0x00, 0x00, 0x00, 0x00, 0x00,
	0x00, 0x00, 0x00, 0x00, 0x00, 0x00, 0x00, 0x00, 0x00, 0x00, 0x00, 0x00, 0x00, 0x00, 0x00, 0x00,
	0x00, 0x00, 0x00, 0x00, 0x00, 0x00, 0x00, 0x00, 0x00, 0x00, 0x00, 0x00, 0x00, 0x00, 0x00, 0x00,
	0x00, 0x00, 0x00, 0x00, 0x00, 0x00, 0x00, 0x00, 0x00, 0x00, 0x00, 0x00, 0x00, 0x00, 0x00, 0x00,
	0x00, 0x00, 0x00, 0x00, 0x00, 0x00, 0x00, 0x00, 0x00, 0x00, 0x00, 0x00, 0x00, 0x00, 0x00, 0x00,
	0x00, 0x00, 0x00, 0x00, 0x00, 0x00, 0x00, 0x00, 0x00, 0x00, 0x00, 0x00, 0x00, 0x00, 0x00, 0x00,
	0x00, 0x00, 0x00, 0x00, 0x00, 0x00, 0x00, 0x00, 0x00, 0x00, 0x00, 0x00, 0x00, 0x00, 0x00, 0x00,
	0x00, 0x00, 0x00, 0x00, 0x00, 0x00, 0x00, 0x00, 0x00, 0x00, 0x00, 0x00, 0x00, 0x00, 0x00, 0x00,
	0x00, 0x00, 0x00, 0x00, 0x00, 0x00, 0x00, 0x00, 0x00, 0x00, 0x00, 0x00, 0x00, 0x00, 0x00, 0x00,
	0x00, 0x00, 0x00, 0x00, 0x00, 0x00, 0x00, 0x00, 0x00, 0x00, 0x00, 0x00, 0x00, 0x00, 0x00, 0x00,
	0x00, 0x00, 0x00, 0x00, 0x00, 0x00, 0x00, 0x00, 0x00, 0x00, 0x00, 0x00, 0x00, 0x00, 0x00, 0x00,
	0x00, 0x00, 0x00, 0x00, 0x00, 0x00, 0x00, 0x00, 0x00, 0x00, 0x00, 0x00, 0x00, 0x00, 0x00, 0x00,
	0x00, 0x00, 0x00, 0x00, 0x00, 0x00, 0x00, 0x00, 0x00, 0x00, 0x00, 0x00, 0x00, 0x00, 0x00, 0x00,
	0x00, 0x00, 0x00, 0x00, 0x00, 0x00, 0x00, 0x00, 0x00, 0x00, 0x00, 0x00, 0x00, 0x00, 0x00, 0x00,
	0x00, 0x00, 0x00, 0x00, 0x00, 0x00, 0x00, 0x00, 0x00, 0x00, 0x00, 0x00, 0x00, 0x00, 0x00, 0x00,
	0x00, 0x00, 0x00, 0x00, 0x00, 0x00, 0x00, 0x00, 0x00, 0x00, 0x00, 0x00, 0x00, 0x00, 0x00, 0x00,
	0x00, 0x00, 0x00, 0x00, 0x00, 0x00, 0x00, 0x00, 0x00, 0x00, 0x00, 0x00, 0x00, 0x00, 0x00, 0x00,
	0x00, 0x00, 0x00, 0x00, 0x00, 0x00, 0x00, 0x00, 0x00, 0x00, 0x00, 0x00, 0x00, 0x00, 0x00, 0x00,
	0x00, 0x00, 0x00, 0x00, 0x00, 0x00, 0x00, 0x00, 0x00, 0x00, 0x00, 0x00, 0x00, 0x00, 0x00, 0x00,
	0x00, 0x00, 0x00, 0x00, 0x00, 0x00, 0x00, 0x00, 0x00, 0x00, 0x00, 0x00, 0x00, 0x00, 0x00, 0x00,
	0x00, 0x00, 0x00, 0x00, 0x00, 0x00, 0x00, 0x00, 0x00, 0x00, 0x00, 0x00, 0x00, 0x00, 0x00, 0x00,
	0x00, 0x00, 0x00, 0x00, 0x00, 0x00, 0x00, 0x00, 0x00, 0x00, 0x00, 0x00, 0x00, 0x00, 0x00, 0x00,
	0x00, 0x00, 0x00, 0x00, 0x00, 0x00, 0x00, 0x00, 0x00, 0x00, 0x00, 0x00, 0x00, 0x00, 0x00, 0x00,
	0x00, 0x00, 0x00, 0x00, 0x00, 0x00, 0x00, 0x00, 0x00, 0x00, 0x00, 0x00, 0x00, 0x00, 0x00, 0x00,
	0x00, 0x00, 0x00, 0x00, 0x00, 0x00, 0x00, 0x00, 0x00, 0x00, 0x00, 0x00, 0x00, 0x00, 0x00, 0x00,
	0x00, 0x00, 0x00, 0x00, 0x00, 0x00, 0x00, 0x00, 0x00, 0x00, 0x00, 0x00, 0x00, 0x00, 0x00, 0x00,
	0x00, 0x00, 0x00, 0x00, 0x00, 0x00, 0x00, 0x00, 0x00, 0x00, 0x00, 0x00, 0x00, 0x00, 0x00, 0x00,
	0x00, 0x00, 0x00, 0x00, 0x00, 0x00, 0x00, 0x00, 0x00, 0x00, 0x00, 0x00, 0x00, 0x00, 0x00, 0x00,
	0x00, 0x00, 0x00, 0x00, 0x00, 0x00, 0x00, 0x00, 0x00, 0x00, 0x00, 0x00, 0x00, 0x00, 0x00, 0x00,
	0x00, 0x00, 0x00, 0x00, 0x00, 0x00, 0x00, 0x00, 0x00, 0x00, 0x00, 0x00, 0x00, 0x00, 0x00, 0x00,
	0x00, 0x00, 0x00, 0x00, 0x00, 0x00, 0x00, 0x00, 0x00, 0x00, 0x00, 0x00, 0x00, 0x00, 0x00, 0x00,
	0x00, 0x00, 0x00, 0x00, 0x00, 0x00, 0x00, 0x00, 0x00, 0x00, 0x00, 0x00, 0x00, 0x00, 0x00, 0x00,
	0x00, 0x00, 0x00, 0x00, 0x00, 0x00, 0x00, 0x00, 0x00, 0x00, 0x00, 0x00, 0x00, 0x00, 0x00, 0x00,
	0x00, 0x00, 0x00, 0x00, 0x00, 0x00, 0x00, 0x00, 0x00, 0x00, 0x00, 0x00, 0x00, 0x00, 0x00, 0x00,
	0x00, 0x00, 0x00, 0x00, 0x00, 0x00, 0x00, 0x00, 0x00, 0x00, 0x00, 0x00, 0x00, 0x00, 0x00, 0x00,
	0x00, 0x00, 0x00, 0x00, 0x00, 0x00, 0x00, 0x00, 0x00, 0x00, 0x00, 0x00, 0x00, 0x00, 0x00, 0x00,
	0x00, 0x00, 0x00, 0x00, 0x00, 0x00, 0x00, 0x00, 0x00, 0x00, 0x00, 0x00, 0x00, 0x00, 0x00, 0x00,
	0x00, 0x00, 0x00, 0x00, 0x00, 0x00, 0x00, 0x00, 0x00, 0x00, 0x00, 0x00, 0x00, 0x00, 0x00, 0x00,
	0x00, 0x00, 0x00, 0x00, 0x00, 0x00, 0x00, 0x00, 0x00, 0x00, 0x00, 0x00, 0x00, 0x00, 0x00, 0x00,
	0x00, 0x00, 0x00, 0x00, 0x00, 0x00, 0x00, 0x00, 0x00, 0x00, 0x00, 0x00, 0x00, 0x00, 0x00, 0x00,
	0x00, 0x00, 0x00, 0x00, 0x00, 0x00, 0x00, 0x00, 0x00, 0x00, 0x00, 0x00, 0x00, 0x00, 0x00, 0x00,
	0x00, 0x00, 0x00, 0x00, 0x00, 0x00, 0x00, 0x00, 0x00, 0x00, 0x00, 0x00, 0x00, 0x00, 0x00, 0x00,
	0x00, 0x00, 0x00, 0x00, 0x00, 0x00, 0x00, 0x00, 0x00, 0x00, 0x00, 0x00, 0x00, 0x00, 0x00, 0x00,
	0x00, 0x00, 0x00, 0x00, 0x00, 0x00, 0x00, 0x00, 0x00, 0x00, 0x00, 0x00, 0x00, 0x00, 0x00, 0x00,
	0x00, 0x00, 0x00, 0x00, 0x00, 0x00, 0x00, 0x00, 0x00, 0x00, 0x00, 0x00, 0x00, 0x00, 0x00, 0x00,
	0x00, 0x00, 0x00, 0x00, 0x00, 0x00, 0x00, 0x00, 0x00, 0x00, 0x00, 0x00, 0x00, 0x00, 0x00, 0x00,
	0x00, 0x00, 0x00, 0x00, 0x00, 0x00, 0x00, 0x00, 0x00, 0x00, 0x00, 0x00, 0x00, 0x00, 0x00, 0x00,
	0x00, 0x00, 0x00, 0x00, 0x00, 0x00, 0x00, 0x00, 0x00, 0x00, 0x00, 0x00, 0x00, 0x00, 0x00, 0x00,
	0x00, 0x00, 0x00, 0x00, 0x00, 0x00, 0x00, 0x00, 0x00, 0x00, 0x00, 0x00, 0x00, 0x00, 0x00, 0x00,
	0x00, 0x00, 0x00, 0x00, 0x00, 0x00, 0x00, 0x00, 0x00, 0x00, 0x00, 0x00, 0x00, 0x00, 0x00, 0x00,
	0x00, 0x00, 0x00, 0x00, 0x00, 0x00, 0x00, 0x00, 0x00, 0x00, 0x00, 0x00, 0x00, 0x00, 0x00, 0x00,
	0x00, 0x00, 0x00, 0x00, 0x00, 0x00, 0x00, 0x00, 0x00, 0x00, 0x00, 0x00, 0x00, 0x00, 0x00, 0x00,
	0x00, 0x00, 0x00, 0x00, 0x00, 0x00, 0x00, 0x00, 0x00, 0x00, 0x00, 0x00, 0x00, 0x00, 0x00, 0x00,
	0x00, 0x00, 0x00, 0x00, 0x00, 0x00, 0x00, 0x00, 0x00, 0x00, 0x00, 0x00, 0x00, 0x00, 0x00, 0x00,
	0x00, 0x00, 0x00, 0x00, 0x00, 0x00, 0x00, 0x00, 0x00, 0x00, 0x00, 0x00, 0x00, 0x00, 0x00, 0x00,
	0x00, 0x00, 0x00, 0x00, 0x00, 0x00, 0x00, 0x00, 0x00, 0x00, 0x00, 0x00, 0x00, 0x00, 0x00, 0x00,
	0x00, 0x00, 0x00, 0x00, 0x00, 0x00, 0x00, 0x00, 0x00, 0x00, 0x00, 0x00, 0x00, 0x00, 0x00, 0x00,
	0x00, 0x00, 0x00, 0x00, 0x00, 0x00, 0x00, 0x00, 0x00, 0x00, 0x00, 0x00, 0x00, 0x00, 0x00, 0x00,
	0x00, 0x00, 0x00, 0x00, 0x00, 0x00, 0x00, 0x00, 0x00, 0x00, 0x00, 0x00, 0x00, 0x00, 0x00, 0x00,
	0x00, 0x00, 0x00, 0x00, 0x00, 0x00, 0x00, 0x00, 0x00, 0x00, 0x00, 0x00, 0x00, 0x00, 0x00, 0x00,
	0x00, 0x00, 0x00, 0x00, 0x00, 0x00, 0x00, 0x00, 0x00, 0x00, 0x00, 0x00, 0x00, 0x00, 0x00, 0x00,
	0x00, 0x00, 0x00, 0x00, 0x00, 0x00, 0x00, 0x00, 0x00, 0x00, 0x00, 0x00, 0x00, 0x00, 0x00, 0x00,
	0x00, 0x00, 0x00, 0x00, 0x00, 0x00, 0x00, 0x00, 0x00, 0x00, 0x00, 0x00, 0x00, 0x00, 0x00, 0x00,
	0x00, 0x00, 0x00, 0x00, 0x00, 0x00, 0x00, 0x00, 0x00, 0x00, 0x00, 0x00, 0x00, 0x00, 0x00, 0x00,
	0x00, 0x00, 0x00, 0x00, 0x00, 0x00, 0x00, 0x00, 0x00, 0x00, 0x00, 0x00, 0x00, 0x00, 0x00, 0x00,
	0x00, 0x00, 0x00, 0x00, 0x00, 0x00, 0x00, 0x00, 0x00, 0x00, 0x00, 0x00, 0x00, 0x00, 0x00, 0x00,
	0x00, 0x00, 0x00, 0x00, 0x00, 0x00, 0x00, 0x00, 0x00, 0x00, 0x00, 0x00, 0x00, 0x00, 0x00, 0x00,
	0x00, 0x00, 0x00, 0x00, 0x00, 0x00, 0x00, 0x00, 0x00, 0x00, 0x00, 0x00, 0x00, 0x00, 0x00, 0x00,
	0x00, 0x00, 0x00, 0x00, 0x00, 0x00, 0x00, 0x00, 0x00, 0x00, 0x00, 0x00, 0x00, 0x00, 0x00, 0x00,
	0x00, 0x00, 0x00, 0x00, 0x00, 0x00, 0x00, 0x00, 0x00, 0x00, 0x00, 0x00, 0x00, 0x00, 0x00, 0x00,
	0x00, 0x00, 0x00, 0x00, 0x00, 0x00, 0x00, 0x00, 0x00, 0x00, 0x00, 0x00, 0x00, 0x00, 0x00, 0x00,
	0x00, 0x00, 0x00, 0x00, 0x00, 0x00, 0x00, 0x00, 0x00, 0x00, 0x00, 0x00, 0x00, 0x00, 0x00, 0x00,
	0x00, 0x00, 0x00, 0x00, 0x00, 0x00, 0x00, 0x00, 0x00, 0x00, 0x00, 0x00, 0x00, 0x00, 0x00, 0x00,
	0x00, 0x00, 0x00, 0x00, 0x00, 0x00, 0x00, 0x00, 0x00, 0x00, 0x00, 0x00, 0x00, 0x00, 0x00, 0x00,
	0x00, 0x00, 0x00, 0x00, 0x00, 0x00, 0x00, 0x00, 0x00, 0x00, 0x00, 0x00, 0x00, 0x00, 0x00, 0x00,
	0x00, 0x00, 0x00, 0x00, 0x00, 0x00, 0x00, 0x00, 0x00, 0x00, 0x00, 0x00, 0x00, 0x00, 0x00, 0x00,
	0x00, 0x00, 0x00, 0x00, 0x00, 0x00, 0x00, 0x00, 0x00, 0x00, 0x00, 0x00, 0x00, 0x00, 0x00, 0x00,
	0x00, 0x00, 0x00, 0x00, 0x00, 0x00, 0x00, 0x00, 0x00, 0x00, 0x00, 0x00, 0x00, 0x00, 0x00, 0x00,
	0x00, 0x00, 0x00, 0x00, 0x00, 0x00, 0x00, 0x00, 0x00, 0x00, 0x00, 0x00, 0x00, 0x00, 0x00, 0x00,
	0x00, 0x00, 0x00, 0x00, 0x00, 0x00, 0x00, 0x00, 0x00, 0x00, 0x00, 0x00, 0x00, 0x00, 0x00, 0x00,
	0x00, 0x00, 0x00, 0x00, 0x00, 0x00, 0x00, 0x00, 0x00, 0x00, 0x00, 0x00, 0x00, 0x00, 0x00, 0x00,
	0x00, 0x00, 0x00, 0x00, 0x00, 0x00, 0x00, 0x00, 0x00, 0x00, 0x00, 0x00, 0x00, 0x00, 0x00, 0x00,
	0x00, 0x00, 0x00, 0x00, 0x00, 0x00, 0x00, 0x00, 0x00, 0x00, 0x00, 0x00, 0x00, 0x00, 0x00, 0x00,
	0x00, 0x00, 0x00, 0x00, 0x00, 0x00, 0x00, 0x00, 0x00, 0x00, 0x00, 0x00, 0x00, 0x00, 0x00, 0x00,
	0x00, 0x00, 0x00, 0x00, 0x00, 0x00, 0x00, 0x00, 0x00, 0x00, 0x00, 0x00, 0x00, 0x00, 0x00, 0x00,
	0x00, 0x00, 0x00, 0x00, 0x00, 0x00, 0x00, 0x00, 0x00, 0x00, 0x00, 0x00, 0x00, 0x00, 0x00, 0x00,
	0x00, 0x00, 0x00, 0x00, 0x00, 0x00, 0x00, 0x00, 0x00, 0x00, 0x00, 0x00, 0x00, 0x00, 0x00, 0x00,
	0x00, 0x00, 0x00, 0x00, 0x00, 0x00, 0x00, 0x00, 0x00, 0x00, 0x00, 0x00, 0x00, 0x00, 0x00, 0x00,
	0x00, 0x00, 0x00, 0x00, 0x00, 0x00, 0x00, 0x00, 0x00, 0x00, 0x00, 0x00, 0x00, 0x00, 0x00, 0x00,
	0x00, 0x00, 0x00, 0x00, 0x00, 0x00, 0x00, 0x00, 0x00, 0x00, 0x00, 0x00, 0x00, 0x00, 0x00, 0x00,
	0x00, 0x00, 0x00, 0x00, 0x00, 0x00, 0x00, 0x00, 0x00, 0x00, 0x00, 0x00, 0x00, 0x00, 0x00, 0x00,
	0x00, 0x00, 0x00, 0x00, 0x00, 0x00, 0x00, 0x00, 0x00, 0x00, 0x00, 0x00, 0x00, 0x00, 0x00, 0x00,
	0x00, 0x00, 0x00, 0x00, 0x00, 0x00, 0x00, 0x00, 0x00, 0x00, 0x00, 0x00, 0x00, 0x00, 0x00, 0x00,
	0x00, 0x00, 0x00, 0x00, 0x00, 0x00, 0x00, 0x00, 0x00, 0x00, 0x00, 0x00, 0x00, 0x00, 0x00, 0x00,
	0x00, 0x00, 0x00, 0x00, 0x00, 0x00, 0x00, 0x00, 0x00, 0x00, 0x00, 0x00, 0x00, 0x00, 0x00, 0x00,
	0x00, 0x00, 0x00, 0x00, 0x00, 0x00, 0x00, 0x00, 0x00, 0x00, 0x00, 0x00, 0x00, 0x00, 0x00, 0x00,
	0x00, 0x00, 0x00, 0x00, 0x00, 0x00, 0x00, 0x00, 0x00, 0x00, 0x00, 0x00, 0x00, 0x00, 0x00, 0x00,
	0x00, 0x00, 0x00, 0x00, 0x00, 0x00, 0x00, 0x00, 0x00, 0x00, 0x00, 0x00, 0x00, 0x00, 0x00, 0x00,
	0x00, 0x00, 0x00, 0x00, 0x00, 0x00, 0x00, 0x00, 0x00, 0x00, 0x00, 0x00, 0x00, 0x00, 0x00, 0x00,
	0x00, 0x00, 0x00, 0x00, 0x00, 0x00, 0x00, 0x00, 0x00, 0x00, 0x00, 0x00, 0x00, 0x00, 0x00, 0x00,
	0x00, 0x00, 0x00, 0x00, 0x00, 0x00, 0x00, 0x00, 0x00, 0x00, 0x00, 0x00, 0x00, 0x00, 0x00, 0x00,
	0x00, 0x00, 0x00, 0x00, 0x00, 0x00, 0x00, 0x00, 0x00, 0x00, 0x00, 0x00, 0x00, 0x00, 0x00, 0x00,
	0x00, 0x00, 0x00, 0x00, 0x00, 0x00, 0x00, 0x00, 0x00, 0x00, 0x00, 0x00, 0x00, 0x00, 0x00, 0x00,
	0x00, 0x00, 0x00, 0x00, 0x00, 0x00, 0x00, 0x00, 0x00, 0x00, 0x00, 0x00, 0x00, 0x00, 0x00, 0x00,
	0x00, 0x00, 0x00, 0x00, 0x00, 0x00, 0x00, 0x00, 0x00, 0x00, 0x00, 0x00, 0x00, 0x00, 0x00, 0x00,
	0x00, 0x00, 0x00, 0x00, 0x00, 0x00, 0x00, 0x00, 0x00, 0x00, 0x00, 0x00, 0x00, 0x00, 0x00, 0x00,
	0x00, 0x00, 0x00, 0x00, 0x00, 0x00, 0x00, 0x00, 0x00, 0x00, 0x00, 0x00, 0x00, 0x00, 0x00, 0x00,
	0x00, 0x00, 0x00, 0x00, 0x00, 0x00, 0x00, 0x00, 0x00, 0x00, 0x00, 0x00, 0x00, 0x00, 0x00, 0x00,
	0x00, 0x00, 0x00, 0x00, 0x00, 0x00, 0x00, 0x00, 0x00, 0x00, 0x00, 0x00, 0x00, 0x00, 0x00, 0x00,
	0x00, 0x00, 0x00, 0x00, 0x00, 0x00, 0x00, 0x00, 0x00, 0x00, 0x00, 0x00, 0x00, 0x00, 0x00, 0x00,
	0x00, 0x00, 0x00, 0x00, 0x00, 0x00, 0x00, 0x00, 0x00, 0x00, 0x00, 0x00, 0x00, 0x00, 0x00, 0x00,
	0x00, 0x00, 0x00, 0x00, 0x00, 0x00, 0x00, 0x00, 0x00, 0x00, 0x00, 0x00, 0x00, 0x00, 0x00, 0x00,
	0x00, 0x00, 0x00, 0x00, 0x00, 0x00, 0x00, 0x00, 0x00, 0x00, 0x00, 0x00, 0x00, 0x00, 0x00, 0x00,
	0x00, 0x00, 0x00, 0x00, 0x00, 0x00, 0x00, 0x00, 0x00, 0x00, 0x00, 0x00, 0x00, 0x00, 0x00, 0x00,
	0x00, 0x00, 0x00, 0x00, 0x00, 0x00, 0x00, 0x00, 0x00, 0x00, 0x00, 0x00, 0x00, 0x00, 0x00, 0x00,
	0x00, 0x00, 0x00, 0x00, 0x00, 0x00, 0x00, 0x00, 0x00, 0x00, 0x00, 0x00, 0x00, 0x00, 0x00, 0x00,
	0x00, 0x00, 0x00, 0x00, 0x00, 0x00, 0x00, 0x00, 0x00, 0x00, 0x00, 0x00, 0x00, 0x00, 0x00, 0x00,
	0x00, 0x00, 0x00, 0x00, 0x00, 0x00, 0x00, 0x00, 0x00, 0x00, 0x00, 0x00, 0x00, 0x00, 0x00, 0x00,
	0x00, 0x00, 0x00, 0x00, 0x00, 0x00, 0x00, 0x00, 0x00, 0x00, 0x00, 0x00, 0x00, 0x00, 0x00, 0x00,
	0x00, 0x00, 0x00, 0x00, 0x00, 0x00, 0x00, 0x00, 0x00, 0x00, 0x00, 0x00, 0x00, 0x00, 0x00, 0x00,
	0x00, 0x00, 0x00, 0x00, 0x00, 0x00, 0x00, 0x00, 0x00, 0x00, 0x00, 0x00, 0x00, 0x00, 0x00, 0x00,
	0x00, 0x00, 0x00, 0x00, 0x00, 0x00, 0x00, 0x00, 0x00, 0x00, 0x00, 0x00, 0x00, 0x00, 0x00, 0x00,
	0x00, 0x00, 0x00, 0x00, 0x00, 0x00, 0x00, 0x00, 0x00, 0x00, 0x00, 0x00, 0x00, 0x00, 0x00, 0x00,
	0x00, 0x00, 0x00, 0x00, 0x00, 0x00, 0x00, 0x00, 0x00, 0x00, 0x00, 0x00, 0x00, 0x00, 0x00, 0x00,
	0x00, 0x00, 0x00, 0x00, 0x00, 0x00, 0x00, 0x00, 0x00, 0x00, 0x00, 0x00, 0x00, 0x00, 0x00, 0x00,
	0x00, 0x00, 0x00, 0x00, 0x00, 0x00, 0x00, 0x00, 0x00, 0x00, 0x00, 0x00, 0x00, 0x00, 0x00, 0x00,
	0x00, 0x00, 0x00, 0x00, 0x00, 0x00, 0x00, 0x00, 0x00, 0x00, 0x00, 0x00, 0x00, 0x00, 0x00, 0x00,
	0x00, 0x00, 0x00, 0x00, 0x00, 0x00, 0x00, 0x00, 0x00, 0x00, 0x00, 0x00, 0x00, 0x00, 0x00, 0x00,
	0x00, 0x00, 0x00, 0x00, 0x00, 0x00, 0x00, 0x00, 0x00, 0x00, 0x00, 0x00, 0x00, 0x00, 0x00, 0x00,
	0x00, 0x00, 0x00, 0x00, 0x00, 0x00, 0x00, 0x00, 0x00, 0x00, 0x00, 0x00, 0x00, 0x00, 0x00, 0x00,
	0x00, 0x00, 0x00, 0x00, 0x00, 0x00, 0x00, 0x00, 0x00, 0x00, 0x00, 0x00, 0x00, 0x00, 0x00, 0x00,
	0x00, 0x00, 0x00, 0x00, 0x00, 0x00, 0x00, 0x00, 0x00, 0x00, 0x00, 0x00, 0x00, 0x00, 0x00, 0x00,
	0x00, 0x00, 0x00, 0x00, 0x00, 0x00, 0x00, 0x00, 0x00, 0x00, 0x00, 0x00, 0x00, 0x00, 0x00, 0x00,
	0x00, 0x00, 0x00, 0x00, 0x00, 0x00, 0x00, 0x00, 0x00, 0x00, 0x00, 0x00, 0x00, 0x00, 0x00, 0x00,
	0x00, 0x00, 0x00, 0x00, 0x00, 0x00, 0x00, 0x00, 0x00, 0x00, 0x00, 0x00, 0x00, 0x00, 0x00, 0x00,
	0x00, 0x00, 0x00, 0x00, 0x00, 0x00, 0x00, 0x00, 0x00, 0x00, 0x00, 0x00, 0x00, 0x00, 0x00, 0x00,
	0x00, 0x00, 0x00, 0x00, 0x00, 0x00, 0x00, 0x00, 0x00, 0x00, 0x00, 0x00, 0x00, 0x00, 0x00, 0x00,
	0x00, 0x00, 0x00, 0x00, 0x00, 0x00, 0x00, 0x00, 0x00, 0x00, 0x00, 0x00, 0x00, 0x00, 0x00, 0x00,
	0x00, 0x00, 0x00, 0x00, 0x00, 0x00, 0x00, 0x00, 0x00, 0x00, 0x00, 0x00, 0x00, 0x00, 0x00, 0x00,
	0x00, 0x00, 0x00, 0x00, 0x00, 0x00, 0x00, 0x00, 0x00, 0x00, 0x00, 0x00, 0x00, 0x00, 0x00, 0x00,
	0x00, 0x00, 0x00, 0x00, 0x00, 0x00, 0x00, 0x00, 0x00, 0x00, 0x00, 0x00, 0x00, 0x00, 0x00, 0x00,
	0x00, 0x00, 0x00, 0x00, 0x00, 0x00, 0x00, 0x00, 0x00, 0x00, 0x00, 0x00, 0x00, 0x00, 0x00, 0x00,
	0x00, 0x00, 0x00, 0x00, 0x00, 0x00, 0x00, 0x00, 0x00, 0x00, 0x00, 0x00, 0x00, 0x00, 0x00, 0x00,
	0x00, 0x00, 0x00, 0x00, 0x00, 0x00, 0x00, 0x00, 0x00, 0x00, 0x00, 0x00, 0x00, 0x00, 0x00, 0x00,
	0x00, 0x00, 0x00, 0x00, 0x00, 0x00, 0x00, 0x00, 0x00, 0x00, 0x00, 0x00, 0x00, 0x00, 0x00, 0x00,
	0x00, 0x00, 0x00, 0x00, 0x00, 0x00, 0x00, 0x00, 0x00, 0x00, 0x00, 0x00, 0x00, 0x00, 0x00, 0x00,
	0x00, 0x00, 0x00, 0x00, 0x00, 0x00, 0x00, 0x00, 0x00, 0x00, 0x00, 0x00, 0x00, 0x00, 0x00, 0x00,
	0x00, 0x00, 0x00, 0x00, 0x00, 0x00, 0x00, 0x00, 0x00, 0x00, 0x00, 0x00, 0x00, 0x00, 0x00, 0x00,
	0x00, 0x00, 0x00, 0x00, 0x00, 0x00, 0x00, 0x00, 0x00, 0x00, 0x00, 0x00, 0x00, 0x00, 0x00, 0x00,
	0x00, 0x00, 0x00, 0x00, 0x00, 0x00, 0x00, 0x00, 0x00, 0x00, 0x00, 0x00, 0x00, 0x00, 0x00, 0x00,
	0x00, 0x00, 0x00, 0x00, 0x00, 0x00, 0x00, 0x00, 0x00, 0x00, 0x00, 0x00, 0x00, 0x00, 0x00, 0x00,
	0x00, 0x00, 0x00, 0x00, 0x00, 0x00, 0x00, 0x00, 0x00, 0x00, 0x00, 0x00, 0x00, 0x00, 0x00, 0x00,
	0x00, 0x00, 0x00, 0x00, 0x00, 0x00, 0x00, 0x00, 0x00, 0x00, 0x00, 0x00, 0x00, 0x00, 0x00, 0x00,
	0x00, 0x00, 0x00, 0x00, 0x00, 0x00, 0x00, 0x00, 0x00, 0x00, 0x00, 0x00, 0x00, 0x00, 0x00, 0x00,
	0x00, 0x00, 0x00, 0x00, 0x00, 0x00, 0x00, 0x00, 0x00, 0x00, 0x00, 0x00, 0x00, 0x00, 0x00, 0x00,
	0x00, 0x00, 0x00, 0x00, 0x00, 0x00, 0x00, 0x00, 0x00, 0x00, 0x00, 0x00, 0x00, 0x00, 0x00, 0x00,
	0x00, 0x00, 0x00, 0x00, 0x00, 0x00, 0x00, 0x00, 0x00, 0x00, 0x00, 0x00, 0x00, 0x00, 0x00, 0x00,
	0x00, 0x00, 0x00, 0x00, 0x00, 0x00, 0x00, 0x00, 0x00, 0x00, 0x00, 0x00, 0x00, 0x00, 0x00, 0x00,
	0x00, 0x00, 0x00, 0x00, 0x00, 0x00, 0x00, 0x00, 0x00, 0x00, 0x00, 0x00, 0x00, 0x00, 0x00, 0x00,
	0x00, 0x00, 0x00, 0x00, 0x00, 0x00, 0x00, 0x00, 0x00, 0x00, 0x00, 0x00, 0x00, 0x00, 0x00, 0x00,
	0x00, 0x00, 0x00, 0x00, 0x00, 0x00, 0x00, 0x00, 0x00, 0x00, 0x00, 0x00, 0x00, 0x00, 0x00, 0x00,
	0x00, 0x00, 0x00, 0x00, 0x00, 0x00, 0x00, 0x00, 0x00, 0x00, 0x00, 0x00, 0x00, 0x00, 0x00, 0x00,
	0x00, 0x00, 0x00, 0x00, 0x00, 0x00, 0x00, 0x00, 0x00, 0x00, 0x00, 0x00, 0x00, 0x00, 0x00, 0x00,
	0x00, 0x00, 0x00, 0x00, 0x00, 0x00, 0x00, 0x00, 0x00, 0x00, 0x00, 0x00, 0x00, 0x00, 0x00, 0x00,
	0x00, 0x00, 0x00, 0x00, 0x00, 0x00, 0x00, 0x00, 0x00, 0x00, 0x00, 0x00, 0x00, 0x00, 0x00, 0x00,
	0x00, 0x00, 0x00, 0x00, 0x00, 0x00, 0x00, 0x00, 0x00, 0x00, 0x00, 0x00, 0x00, 0x00, 0x00, 0x00,
	0x00, 0x00, 0x00, 0x00, 0x00, 0x00, 0x00, 0x00, 0x00, 0x00, 0x00, 0x00, 0x00, 0x00, 0x00, 0x00,
	0x00, 0x00, 0x00, 0x00, 0x00, 0x00, 0x00, 0x00, 0x00, 0x00, 0x00, 0x00, 0x00, 0x00, 0x00, 0x00,
	0x00, 0x00, 0x00, 0x00, 0x00, 0x00, 0x00, 0x00, 0x00, 0x00, 0x00, 0x00, 0x00, 0x00, 0x00, 0x00,
	0x00, 0x00, 0x00, 0x00, 0x00, 0x00, 0x00, 0x00, 0x00, 0x00, 0x00, 0x00, 0x00, 0x00, 0x00, 0x00,
	0x00, 0x00, 0x00, 0x00, 0x00, 0x00, 0x00, 0x00, 0x00, 0x00, 0x00, 0x00, 0x00, 0x00, 0x00, 0x00,
	0x00, 0x00, 0x00, 0x00, 0x00, 0x00, 0x00, 0x00, 0x00, 0x00, 0x00, 0x00, 0x00, 0x00, 0x00, 0x00,
	0x00, 0x00, 0x00, 0x00, 0x00, 0x00, 0x00, 0x00, 0x00, 0x00, 0x00, 0x00, 0x00, 0x00, 0x00, 0x00,
	0x00, 0x00, 0x00, 0x00, 0x00, 0x00, 0x00, 0x00, 0x00, 0x00, 0x00, 0x00, 0x00, 0x00, 0x00, 0x00,
	0x00, 0x00, 0x00, 0x00, 0x00, 0x00, 0x00, 0x00, 0x00, 0x00, 0x00, 0x00, 0x00, 0x00, 0x00, 0x00,
	0x00, 0x00, 0x00, 0x00, 0x00, 0x00, 0x00, 0x00, 0x00, 0x00, 0x00, 0x00, 0x00, 0x00, 0x00, 0x00,
	0x00, 0x00, 0x00, 0x00, 0x00, 0x00, 0x00, 0x00, 0x00, 0x00, 0x00, 0x00, 0x00, 0x00, 0x00, 0x00,
	0x00, 0x00, 0x00, 0x00, 0x00, 0x00, 0x00, 0x00, 0x00, 0x00, 0x00, 0x00, 0x00, 0x00, 0x00, 0x00,
	0x00, 0x00, 0x00, 0x00, 0x00, 0x00, 0x00, 0x00, 0x00, 0x00, 0x00, 0x00, 0x00, 0x00, 0x00, 0x00,
	0x00, 0x00, 0x00, 0x00, 0x00, 0x00, 0x00, 0x00, 0x00, 0x00, 0x00, 0x00, 0x00, 0x00, 0x00, 0x00,
	0x00, 0x00, 0x00, 0x00, 0x00, 0x00, 0x00, 0x00, 0x00, 0x00, 0x00, 0x00, 0x00, 0x00, 0x00, 0x00,
	0x00, 0x00, 0x00, 0x00, 0x00, 0x00, 0x00, 0x00, 0x00, 0x00, 0x00, 0x00, 0x00, 0x00, 0x00, 0x00,
	0x00, 0x00, 0x00, 0x00, 0x00, 0x00, 0x00, 0x00, 0x00, 0x00, 0x00, 0x00, 0x00, 0x00, 0x00, 0x00,
	0x00, 0x00, 0x00, 0x00, 0x00, 0x00, 0x00, 0x00, 0x00, 0x00, 0x00, 0x00, 0x00, 0x00, 0x00, 0x00,
	0x00, 0x00, 0x00, 0x00, 0x00, 0x00, 0x00, 0x00, 0x00, 0x00, 0x00, 0x00, 0x00, 0x00, 0x00, 0x00,
	0x00, 0x00, 0x00, 0x00, 0x00, 0x00, 0x00, 0x00, 0x00, 0x00, 0x00, 0x00, 0x00, 0x00, 0x00, 0x00,
	0x00, 0x00, 0x00, 0x00, 0x00, 0x00, 0x00, 0x00, 0x00, 0x00, 0x00, 0x00, 0x00, 0x00, 0x00, 0x00,
	0x00, 0x00, 0x00, 0x00, 0x00, 0x00, 0x00, 0x00, 0x00, 0x00, 0x00, 0x00, 0x00, 0x00, 0x00, 0x00,
	0x00, 0x00, 0x00, 0x00, 0x00, 0x00, 0x00, 0x00, 0x00, 0x00, 0x00, 0x00, 0x00, 0x00, 0x00, 0x00,
	0x00, 0x00, 0x00, 0x00, 0x00, 0x00, 0x00, 0x00, 0x00, 0x00, 0x00, 0x00, 0x00, 0x00, 0x00, 0x00,
	0x00, 0x00, 0x00, 0x00, 0x00, 0x00, 0x00, 0x00, 0x00, 0x00, 0x00, 0x00, 0x00, 0x00, 0x00, 0x00,
	0x00, 0x00, 0x00, 0x00, 0x00, 0x00, 0x00, 0x00, 0x00, 0x00, 0x00, 0x00, 0x00, 0x00, 0x00, 0x00,
	0x00, 0x00, 0x00, 0x00, 0x00, 0x00, 0x00, 0x00, 0x00, 0x00, 0x00, 0x00, 0x00, 0x00, 0x00, 0x00,
	0x00, 0x00, 0x00, 0x00, 0x00, 0x00, 0x00, 0x00, 0x00, 0x00, 0x00, 0x00, 0x00, 0x00, 0x00, 0x00,
	0x00, 0x00, 0x00, 0x00, 0x00, 0x00, 0x00, 0x00, 0x00, 0x00, 0x00, 0x00, 0x00, 0x00, 0x00, 0x00,
	0x00, 0x00, 0x00, 0x00, 0x00, 0x00, 0x00, 0x00, 0x00, 0x00, 0x00, 0x00, 0x00, 0x00, 0x00, 0x00,
	0x00, 0x00, 0x00, 0x00, 0x00, 0x00, 0x00, 0x00, 0x00, 0x00, 0x00, 0x00, 0x00, 0x00, 0x00, 0x00,
	0x00, 0x00, 0x00, 0x00, 0x00, 0x00, 0x00, 0x00, 0x00, 0x00, 0x00, 0x00, 0x00, 0x00, 0x00, 0x00,
	0x00, 0x00, 0x00, 0x00, 0x00, 0x00, 0x00, 0x00, 0x00, 0x00, 0x00, 0x00, 0x00, 0x00, 0x00, 0x00,
	0x00, 0x00, 0x00, 0x00, 0x00, 0x00, 0x00, 0x00, 0x00, 0x00, 0x00, 0x00, 0x00, 0x00, 0x00, 0x00,
	0x00, 0x00, 0x00, 0x00, 0x00, 0x00, 0x00, 0x00, 0x00, 0x00, 0x00, 0x00, 0x00, 0x00, 0x00, 0x00,
	0x00, 0x00, 0x00, 0x00, 0x00, 0x00, 0x00, 0x00, 0x00, 0x00, 0x00, 0x00, 0x00, 0x00, 0x00, 0x00,
	0x00, 0x00, 0x00, 0x00, 0x00, 0x00, 0x00, 0x00, 0x00, 0x00, 0x00, 0x00, 0x00, 0x00, 0x00, 0x00,
	0x00, 0x00, 0x00, 0x00, 0x00, 0x00, 0x00, 0x00, 0x00, 0x00, 0x00, 0x00, 0x00, 0x00, 0x00, 0x00,
	0x00, 0x00, 0x00, 0x00, 0x00, 0x00, 0x00, 0x00, 0x00, 0x00, 0x00, 0x00, 0x00, 0x00, 0x00, 0x00,
	0x00, 0x00, 0x00, 0x00, 0x00, 0x00, 0x00, 0x00, 0x00, 0x00, 0x00, 0x00, 0x00, 0x00, 0x00, 0x00,
	0x00, 0x00, 0x00, 0x00, 0x00, 0x00, 0x00, 0x00, 0x00, 0x00, 0x00, 0x00, 0x00, 0x00, 0x00, 0x00,
	0x00, 0x00, 0x00, 0x00, 0x00, 0x00, 0x00, 0x00, 0x00, 0x00, 0x00, 0x00, 0x00, 0x00, 0x00, 0x00,
	0x00, 0x00, 0x00, 0x00, 0x00, 0x00, 0x00, 0x00, 0x00, 0x00, 0x00, 0x00, 0x00, 0x00, 0x00, 0x00,
	0x00, 0x00, 0x00, 0x00, 0x00, 0x00, 0x00, 0x00, 0x00, 0x00, 0x00, 0x00, 0x00, 0x00, 0x00, 0x00,
	0x00, 0x00, 0x00, 0x00, 0x00, 0x00, 0x00, 0x00, 0x00, 0x00, 0x00, 0x00, 0x00, 0x00, 0x00, 0x00,
	0x00, 0x00, 0x00, 0x00, 0x00, 0x00, 0x00, 0x00, 0x00, 0x00, 0x00, 0x00, 0x00, 0x00, 0x00, 0x00,
	0x00, 0x00, 0x00, 0x00, 0x00, 0x00, 0x00, 0x00, 0x00, 0x00, 0x00, 0x00, 0x00, 0x00, 0x00, 0x00,
	0x00, 0x00, 0x00, 0x00, 0x00, 0x00, 0x00, 0x00, 0x00, 0x00, 0x00, 0x00, 0x00, 0x00, 0x00, 0x00,
	0x00, 0x00, 0x00, 0x00, 0x00, 0x00, 0x00, 0x00, 0x00, 0x00, 0x00, 0x00, 0x00, 0x00, 0x00, 0x00,
	0x00, 0x00, 0x00, 0x00, 0x00, 0x00, 0x00, 0x00, 0x00, 0x00, 0x00, 0x00, 0x00, 0x00, 0x00, 0x00,
	0x00, 0x00, 0x00, 0x00, 0x00, 0x00, 0x00, 0x00, 0x00, 0x00, 0x00, 0x00, 0x00, 0x00, 0x00, 0x00,
	0x00, 0x00, 0x00, 0x00, 0x00, 0x00, 0x00, 0x00, 0x00, 0x00, 0x00, 0x00, 0x00, 0x00, 0x00, 0x00,
	0x00, 0x00, 0x00, 0x00, 0x00, 0x00, 0x00, 0x00, 0x00, 0x00, 0x00, 0x00, 0x00, 0x00, 0x00, 0x00,
	0x00, 0x00, 0x00, 0x00, 0x00, 0x00, 0x00, 0x00, 0x00, 0x00, 0x00, 0x00, 0x00, 0x00, 0x00, 0x00,
	0x00, 0x00, 0x00, 0x00, 0x00, 0x00, 0x00, 0x00, 0x00, 0x00, 0x00, 0x00, 0x00, 0x00, 0x00, 0x00,
	0x00, 0x00, 0x00, 0x00, 0x00, 0x00, 0x00, 0x00, 0x00, 0x00, 0x00, 0x00, 0x00, 0x00, 0x00, 0x00,
	0x00, 0x00, 0x00, 0x00, 0x00, 0x00, 0x00, 0x00, 0x00, 0x00, 0x00, 0x00, 0x00, 0x00, 0x00, 0x00,
	0x00, 0x00, 0x00, 0x00, 0x00, 0x00, 0x00, 0x00, 0x00, 0x00, 0x00, 0x00, 0x00, 0x00, 0x00, 0x00,
	0x00, 0x00, 0x00, 0x00, 0x00, 0x00, 0x00, 0x00, 0x00, 0x00, 0x00, 0x00, 0x00, 0x00, 0x00, 0x00,
	0x00, 0x00, 0x00, 0x00, 0x00, 0x00, 0x00, 0x00, 0x00, 0x00, 0x00, 0x00, 0x00, 0x00, 0x00, 0x00,
	0x00, 0x00, 0x00, 0x00, 0x00, 0x00, 0x00, 0x00, 0x00, 0x00, 0x00, 0x00, 0x00, 0x00, 0x00, 0x00,
	0x00, 0x00, 0x00, 0x00, 0x00, 0x00, 0x00, 0x00, 0x00, 0x00, 0x00, 0x00, 0x00, 0x00, 0x00, 0x00,
	0x00, 0x00, 0x00, 0x00, 0x00, 0x00, 0x00, 0x00, 0x00, 0x00, 0x00, 0x00, 0x00, 0x00, 0x00, 0x00,
	0x00, 0x00, 0x00, 0x00, 0x00, 0x00, 0x00, 0x00, 0x00, 0x00, 0x00, 0x00, 0x00, 0x00, 0x00, 0x00,
	0x00, 0x00, 0x00, 0x00, 0x00, 0x00, 0x00, 0x00, 0x00, 0x00, 0x00, 0x00, 0x00, 0x00, 0x00, 0x00,
	0x00, 0x00, 0x00, 0x00, 0x00, 0x00, 0x00, 0x00, 0x00, 0x00, 0x00, 0x00, 0x00, 0x00, 0x00, 0x00,
	0x00, 0x00, 0x00, 0x00, 0x00, 0x00, 0x00, 0x00, 0x00, 0x00, 0x00, 0x00, 0x00, 0x00, 0x00, 0x00,
	0x00, 0x00, 0x00, 0x00, 0x00, 0x00, 0x00, 0x00, 0x00, 0x00, 0x00, 0x00, 0x00, 0x00, 0x00, 0x00,
	0x00, 0x00, 0x00, 0x00, 0x00, 0x00, 0x00, 0x00, 0x00, 0x00, 0x00, 0x00, 0x00, 0x00, 0x00, 0x00,
	0x00, 0x00, 0x00, 0x00, 0x00, 0x00, 0x00, 0x00, 0x00, 0x00, 0x00, 0x00, 0x00, 0x00, 0x00, 0x00,
	0x00, 0x00, 0x00, 0x00, 0x00, 0x00, 0x00, 0x00, 0x00, 0x00, 0x00, 0x00, 0x00, 0x00, 0x00, 0x00,
	0x00, 0x00, 0x00, 0x00, 0x00, 0x00, 0x00, 0x00, 0x00, 0x00, 0x00, 0x00, 0x00, 0x00, 0x00, 0x00,
	0x00, 0x00, 0x00, 0x00, 0x00, 0x00, 0x00, 0x00, 0x00, 0x00, 0x00, 0x00, 0x00, 0x00, 0x00, 0x00,
	0x00, 0x00, 0x00, 0x00, 0x00, 0x00, 0x00, 0x00, 0x00, 0x00, 0x00, 0x00, 0x00, 0x00, 0x00, 0x00,
	0x00, 0x00, 0x00, 0x00, 0x00, 0x00, 0x00, 0x00, 0x00, 0x00, 0x00, 0x00, 0x00, 0x00, 0x00, 0x00,
	0x00, 0x00, 0x00, 0x00, 0x00, 0x00, 0x00, 0x00, 0x00, 0x00, 0x00, 0x00, 0x00, 0x00, 0x00, 0x00,
	0x00, 0x00, 0x00, 0x00, 0x00, 0x00, 0x00, 0x00, 0x00, 0x00, 0x00, 0x00, 0x00, 0x00, 0x00, 0x00,
	0x00, 0x00, 0x00, 0x00, 0x00, 0x00, 0x00, 0x00, 0x00, 0x00, 0x00, 0x00, 0x00, 0x00, 0x00, 0x00,
	0x00, 0x00, 0x00, 0x00, 0x00, 0x00, 0x00, 0x00, 0x00, 0x00, 0x00, 0x00, 0x00, 0x00, 0x00, 0x00,
	0x00, 0x00, 0x00, 0x00, 0x00, 0x00, 0x00, 0x00, 0x00, 0x00, 0x00, 0x00, 0x00, 0x00, 0x00, 0x00,
	0x00, 0x00, 0x00, 0x00, 0x00, 0x00, 0x00, 0x00, 0x00, 0x00, 0x00, 0x00, 0x00, 0x00, 0x00, 0x00,
	0x00, 0x00, 0x00, 0x00, 0x00, 0x00, 0x00, 0x00, 0x00, 0x00, 0x00, 0x00, 0x00, 0x00, 0x00, 0x00,
	0x00, 0x00, 0x00, 0x00, 0x00, 0x00, 0x00, 0x00, 0x00, 0x00, 0x00, 0x00, 0x00, 0x00, 0x00, 0x00,
	0x00, 0x00, 0x00, 0x00, 0x00, 0x00, 0x00, 0x00, 0x00, 0x00, 0x00, 0x00, 0x00, 0x00, 0x00, 0x00,
	0x00, 0x00, 0x00, 0x00, 0x00, 0x00, 0x00, 0x00, 0x00, 0x00, 0x00, 0x00, 0x00, 0x00, 0x00, 0x00,
	0x00, 0x00, 0x00, 0x00, 0x00, 0x00, 0x00, 0x00, 0x00, 0x00, 0x00, 0x00, 0x00, 0x00, 0x00, 0x00,
	0x00, 0x00, 0x00, 0x00, 0x00, 0x00, 0x00, 0x00, 0x00, 0x00, 0x00, 0x00, 0x00, 0x00, 0x00, 0x00,
	0x00, 0x00, 0x00, 0x00, 0x00, 0x00, 0x00, 0x00, 0x00, 0x00, 0x00, 0x00, 0x00, 0x00, 0x00, 0x00,
	0x00, 0x00, 0x00, 0x00, 0x00, 0x00, 0x00, 0x00, 0x00, 0x00, 0x00, 0x00, 0x00, 0x00, 0x00, 0x00,
	0x00, 0x00, 0x00, 0x00, 0x00, 0x00, 0x00, 0x00, 0x00, 0x00, 0x00, 0x00, 0x00, 0x00, 0x00, 0x00,
	0x00, 0x00, 0x00, 0x00, 0x00, 0x00, 0x00, 0x00, 0x00, 0x00, 0x00, 0x00, 0x00, 0x00, 0x00, 0x00,
	0x00, 0x00, 0x00, 0x00, 0x00, 0x00, 0x00, 0x00, 0x00, 0x00, 0x00, 0x00, 0x00, 0x00, 0x00, 0x00,
	0x00, 0x00, 0x00, 0x00, 0x00, 0x00, 0x00, 0x00, 0x00, 0x00, 0x00, 0x00, 0x00, 0x00, 0x00, 0x00,
	0x00, 0x00, 0x00, 0x00, 0x00, 0x00, 0x00, 0x00, 0x00, 0x00, 0x00, 0x00, 0x00, 0x00, 0x00, 0x00,
	0x00, 0x00, 0x00, 0x00, 0x00, 0x00, 0x00, 0x00, 0x00, 0x00, 0x00, 0x00, 0x00, 0x00, 0x00, 0x00,
	0x00, 0x00, 0x00, 0x00, 0x00, 0x00, 0x00, 0x00, 0x00, 0x00, 0x00, 0x00, 0x00, 0x00, 0x00, 0x00,
	0x00, 0x00, 0x00, 0x00, 0x00, 0x00, 0x00, 0x00, 0x00, 0x00, 0x00, 0x00, 0x00, 0x00, 0x00, 0x00,
	0x00, 0x00, 0x00, 0x00, 0x00, 0x00, 0x00, 0x00, 0x00, 0x00, 0x00, 0x00, 0x00, 0x00, 0x00, 0x00,
	0x00, 0x00, 0x00, 0x00, 0x00, 0x00, 0x00, 0x00, 0x00, 0x00, 0x00, 0x00, 0x00, 0x00, 0x00, 0x00,
	0x00, 0x00, 0x00, 0x00, 0x00, 0x00, 0x00, 0x00, 0x00, 0x00, 0x00, 0x00, 0x00, 0x00, 0x00, 0x00,
	0x00, 0x00, 0x00, 0x00, 0x00, 0x00, 0x00, 0x00, 0x00, 0x00, 0x00, 0x00, 0x00, 0x00, 0x00, 0x00,
	0x00, 0x00, 0x00, 0x00, 0x00, 0x00, 0x00, 0x00, 0x00, 0x00, 0x00, 0x00, 0x00, 0x00, 0x00, 0x00,
	0x00, 0x00, 0x00, 0x00, 0x00, 0x00, 0x00, 0x00, 0x00, 0x00, 0x00, 0x00, 0x00, 0x00, 0x00, 0x00,
	0x00, 0x00, 0x00, 0x00, 0x00, 0x00, 0x00, 0x00, 0x00, 0x00, 0x00, 0x00, 0x00, 0x00, 0x00, 0x00,
	0x00, 0x00, 0x00, 0x00, 0x00, 0x00, 0x00, 0x00, 0x00, 0x00, 0x00, 0x00, 0x00, 0x00, 0x00, 0x00,
	0x00, 0x00, 0x00, 0x00, 0x00, 0x00, 0x00, 0x00, 0x00, 0x00, 0x00, 0x00, 0x00, 0x00, 0x00, 0x00,
	0x00, 0x00, 0x00, 0x00, 0x00, 0x00, 0x00, 0x00, 0x00, 0x00, 0x00, 0x00, 0x03, 0x00, 0x00, 0x00,
	0x00, 0xd0, 0x05, 0x00, 0x18, 0x08, 0x00, 0x00, 0xec, 0x12, 0x00, 0x00, 0x50, 0x1d, 0x00, 0x00,
	0xa8, 0x08, 0x00, 0x00, 0x00, 0x00, 0x00, 0x00, 0x00, 0x00, 0x00, 0x00, 0x00, 0xc0, 0x00, 0x00,
	0x60, 0xcc, 0x05, 0x00, 0x04, 0x1b, 0x00, 0x00, 0xac, 0x01, 0x00, 0x00, 0xf8, 0x25, 0x00, 0x00,
	0x74, 0x01, 0x00, 0x00, 0x00, 0x00, 0x00, 0x00, 0x00, 0x00, 0x00, 0x00, 0x60, 0x8c, 0x06, 0x00,
	0x00, 0x00, 0x00, 0x00, 0xb0, 0x1c, 0x00, 0x00, 0x9c, 0x00, 0x00, 0x00, 0x6c, 0x27, 0x00, 0x00,
	0x70, 0x00, 0x00, 0x00, 0x00, 0x00, 0x00, 0x00, 0x00, 0x00, 0x00, 0x00, 0x60, 0x8c, 0x06, 0x00,
	0x00, 0x00, 0x00, 0x00, 0x78, 0xd2, 0x61, 0x28, 0x96, 0x43, 0x23, 0xc8, 0xc9, 0xbd, 0x98, 0xed,
	0xf9, 0x7d, 0xc4, 0x15, 0x62, 0x69, 0xbe, 0x7a, 0x43, 0x5a, 0x36, 0xce
};

struct sound_platform_definition platform_sound_dsound =
{
	0,
	{ 0, 0 },
	dsound_initialize,
	dsound_dispose,
	dsound_set_listener_properties,
	dsound_begin_scene,
	dsound_end_scene,
	dsound_virtual_queue_sound,
	dsound_channel_update,
	dsound_virtual_stop,
	dsound_virtual_get_state,
	dsound_set_paused,
	dsound_flush,
	dsound_virtual_set_location,
	dsound_virtual_set_properties,
	0.25f,
};

static char dsound_error_string[MAXIMUM_DSOUND_ERROR_STRING_LENGTH+1];

/* ---------- public code */

unsigned long sound_samples_per_second(
	short sample_rate)
{
	match_assert(
		"c:\\halo\\source\\sound\\sound_definitions.h",
		0x135,
		sample_rate>=0 && sample_rate<NUMBER_OF_SOUND_SAMPLE_RATES);

	return sound_sample_rate_samples_per_second[sample_rate];
}

static long dsound_volume_from_gain(
	real gain,
	long maximum_volume)
{
	long volume= maximum_volume;

	match_assert(
		"c:\\halo\\source\\sound\\sound_dsound.h",
		35,
		gain>=0.f && gain<=1.f);

	if (gain==0.f)
	{
		volume= DSBVOLUME_MIN;
	}
	else
	{
		long attenuation= (long)(2000.0*log10(gain) + maximum_volume);

		volume= PIN(attenuation, DSBVOLUME_MIN, volume);
	}

	return volume;
}

long dsound_frequency_from_pitch(
	long samples_per_second,
	real pitch)
{
	real frequency;

	match_assert(
		"c:\\halo\\source\\sound\\sound_dsound.h",
		54,
		samples_per_second==22050 || samples_per_second==44100);

	frequency= samples_per_second*pitch;

	if (frequency<DSBFREQUENCY_MIN)
	{
		frequency= DSBFREQUENCY_MIN;
	}
	else if (frequency>DSBFREQUENCY_MAX)
	{
		frequency= DSBFREQUENCY_MAX;
	}

	return (long)frequency;
}

long dsound_angle_from_angle(
	real angle)
{
	return (long)(angle * 57.29578f);
}

long dsound_occlusion_from_occlusion(
	real occlusion)
{
	return dsound_volume_from_gain(1.f-occlusion, 0);
}

long dsound_obstruction_from_obstruction(
	real obstruction)
{
	return dsound_volume_from_gain(1.f-obstruction, 0);
}

LPDIRECTSOUND dsound_get(
	void)
{
	return dsound_globals.initialized ? dsound_globals.direct_sound : NULL;
}

static short dsound_virtual_get_state(
	short virtual_channel_index)
{
	struct sound_virtual_channel *vchannel= virtual_channel_get(virtual_channel_index);
	short state;

	if (vchannel->channel_index!=NONE)
	{
		match_assert(
			"c:\\halo\\SOURCE\\sound\\sound_dsound_xbox.c",
			1527,
			channel_get(vchannel->channel_index)->virtual_channel_index==virtual_channel_index);

		state= channel_get_state(vchannel->channel_index);
	}
	else
	{
		state= _sound_channel_idle;
	}

	return state;
}

static void dsound_virtual_stop(
	short virtual_channel_index)
{
	struct sound_virtual_channel *vchannel= virtual_channel_get(virtual_channel_index);

	if (vchannel->channel_index!=NONE)
	{
		match_assert(
			"c:\\halo\\SOURCE\\sound\\sound_dsound_xbox.c",
			1505,
			channel_get(vchannel->channel_index)->virtual_channel_index==virtual_channel_index);

		channel_stop(vchannel->channel_index);

		channel_get(vchannel->channel_index)->virtual_channel_index= NONE;
		vchannel->channel_index= NONE;
	}

	return;
}

static void dsound_channel_update(
	short channel_index)
{
	return;
}

static void dsound_begin_scene(
	void)
{
	DirectSoundDoWork();

	if (strlen(dsound_error_string))
	{
		dsound_error(interrupt_result, dsound_error_string);
	}

	dsound_error_string[0]= 0;
	interrupt_result= 0;

	return;
}

static void dsound_dispose(
	void)
{
	long index;

	for (index= 0; index<dsound_globals.actual_channel_count; index++)
	{
		struct sound_channel *channel= channel_get(index);

		if (channel->stream)
		{
			IDirectSoundStream_Release(channel->stream);
		}
	}

	if (dsound_globals.inanity_buffer)
	{
		IDirectSoundBuffer_Release(dsound_globals.inanity_buffer);
	}

	dsound_globals.actual_channel_count= 0;
	dsound_globals.virtual_channel_count= 0;

	if (dsound_globals.direct_sound)
	{
		IDirectSound_Release(dsound_globals.direct_sound);

		dsound_globals.direct_sound= NULL;
	}

	dsound_globals.initialized= FALSE;

	return;
}

static void dsound_end_scene(
	void)
{
	HRESULT result= IDirectSound_CommitDeferredSettings(dsound_globals.direct_sound);

	if (result<0)
	{
		dsound_error(result, "couldn't commit deferred settings.");
	}

	if (dsound_globals.paused ?
		dsound_globals.pause_gain!=0.f :
		dsound_globals.pause_gain!=1.f)
	{
		match_assert(
			"c:\\halo\\SOURCE\\sound\\sound_dsound_xbox.c",
			634,
			dsound_globals.pause_gain>=0 && dsound_globals.pause_gain<=1.f);

		if (dsound_globals.paused)
		{
			dsound_globals.pause_gain= (real)MAX(0.0, dsound_globals.pause_gain-0.15);
		}
		else
		{
			dsound_globals.pause_gain= (real)MIN(1.0, dsound_globals.pause_gain+0.15);
		}

		match_assert(
			"c:\\halo\\SOURCE\\sound\\sound_dsound_xbox.c",
			645,
			dsound_globals.pause_gain>=0 && dsound_globals.pause_gain<=1.f);

		if (dsound_globals.paused)
		{
			short index;

			for (index= 0; index<dsound_globals.actual_channel_count; index++)
			{
				struct sound_channel *channel= channel_get(index);

				if (channel->state!=_sound_channel_idle)
				{
					IDirectSoundStream_SetVolume(
						channel->stream,
						dsound_volume_from_gain(dsound_globals.pause_gain*channel->gain, 0));
				}
			}
		}
	}

	if (debug_sound_channels)
	{
		char string[0x2000];
		short tab_stops[3]= {280};
		short index;

		draw_string_set_tab_stops(tab_stops, 1);

		string[0]= 0;

		for (index= 0; index<dsound_globals.actual_channel_count; index++)
		{
			struct sound_channel *channel= channel_get(index);

			if (index<16 || index>48)
			{
				if (channel->state!=_sound_channel_idle)
				{
					sprintf(
						string+strlen(string),
						"%d %1.2f %1.2f %s(%s)",
						channel->packet_count,
						channel->gain,
						channel->pitch,
						channel->playing_permutation ? channel->playing_permutation->name : "",
						channel->queued_permutation ? channel->queued_permutation->name : "");
				}

				sprintf(string+strlen(string), "|t");

				if (index&1)
				{
					sprintf(string+strlen(string), "|n");
				}
			}
		}

		render_debug_string(FALSE, string);
	}

	return;
}

static void dsound_set_paused(
	boolean paused)
{
	short index;

	match_assert(
		"c:\\halo\\SOURCE\\sound\\sound_dsound_xbox.c",
		728,
		paused!=dsound_globals.paused);

	if (paused)
	{
		for (index= 0; index<dsound_globals.actual_channel_count; index++)
		{
			struct sound_channel *channel= channel_get(index);

			if (channel->stopping)
			{
				while (!dsound_channel_stopped(index))
					;
			}
		}
	}
	else
	{
		for (index= 0; index<dsound_globals.actual_channel_count; index++)
		{
			struct sound_channel *channel= channel_get(index);

			if (channel->state!=_sound_channel_idle)
			{
				IDirectSoundStream_Flush(channel->stream);

				channel->sample_offset= (long)(channel->sample_offset-
					(TEST_FLAG(channel->type_flags, _sound_channel_44k_bit) ? 2.f : 1.f)*
					(TEST_FLAG(channel->type_flags, _sound_channel_stereo_bit) ? 2.f : 1.f)*
					(TEST_FLAG(channel->type_flags, _sound_channel_compressed_bit) ?
						MAXIMUM_COMPRESSED_SOUND_PACKET_SIZE : MAXIMUM_SOUND_PACKET_SIZE)*
					(real)MAXIMUM_SOUND_PACKETS);

				channel->gain= 0.f;

				channel->sample_offset= FLOOR(channel->sample_offset, 0);
			}
		}

		DirectSoundDoWork();

		for (index= 0; index<dsound_globals.actual_channel_count; index++)
		{
			struct sound_channel *channel= channel_get(index);

			if (channel->packet_count!=0)
			{
				error(
					_error_silent,
					"DirectSound: you're screwed if you try to save and quit -- the devil.");

				channel->packet_count= 0;
			}

			if (channel->state!=_sound_channel_idle)
			{
				dsound_channel_fill(index);
			}
		}
	}

	dsound_globals.paused= paused;

	return;
}

static void dsound_flush(
	void)
{
	short index;

	for (index= 0; index<dsound_globals.actual_channel_count; index++)
	{
		struct sound_channel *channel= channel_get(index);

		match_assert(
			"c:\\halo\\SOURCE\\sound\\sound_dsound_xbox.c",
			706,
			channel->stopping || channel->state==_sound_channel_idle);

		if (channel->stopping)
		{
			while (!dsound_channel_stopped(index))
				;
		}

		if (channel->packet_count!=0)
		{
			error(
				_error_silent,
				"DirectSound: you're screwed if you try to save and quit -- the devil.");

			channel->packet_count= 0;
		}
	}

	return;
}

static void dsound_set_listener_properties(
	struct platform_sound_listener_properties const *properties)
{
	if (!realcmp_epsilon(properties->position.x, dsound_globals.listener_position.x, 0.05f) ||
		!realcmp_epsilon(properties->position.y, dsound_globals.listener_position.y, 0.05f) ||
		!realcmp_epsilon(properties->position.z, dsound_globals.listener_position.z, 0.05f) ||
		!dsound_globals.initialized)
	{
		HRESULT result= IDirectSound_SetPosition(
			dsound_globals.direct_sound,
			DSOUND_POINT3D(properties->position),
			DS3D_DEFERRED);

		if (result<0)
		{
			dsound_error(result, "couldn't set listener position.");
		}

		dsound_globals.listener_position= properties->position;
	}

	if (!realcmp_epsilon(properties->forward.i, dsound_globals.listener_forward.i, 0.05f) ||
		!realcmp_epsilon(properties->forward.j, dsound_globals.listener_forward.j, 0.05f) ||
		!realcmp_epsilon(properties->forward.k, dsound_globals.listener_forward.k, 0.05f) ||
		!realcmp_epsilon(properties->up.i, dsound_globals.listener_up.i, 0.05f) ||
		!realcmp_epsilon(properties->up.j, dsound_globals.listener_up.j, 0.05f) ||
		!realcmp_epsilon(properties->up.k, dsound_globals.listener_up.k, 0.05f) ||
		!dsound_globals.initialized)
	{
		HRESULT result= IDirectSound_SetOrientation(
			dsound_globals.direct_sound,
			DSOUND_VECTOR3D(properties->forward),
			DSOUND_VECTOR3D(properties->up),
			DS3D_DEFERRED);

		if (result<0)
		{
			dsound_error(result, "couldn't set listener orientation.");
		}

		dsound_globals.listener_forward= properties->forward;
		dsound_globals.listener_up= properties->up;
	}

	if (!realcmp_epsilon(properties->velocity.i, dsound_globals.listener_velocity.i, 0.01f) ||
		!realcmp_epsilon(properties->velocity.j, dsound_globals.listener_velocity.j, 0.01f) ||
		!realcmp_epsilon(properties->velocity.k, dsound_globals.listener_velocity.k, 0.01f) ||
		!dsound_globals.initialized)
	{
		HRESULT result= IDirectSound_SetVelocity(
			dsound_globals.direct_sound,
			DSOUND_VECTOR3D(properties->velocity),
			DS3D_DEFERRED);

		if (result<0)
		{
			dsound_error(result, "couldn't set listener velocity.");
		}

		dsound_globals.listener_velocity= properties->velocity;
	}

	if (csmemcmp(properties->environment, &dsound_globals.listener_environment,
		sizeof(struct sound_environment_definition))!=0 ||
		!dsound_globals.initialized)
	{
		struct sound_environment_definition const *environment= properties->environment;
		DSI3DL2LISTENER i3dl2;

		dsound_globals.listener_environment= *environment;

		i3dl2.lRoom= dsound_volume_from_gain(environment->room_intensity, 0);
		i3dl2.lRoomHF= dsound_volume_from_gain(environment->room_intensity_hf, 0);
		i3dl2.flRoomRolloffFactor= environment->room_rolloff;
		i3dl2.flDecayTime= environment->decay_time;
		i3dl2.flDecayHFRatio= environment->decay_hf_ratio;
		i3dl2.lReflections= dsound_volume_from_gain(environment->reflections_intensity, 1000);
		i3dl2.flReflectionsDelay= environment->reflections_delay;
		i3dl2.lReverb= dsound_volume_from_gain(environment->reverb_intensity, 2000);
		i3dl2.flReverbDelay= environment->reverb_delay;
		i3dl2.flDiffusion= environment->diffusion*100.f;
		i3dl2.flDensity= environment->density*100.f;
		i3dl2.flHFReference= environment->hf_reference;

		IDirectSound_SetI3DL2Listener(dsound_globals.direct_sound, &i3dl2, DS3D_DEFERRED);
	}

	return;
}

static boolean dsound_initialize(
	struct sound_preferences *preferences)
{
	boolean success= FALSE;
	HRESULT result;

	dsound_globals.initialized= FALSE;
	dsound_globals.paused= FALSE;
	dsound_globals.pause_gain= 1.f;
	dsound_globals.inanity_buffer= NULL;

	match_assert(
		"c:\\halo\\SOURCE\\sound\\sound_dsound_xbox.c",
		234,
		preferences);

	result= DirectSoundCreate(NULL, &dsound_globals.direct_sound, NULL);

	if (result>=0)
	{
		DSCAPS caps;

		result= IDirectSound_GetCaps(dsound_globals.direct_sound, &caps);

		if (result>=0)
		{
			dsound_globals.caps= caps;

			result= IDirectSound_SetDistanceFactor(
				dsound_globals.direct_sound,
				3.048f,
				DS3D_IMMEDIATE);

			if (result>=0)
			{
				result= IDirectSound_SetRolloffFactor(
					dsound_globals.direct_sound,
					1.f,
					DS3D_IMMEDIATE);

				if (result>=0)
				{
					struct platform_sound_listener_properties listener_properties;
					short type_index;
					short virtual_channel_index;
					short channel_index;

					csmemset(&listener_properties, 0, sizeof(listener_properties));

					listener_properties.forward= *global_forward3d;
					listener_properties.up= *global_up3d;
					listener_properties.environment= &default_sound_environment;

					{
						DSEFFECTIMAGELOC image_location;
						LPDSEFFECTIMAGEDESC image_description;

						image_location.dwI3DL2ReverbIndex= 0;
						image_location.dwCrosstalkIndex= 1;

						result= IDirectSound_DownloadEffectsImage(
							dsound_globals.direct_sound,
							dsound_effects_image,
							sizeof(dsound_effects_image),
							&image_location,
							&image_description);

						if (result<0)
						{
							dsound_error(result, "could not download effects image.");
						}
					}

					IDirectSound_SetMixBinHeadroom(
						dsound_globals.direct_sound,
						DSMIXBIN_SPEAKER_MASK|DSMIXBIN_XTLK_MASK|DSMIXBIN_I3DL2|DSMIXBIN_FXSEND_MASK,
						0);

					DirectSoundUseFullHRTF();

					dsound_set_listener_properties(&listener_properties);

					success= TRUE;
					virtual_channel_index= 0;

					for (type_index= 0; type_index<NUMBER_OF_SOUND_CHANNEL_TYPES; type_index++)
					{
						short index;

						for (index= 0; index<preferences->virtual_channel_counts[type_index]; index++)
						{
							dsound_globals.virtual_channel_count++;

							success= success && virtual_channel_new(virtual_channel_index++, type_index);
						}
					}

					channel_index= 0;

					for (type_index= 0; type_index<NUMBER_OF_SOUND_CHANNEL_TYPES; type_index++)
					{
						short index;

						dsound_globals.type_first_channel_index[type_index]= channel_index;

						for (index= 0; index<preferences->actual_channel_counts[type_index]; index++)
						{
							dsound_globals.actual_channel_count++;

							success= success && dsound_initialize_channel(channel_index++, sound_channel_type_flags[type_index]);
						}
					}

					success= success && dsound_fix_rear_speakers();
				}
				else
				{
					dsound_error(result, "could not adjust rolloff factor");
				}
			}
			else
			{
				dsound_error(result, "could not adjust distance factor");
			}
		}
		else
		{
			dsound_error(result, "could not get caps for sound card?");
		}
	}
	else
	{
		dsound_error(result, "could not create direct sound object");
	}

	if (success)
	{
		dsound_globals.initialized= TRUE;
	}
	else
	{
		dsound_dispose();
	}

	return success;
}

static void dsound_virtual_set_location(
	short virtual_channel_index,
	boolean spatialized,
	struct sound_location const *location,
	real occlusion,
	real obstruction,
	boolean attenuate_direct_path)
{
	short channel_index= dsound_virtual_touch(virtual_channel_index);

	if (channel_index!=NONE)
	{
		dsound_channel_set_location(
			channel_index,
			spatialized,
			location,
			occlusion,
			obstruction,
			attenuate_direct_path);
	}

	return;
}

static void dsound_virtual_set_properties(
	short virtual_channel_index,
	struct platform_sound_channel_properties const *properties,
	boolean gain_only)
{
	short channel_index= dsound_virtual_touch(virtual_channel_index);

	if (channel_index!=NONE)
	{
		dsound_channel_set_properties(channel_index, properties, gain_only);
	}

	return;
}

static void dsound_virtual_queue_sound(
	short virtual_channel_index,
	struct sound_permutation *sound)
{
	short channel_index= dsound_virtual_touch(virtual_channel_index);

	if (channel_index!=NONE)
	{
		dsound_channel_queue_sound(channel_index, sound);
	}

	return;
}

/* ---------- private code */

static void dsound_channel_set_I3DL2_properties(
	short index)
{
	struct sound_channel *channel= channel_get(index);
	DSI3DL2BUFFER i3dl2;

	csmemset(&i3dl2, 0, sizeof(i3dl2));

	i3dl2.lDirect= 0;
	i3dl2.lDirectHF= 0;
	i3dl2.flRoomRolloffFactor= 0.f;
	i3dl2.Obstruction.flLFRatio= 0.f;
	i3dl2.Occlusion.flLFRatio= 0.2f;

	if (channel->spatialized)
	{
		real room_gain= 1.f-channel->reverb_attenuation;

		if (channel->attenuate_direct_path)
		{
			i3dl2.lDirectHF= dsound_volume_from_gain(platform_sound_dsound.direct_path_gain, 0);
			i3dl2.lDirect= dsound_volume_from_gain(platform_sound_dsound.direct_path_gain, 0);
		}
		else
		{
			room_gain*= 0.5f;
		}

		i3dl2.lRoom= dsound_volume_from_gain(room_gain, 0);
		i3dl2.lRoomHF= i3dl2.lRoom;
		i3dl2.Obstruction.lHFLevel= dsound_obstruction_from_obstruction(channel->obstruction);
		i3dl2.Occlusion.lHFLevel= dsound_occlusion_from_occlusion(channel->occlusion);
	}
	else
	{
		i3dl2.lRoom= DSBVOLUME_MIN;
		i3dl2.lRoomHF= DSBVOLUME_MIN;
		i3dl2.Obstruction.lHFLevel= 0;
		i3dl2.Occlusion.lHFLevel= 0;
	}

	IDirectSoundStream_SetI3DL2Source(channel->stream, &i3dl2, DS3D_DEFERRED);

	return;
}

static boolean virtual_channel_new(
	short virtual_channel_index,
	short type_index)
{
	struct sound_virtual_channel *vchannel= virtual_channel_get(virtual_channel_index);

	match_assert(
		"c:\\halo\\SOURCE\\sound\\sound_dsound_xbox.c",
		422,
		type_index>=0 && type_index<NUMBER_OF_SOUND_CHANNEL_TYPES);

	vchannel->type_index= type_index;
	vchannel->channel_index= NONE;

	return TRUE;
}

static boolean dsound_fix_rear_speakers(
	void)
{
	boolean success= FALSE;
	DSBUFFERDESC buffer_desc;
	WAVEFORMATEX wave_format;
	HRESULT result;

	wave_format.wFormatTag= WAVE_FORMAT_PCM;
	wave_format.wBitsPerSample= 16;
	wave_format.nChannels= 1;
	wave_format.nBlockAlign= 2;
	wave_format.nSamplesPerSec= 22050;
	wave_format.nAvgBytesPerSec= 44100;

	csmemset(&buffer_desc, 0, sizeof(buffer_desc));

	buffer_desc.dwSize= sizeof(buffer_desc);
	buffer_desc.dwFlags= 0;
	buffer_desc.dwBufferBytes= sizeof(dsound_globals.inanity_samples);
	buffer_desc.lpwfxFormat= &wave_format;
	buffer_desc.dwMixBinMask= DSMIXBIN_XTLK_BACK_LEFT|DSMIXBIN_XTLK_BACK_RIGHT|DSMIXBIN_I3DL2|
		DSMIXBIN_FXSEND_0|DSMIXBIN_FXSEND_1;

	result= IDirectSound_CreateSoundBuffer(
		dsound_globals.direct_sound,
		&buffer_desc,
		&dsound_globals.inanity_buffer,
		NULL);

	if (result>=0)
	{
		csmemset(dsound_globals.inanity_samples, 0, sizeof(dsound_globals.inanity_samples));

		IDirectSoundBuffer_SetBufferData(
			dsound_globals.inanity_buffer,
			dsound_globals.inanity_samples,
			sizeof(dsound_globals.inanity_samples));

		result= IDirectSoundBuffer_Play(dsound_globals.inanity_buffer, 0, 0, DSBPLAY_LOOPING);

		if (result>=0)
		{
			success= TRUE;
		}
		else
		{
			dsound_error(result, "failed to start the inanity channel.");
		}
	}
	else
	{
		dsound_error(result, "failed to create the inanity channel.");
	}

	return success;
}

static boolean dsound_initialize_channel(
	short channel_index,
	short type_flags)
{
	struct sound_channel *channel= channel_get(channel_index);
	boolean success= FALSE;
	unsigned long speaker_config;
	XBOXADPCMWAVEFORMAT wave_format;
	DSSTREAMDESC stream_desc;
	struct platform_sound_channel_properties properties;
	HRESULT result;

	channel->type_flags= type_flags;
	channel->virtual_channel_index= NONE;
	channel->stopping= FALSE;
	channel->playing_permutation= NULL;
	channel->queued_permutation= NULL;

	if (!TEST_FLAG(type_flags, _sound_channel_compressed_bit))
	{
		wave_format.wfx.wFormatTag= WAVE_FORMAT_PCM;
		wave_format.wfx.wBitsPerSample= 16;
		wave_format.wfx.nChannels= 2;
		wave_format.wfx.nBlockAlign= 4;
		wave_format.wfx.nSamplesPerSec= sound_sample_rate_samples_per_second[1];
		wave_format.wfx.nAvgBytesPerSec= wave_format.wfx.nSamplesPerSec*4;
	}
	else
	{
		wave_format.wfx.wFormatTag= WAVE_FORMAT_XBOX_ADPCM;
		wave_format.wfx.wBitsPerSample= 4;
		wave_format.wfx.nChannels= (WORD)(TEST_FLAG(type_flags, _sound_channel_stereo_bit) ? 2 : 1);
		wave_format.wfx.nBlockAlign= (WORD)(SOUND_COMPRESSED_BLOCK_SIZE*wave_format.wfx.nChannels);
		wave_format.wfx.nSamplesPerSec= sound_samples_per_second(
			TEST_FLAG(type_flags, _sound_channel_44k_bit));
		wave_format.wfx.nAvgBytesPerSec=
			wave_format.wfx.nSamplesPerSec/SOUND_COMPRESSED_SAMPLES_PER_BLOCK*
			wave_format.wfx.nBlockAlign;
		wave_format.wfx.cbSize= 2;
		wave_format.wSamplesPerBlock= SOUND_COMPRESSED_SAMPLES_PER_BLOCK;
	}

	csmemset(&stream_desc, 0, sizeof(stream_desc));

	stream_desc.dwMaxAttachedPackets= MAXIMUM_SOUND_PACKETS;

	stream_desc.lpwfxFormat= &wave_format.wfx;
	stream_desc.dwFlags= 0;
	stream_desc.lpfnCallback= dsound_channel_callback;
	stream_desc.lpvContext= (LPVOID)channel_index;

	if (TEST_FLAG(type_flags, _sound_channel_3d_bit))
	{
		stream_desc.dwFlags= DSSTREAMCAPS_CTRL3D;
	}

	result= IDirectSound_CreateSoundStream(
		dsound_globals.direct_sound,
		&stream_desc,
		&channel->stream,
		NULL);

	if (result>=0)
	{
		if (TEST_FLAG(type_flags, _sound_channel_3d_bit))
		{
			struct sound_location location;

			csmemset(&location, 0, sizeof(location));
			location.forward= *global_forward3d;

			dsound_channel_set_location(channel_index, FALSE, &location, 0.f, 0.f, FALSE);
		}
		else
		{
			unsigned long mixbins= 0;
			long mixbin_volumes[MAXIMUM_DSOUND_MIXBINS];

			IDirectSound_GetSpeakerConfig(dsound_globals.direct_sound, &speaker_config);

			if (speaker_config & DSSPEAKER_ENABLE_AC3)
			{
				if (!TEST_FLAG(type_flags, _sound_channel_stereo_bit))
				{
					mixbins= DSMIXBIN_FRONT_LEFT|DSMIXBIN_FRONT_RIGHT|DSMIXBIN_FRONT_CENTER;

					mixbin_volumes[0]= dsound_volume_from_gain(0.5f, 0);
					mixbin_volumes[1]= dsound_volume_from_gain(0.5f, 0);
					mixbin_volumes[2]= dsound_volume_from_gain(0.5f, 0);
				}
				else
				{
					mixbins= DSMIXBIN_FRONT_LEFT|DSMIXBIN_FRONT_RIGHT|DSMIXBIN_BACK_LEFT|
						DSMIXBIN_BACK_RIGHT|DSMIXBIN_FXSEND_0|DSMIXBIN_FXSEND_1;

					mixbin_volumes[0]= dsound_volume_from_gain(1.f, 0);
					mixbin_volumes[1]= dsound_volume_from_gain(1.f, 0);
					mixbin_volumes[2]= dsound_volume_from_gain(0.5f, 0);
					mixbin_volumes[3]= dsound_volume_from_gain(0.5f, 0);
					mixbin_volumes[4]= dsound_volume_from_gain(0.5f, 0);
					mixbin_volumes[5]= dsound_volume_from_gain(0.5f, 0);
				}
			}
			else if (!TEST_FLAG(type_flags, _sound_channel_stereo_bit))
			{
				mixbins= DSMIXBIN_FRONT_LEFT|DSMIXBIN_FRONT_RIGHT;

				mixbin_volumes[0]= dsound_volume_from_gain(0.5f, 0);
				mixbin_volumes[1]= dsound_volume_from_gain(0.5f, 0);
			}

			if (mixbins)
			{
				IDirectSoundStream_SetMixBins(channel->stream, mixbins);
				IDirectSoundStream_SetMixBinVolumes(channel->stream, mixbins, mixbin_volumes);
			}
		}

		success= TRUE;

		csmemset(&properties, 0, sizeof(properties));

		properties.minimum_distance= 1.f;
		properties.maximum_distance= 1.f;

		dsound_channel_set_properties(channel_index, &properties, FALSE);
	}
	else
	{
		dsound_error(result, "couldn't create sound stream.");
	}

	return success;
}

static void CALLBACK dsound_channel_callback(
	void *stream_context,
	void *packet_context,
	unsigned long status)
{
	short channel_index= (short)stream_context;

	if (channel_index>=0 && channel_index<dsound_globals.actual_channel_count)
	{
		struct sound_channel *channel= channel_get(channel_index);

		if (status==XMEDIAPACKET_STATUS_SUCCESS || status==XMEDIAPACKET_STATUS_FLUSHED)
		{
			sound_cache_sound_hardware_unlock(packet_context);

			channel->packet_count--;

			if (!dsound_globals.paused)
			{
				if (channel->packet_count==0)
				{
					channel->state= _sound_channel_idle;
				}
				else if (status!=XMEDIAPACKET_STATUS_FLUSHED)
				{
					dsound_channel_fill(channel_index);
				}
			}
		}
		else if (status==XMEDIAPACKET_STATUS_FAILURE)
		{
			interrupt_time_error(NULL, "status is failure.");
		}
		else if (status==XMEDIAPACKET_STATUS_PENDING)
		{
			interrupt_time_error(NULL, "status is pending.");
		}
		else
		{
			interrupt_time_error(NULL, "status is undefined.");
		}
	}
	else
	{
		interrupt_time_error(NULL, "trying to queue sound to invalid channel.");
	}

	return;
}

static void dsound_channel_set_location(
	short channel_index,
	boolean spatialized,
	struct sound_location const *location,
	real occlusion,
	real obstruction,
	boolean attenuate_direct_path)
{
	struct sound_channel *channel= channel_get(channel_index);
	boolean spatialization_changed= FALSE;

	match_assert(
		"c:\\halo\\SOURCE\\sound\\sound_dsound_xbox.c",
		906,
		TEST_FLAG(channel->type_flags, _sound_channel_3d_bit));
	match_assert(
		"c:\\halo\\SOURCE\\sound\\sound_dsound_xbox.c",
		907,
		channel->stream);

	if (channel->spatialized!=spatialized || !dsound_globals.initialized)
	{
		HRESULT result= IDirectSoundStream_SetMode(
			channel->stream,
			spatialized ? DS3DMODE_NORMAL : DS3DMODE_DISABLE,
			DS3D_DEFERRED);

		channel->spatialized= spatialized;
		spatialization_changed= TRUE;

		if (result<0)
		{
			dsound_error(result, "couldn't set channel spatialization.");
		}
	}

	if (!realcmp_epsilon(location->position.x, channel->position.x, 0.05f) ||
		!realcmp_epsilon(location->position.y, channel->position.y, 0.05f) ||
		!realcmp_epsilon(location->position.z, channel->position.z, 0.05f) ||
		!dsound_globals.initialized)
	{
		HRESULT result= IDirectSoundStream_SetPosition(
			channel->stream,
			DSOUND_POINT3D(location->position),
			DS3D_DEFERRED);

		if (result<0)
		{
			dsound_error(result, "couldn't set channel position.");
		}

		channel->position= location->position;
	}

	if (!realcmp_epsilon(location->forward.i, channel->forward.i, 0.05f) ||
		!realcmp_epsilon(location->forward.j, channel->forward.j, 0.05f) ||
		!realcmp_epsilon(location->forward.k, channel->forward.k, 0.05f) ||
		!dsound_globals.initialized)
	{
		HRESULT result;

		match_assert(
			"c:\\halo\\SOURCE\\sound\\sound_dsound_xbox.c",
			933,
			valid_real_normal3d(&location->forward));

		result= IDirectSoundStream_SetConeOrientation(
			channel->stream,
			DSOUND_VECTOR3D(location->forward),
			DS3D_DEFERRED);

		if (result<0)
		{
			dsound_error(result, "couldn't set channel orientation.");
		}

		channel->forward= location->forward;
	}

	if (!realcmp_epsilon(location->translational_velocity.i, channel->translational_velocity.i, 0.01f) ||
		!realcmp_epsilon(location->translational_velocity.j, channel->translational_velocity.j, 0.01f) ||
		!realcmp_epsilon(location->translational_velocity.k, channel->translational_velocity.k, 0.01f) ||
		!dsound_globals.initialized)
	{
		HRESULT result= IDirectSoundStream_SetVelocity(
			channel->stream,
			DSOUND_VECTOR3D(location->translational_velocity),
			DS3D_DEFERRED);

		if (result<0)
		{
			dsound_error(result, "couldn't set channel velocity.");
		}

		channel->translational_velocity= location->translational_velocity;
	}

	if (!realcmp_epsilon(occlusion, channel->occlusion, 0.001f) ||
		!realcmp_epsilon(obstruction, channel->obstruction, 0.001f) ||
		channel->attenuate_direct_path!=attenuate_direct_path ||
		spatialization_changed ||
		!dsound_globals.initialized)
	{
		channel->occlusion= occlusion;
		channel->obstruction= obstruction;
		channel->attenuate_direct_path= attenuate_direct_path;

		dsound_channel_set_I3DL2_properties(channel_index);
	}

	return;
}

static void dsound_channel_set_properties(
	short channel_index,
	struct platform_sound_channel_properties const *properties,
	boolean gain_only)
{
	struct sound_channel *channel= channel_get(channel_index);
	real gain= dsound_globals.pause_gain*properties->gain;

	match_assert(
		"c:\\halo\\SOURCE\\sound\\sound_dsound_xbox.c",
		980,
		properties->gain>=0.f && properties->gain<=1.f);
	match_assert(
		"c:\\halo\\SOURCE\\sound\\sound_dsound_xbox.c",
		981,
		dsound_globals.pause_gain>=0 && dsound_globals.pause_gain<=1.f);
	match_assert(
		"c:\\halo\\SOURCE\\sound\\sound_dsound_xbox.c",
		982,
		channel->stream);

	if (!realcmp_epsilon(gain, channel->gain, 0.001f) || !dsound_globals.initialized)
	{
		HRESULT result= IDirectSoundStream_SetVolume(
			channel->stream,
			dsound_volume_from_gain(gain, 0));

		if (result<0)
		{
			dsound_error(result, "couldn't set channel volume.");
		}

		channel->gain= gain;
	}

	if (!gain_only)
	{
		if (!realcmp_epsilon(properties->pitch, channel->pitch, 0.001f) || !dsound_globals.initialized)
		{
			unsigned long samples_per_second= sound_samples_per_second(
				TEST_FLAG(channel->type_flags, _sound_channel_44k_bit));
			HRESULT result= IDirectSoundStream_SetFrequency(
				channel->stream,
				dsound_frequency_from_pitch(samples_per_second, properties->pitch));

			if (result<0)
			{
				dsound_error(result, "couldn't set channel pitch.");
			}

			channel->pitch= properties->pitch;
		}

		if (TEST_FLAG(channel->type_flags, _sound_channel_3d_bit))
		{
			if (!realcmp_epsilon(properties->maximum_distance, channel->maximum_distance, 0.05f) ||
				!dsound_globals.initialized)
			{
				HRESULT result= IDirectSoundStream_SetMaxDistance(
					channel->stream,
					properties->maximum_distance,
					DS3D_DEFERRED);

				if (result<0)
				{
					dsound_error(result, "couldn't set channel max distance.");
				}

				channel->maximum_distance= properties->maximum_distance;
			}

			if (!realcmp_epsilon(properties->minimum_distance, channel->minimum_distance, 0.05f) ||
				!dsound_globals.initialized)
			{
				HRESULT result= IDirectSoundStream_SetMinDistance(
					channel->stream,
					properties->minimum_distance,
					DS3D_DEFERRED);

				if (result<0)
				{
					dsound_error(result, "couldn't set channel min distance.");
				}

				channel->minimum_distance= properties->minimum_distance;
			}

			if (!realcmp_epsilon(properties->cone_inside_angle, channel->cone_inside_angle, 0.034906585f) ||
				!realcmp_epsilon(properties->cone_outside_angle, channel->cone_outside_angle, 0.034906585f) ||
				!dsound_globals.initialized)
			{
				HRESULT result= IDirectSoundStream_SetConeAngles(
					channel->stream,
					dsound_angle_from_angle(properties->cone_inside_angle),
					dsound_angle_from_angle(properties->cone_outside_angle),
					DS3D_IMMEDIATE);

				if (result<0)
				{
					dsound_error(result, "couldn't set channel cone angles.");
				}

				channel->cone_inside_angle= properties->cone_inside_angle;
				channel->cone_outside_angle= properties->cone_outside_angle;
			}

			if (!realcmp_epsilon(properties->cone_outside_gain, channel->cone_outside_gain, 0.001f) ||
				!dsound_globals.initialized)
			{
				HRESULT result= IDirectSoundStream_SetConeOutsideVolume(
					channel->stream,
					dsound_volume_from_gain(properties->cone_outside_gain, 0),
					DS3D_DEFERRED);

				if (result<0)
				{
					dsound_error(result, "couldn't set channel cone volume.");
				}

				channel->cone_outside_gain= properties->cone_outside_gain;
			}

			if (!realcmp_epsilon(properties->reverb_attenuation, channel->reverb_attenuation, 0.001f) ||
				!dsound_globals.initialized)
			{
				channel->reverb_attenuation= properties->reverb_attenuation;

				dsound_channel_set_I3DL2_properties(channel_index);
			}
		}
	}

	return;
}

static boolean dsound_channel_queue_packet(
	short index)
{
	struct sound_channel *channel= channel_get(index);
	boolean queued= FALSE;

	if (channel->playing_permutation)
	{
		if (channel->playing_permutation->cache_base_address)
		{
			if ((byte *)channel->playing_permutation->cache_base_address>=
					(byte *)physical_memory_get_sound_cache_base_address() &&
				(byte *)channel->playing_permutation->cache_base_address+channel->playing_permutation->samples.size<=
					(byte *)physical_memory_get_sound_cache_base_address()+SOUND_CACHE_SIZE)
			{
				struct sound_permutation *sound= channel->playing_permutation;
				XMEDIAPACKET packet;
				long remaining_size= sound->samples.size-channel->sample_offset;
				HRESULT result;

				channel->packet_count++;

				packet.pvBuffer= (byte *)sound->cache_base_address+channel->sample_offset;
				packet.pdwCompletedSize= NULL;
				packet.pdwStatus= NULL;
				packet.prtTimestamp= 0;
				packet.pContext= sound;

				if (remaining_size<=
					(TEST_FLAG(channel->type_flags, _sound_channel_44k_bit) ? 2.f : 1.f)*
					(TEST_FLAG(channel->type_flags, _sound_channel_stereo_bit) ? 2.f : 1.f)*
					(real)(TEST_FLAG(channel->type_flags, _sound_channel_compressed_bit) ?
						MAXIMUM_COMPRESSED_SOUND_PACKET_SIZE : MAXIMUM_SOUND_PACKET_SIZE))
				{
					if (channel->sample_offset)
					{
						channel->playing_permutation= channel->queued_permutation;
						packet.dwMaxSize= remaining_size;
						channel->queued_permutation= NULL;
						channel->sample_offset= 0;

						if (channel->state==_sound_channel_queued)
						{
							channel->state= _sound_channel_playing;
						}
					}
					else
					{
						long block_size= SOUND_COMPRESSED_BLOCK_SIZE*
							(TEST_FLAG(channel->type_flags, _sound_channel_stereo_bit) ? 2 : 1);

						channel->sample_offset= MAX(remaining_size/block_size/2, 1)*block_size;

						packet.dwMaxSize= channel->sample_offset;
					}
				}
				else
				{
					packet.dwMaxSize= (long)(
						(TEST_FLAG(channel->type_flags, _sound_channel_44k_bit) ? 2.f : 1.f)*
						(TEST_FLAG(channel->type_flags, _sound_channel_stereo_bit) ? 2.f : 1.f)*
						(real)(TEST_FLAG(channel->type_flags, _sound_channel_compressed_bit) ?
							MAXIMUM_COMPRESSED_SOUND_PACKET_SIZE : MAXIMUM_SOUND_PACKET_SIZE));

					channel->sample_offset += packet.dwMaxSize;
				}

				if (packet.dwMaxSize)
				{
					result= IDirectSoundStream_Process(channel->stream, &packet, NULL);

					if (result>=0)
					{
						sound_cache_sound_hardware_lock(sound);

						queued= TRUE;
					}
					else
					{
						interrupt_time_error(&result, "couldn't queue sound packet.");
					}
				}
			}
			else
			{
				sprintf(
					temporary,
					"trying to queue sound %s but it's outside the valid range. (%ld)",
					channel->playing_permutation->name,
					channel->playing_permutation->cache_base_address);

				interrupt_time_error(NULL, temporary);
			}
		}
		else
		{
			interrupt_time_error(NULL, "trying to queue sound but samples is null.");
		}
	}
	else
	{
		interrupt_time_error(NULL, "trying to queue sound but sound is null.");
	}

	return queued;
}

static void dsound_channel_fill(
	short index)
{
	struct sound_channel *channel= channel_get(index);

	while (channel->packet_count<MAXIMUM_SOUND_PACKETS && channel->playing_permutation)
	{
		unsigned long status;
		HRESULT result= IDirectSoundStream_GetStatus(channel->stream, &status);

		if (result<0)
		{
			interrupt_time_error(&result, "couldn't get channel status.");
			break;
		}

		if (!TEST_FLAG(status, 0))
		{
			break;
		}

		if (!dsound_channel_queue_packet(index))
		{
			break;
		}
	}

	return;
}

static void dsound_channel_queue_sound(
	short index,
	struct sound_permutation *sound)
{
	struct sound_channel *channel= channel_get(index);

	match_assert(
		"c:\\halo\\SOURCE\\sound\\sound_dsound_xbox.c",
		1111,
		!dsound_globals.paused);
	match_assert(
		"c:\\halo\\SOURCE\\sound\\sound_dsound_xbox.c",
		1112,
		sound);

	switch (channel->state)
	{
		case _sound_channel_idle:
		{
			HRESULT result;

			channel->state= _sound_channel_playing;
			channel->playing_permutation= sound;
			channel->sample_offset= 0;
			channel->packet_count= 0;

			result= IDirectSound_CommitDeferredSettings(dsound_globals.direct_sound);

			if (result<0)
			{
				dsound_error(result, "couldn't commit deferred settings.");
			}

			dsound_channel_fill(index);
			break;
		}

		case _sound_channel_playing:
			channel->state= _sound_channel_queued;
			channel->queued_permutation= sound;
			break;

		case _sound_channel_queued:
			channel->queued_permutation= sound;
			break;

		default:
			match_vassert(
				"c:\\halo\\SOURCE\\sound\\sound_dsound_xbox.c",
				1144,
				FALSE,
				"bad DirectSound channel state.");
			break;
	}

	return;
}

static void interrupt_time_error(
	HRESULT *result,
	char const *message)
{
	if (result)
	{
		interrupt_result= *result;
	}

	if (strlen(dsound_error_string)+strlen(message)<MAXIMUM_DSOUND_ERROR_STRING_LENGTH)
	{
		sprintf(dsound_error_string+strlen(dsound_error_string), message);
	}

	return;
}

static void dsound_virtual_remap(
	short virtual_channel_index)
{
	struct sound_virtual_channel *vchannel= virtual_channel_get(virtual_channel_index);
	short channel_index;

	match_assert(
		"c:\\halo\\SOURCE\\sound\\sound_dsound_xbox.c",
		1420,
		vchannel->channel_index==NONE);
	match_assert(
		"c:\\halo\\SOURCE\\sound\\sound_dsound_xbox.c",
		1421,
		vchannel->type_index>=0 && vchannel->type_index<NUMBER_OF_SOUND_CHANNEL_TYPES);

	for (channel_index= dsound_globals.type_first_channel_index[vchannel->type_index];
		vchannel->channel_index==NONE && channel_index<dsound_globals.actual_channel_count;
		channel_index++)
	{
		struct sound_channel *channel= channel_get(channel_index);

		if (channel->type_flags!=sound_channel_type_flags[vchannel->type_index])
		{
			break;
		}

		if (channel->virtual_channel_index==NONE &&
			(!channel->stopping || dsound_channel_stopped(channel_index)))
		{
			vchannel->channel_index= channel_index;
		}
	}

	if (vchannel->channel_index!=NONE)
	{
		channel_get(vchannel->channel_index)->virtual_channel_index= virtual_channel_index;
	}
	else
	{
		error(
			_error_silent,
			"WARNING: ran out of actual sound channels of type %d",
			vchannel->type_index);
	}

	return;
}

static short dsound_virtual_touch(
	short virtual_channel_index)
{
	struct sound_virtual_channel *vchannel= virtual_channel_get(virtual_channel_index);

	if (vchannel->channel_index==NONE)
	{
		dsound_virtual_remap(virtual_channel_index);
	}

	match_assert(
		"c:\\halo\\SOURCE\\sound\\sound_dsound_xbox.c",
		1468,
		vchannel->channel_index==NONE ||
			channel_get(vchannel->channel_index)->type_flags==sound_channel_type_flags[vchannel->type_index]);
	match_assert(
		"c:\\halo\\SOURCE\\sound\\sound_dsound_xbox.c",
		1469,
		vchannel->channel_index==NONE ||
			channel_get(vchannel->channel_index)->virtual_channel_index==virtual_channel_index);

	return vchannel->channel_index;
}

static boolean dsound_channel_stopped(
	short index)
{
	struct sound_channel *channel= channel_get(index);
	boolean finished;

	match_assert(
		"c:\\halo\\SOURCE\\sound\\sound_dsound_xbox.c",
		1212,
		channel->stopping);

	finished= DirectSoundGetStreamVoiceStatus(channel->stream)==0;

	if (finished)
	{
		IDirectSoundStream_Flush(channel->stream);

		channel->stopping= FALSE;
	}

	return finished;
}

static void dsound_error(
	HRESULT result,
	char const *format,
	...)
{
	char message[MAXIMUM_DSOUND_ERROR_MESSAGE_LENGTH];
	char const *result_name= "<unknown error>";
	va_list list;

	va_start(list, format);
	vsprintf(message, format, list);
	va_end(list);

	switch (result)
	{
		case DSERR_NOAGGREGATION:
			result_name= "DSERR_NOAGGREGATION";
			break;

		case DSERR_GENERIC:
			result_name= "DSERR_GENERIC";
			break;

		case DSERR_UNSUPPORTED:
			result_name= "DSERR_UNSUPPORTED";
			break;

		case DSERR_OUTOFMEMORY:
			result_name= "DSERR_OUTOFMEMORY";
			break;

		case DSERR_NODRIVER:
			result_name= "DSERR_NODRIVER";
			break;

		case DSERR_INVALIDCALL:
			result_name= "DSERR_INVALIDCALL";
			break;

		case DSERR_CONTROLUNAVAIL:
			result_name= "DSERR_CONTROLUNAVAIL";
			break;
	}

	/* BUG (preserved for exact matching): the format has three conversions but January
	 * passes two values (0x5b93e0 +0x93..+0xa2), so "#%d" prints the next stack word.
	 * Reached on every DirectSound failure reported through dsound_error. A corrected
	 * build should pass result as the third value. Source-policy approval pending
	 * (2026-09-27 audit). */
	error(_error_silent, "DirectSound:  '%s' (%s#%d)", message, result_name);

	return;
}

static void channel_stop(
	short index)
{
	struct sound_channel *channel= channel_get(index);

	if (channel->state!=_sound_channel_idle)
	{
		DirectSoundStopStream(channel->stream);

		channel->stopping= TRUE;
		channel->state= _sound_channel_idle;
	}

	channel->playing_permutation= NULL;
	channel->queued_permutation= NULL;

	return;
}

static struct sound_channel *channel_get(
	short index)
{
	match_assert(
		"c:\\halo\\SOURCE\\sound\\sound_dsound_xbox.c",
		105,
		index>=0 && index<dsound_globals.actual_channel_count);
	match_assert(
		"c:\\halo\\SOURCE\\sound\\sound_dsound_xbox.c",
		106,
		index<MAXIMUM_SOUND_CHANNELS);

	return &dsound_globals.channels[index];
}

static struct sound_virtual_channel *virtual_channel_get(
	short index)
{
	match_assert(
		"c:\\halo\\SOURCE\\sound\\sound_dsound_xbox.c",
		114,
		index>=0 && index<dsound_globals.virtual_channel_count);
	match_assert(
		"c:\\halo\\SOURCE\\sound\\sound_dsound_xbox.c",
		115,
		index<MAXIMUM_SOUND_CHANNELS);

	return &dsound_globals.virtual_channels[index];
}

static short channel_get_state(
	short index)
{
	return channel_get(index)->state;
}
