/*
PROGRESS_BAR.C

symbols in this file:
000D0D10 01b0:
	_code_000d0d10 (0000)
000D0EC0 0050:
	_code_000d0ec0 (0000)
000D0F10 0010:
	_code_000d0f10 (0000)
000D0F20 0020:
	_code_000d0f20 (0000)
000D0F40 0010:
	_code_000d0f40 (0000)
000D0F50 00d0:
	_tgaLoadHeader (0000)
000D1020 0010:
	_code_000d1020 (0000)
000D1030 0020:
	_code_000d1030 (0000)
000D1050 0090:
	_tgaLoadImageData (0000)
000D10E0 0010:
	_code_000d10e0 (0000)
000D10F0 0010:
	_code_000d10f0 (0000)
000D1100 0050:
	_tgaLoad (0000)
000D1150 0010:
	_code_000d1150 (0000)
000D1160 0220:
	_code_000d1160 (0000)
000D1380 0010:
	_code_000d1380 (0000)
000D1390 0060:
	_code_000d1390 (0000)
000D13F0 0090:
	_progress_bar_initialize (0000)
000D1480 0010:
	_progress_bar_dispose (0000)
000D1490 0030:
	_progress_bar_begin (0000)
000D14C0 0010:
	_code_000d14c0 (0000)
000D14D0 0020:
	_progress_bar_end (0000)
000D14F0 0010:
	_progress_bar_is_active (0000)
000D1500 0050:
	_to_screen (0000)
000D1550 0110:
	_generate_gravy_rect (0000)
000D1660 0010:
	_code_000d1660 (0000)
000D1670 0010:
	_code_000d1670 (0000)
000D1680 0020:
	_code_000d1680 (0000)
000D16A0 0030:
	_code_000d16a0 (0000)
000D16D0 0010:
	_progress_bar_create_noise_texture (0000)
000D16E0 0010:
	_code_000d16e0 (0000)
000D16F0 0010:
	_code_000d16f0 (0000)
000D1700 0030:
	_gen_cloud_coord (0000)
000D1730 0040:
	_gen_mask_coord (0000)
000D1770 0160:
	_code_000d1770 (0000)
000D18D0 0060:
	_code_000d18d0 (0000)
000D1930 0060:
	_code_000d1930 (0000)
000D1990 0030:
	_code_000d1990 (0000)
000D19C0 00a0:
	_code_000d19c0 (0000)
000D1A60 0130:
	_code_000d1a60 (0000)
000D1B90 0010:
	_progress_bar_enable (0000)
000D1BA0 0010:
	_code_000d1ba0 (0000)
000D1BB0 0010:
	_code_000d1bb0 (0000)
000D1BC0 0010:
	_code_000d1bc0 (0000)
000D1BD0 0020:
	_code_000d1bd0 (0000)
000D1BF0 0010:
	_code_000d1bf0 (0000)
000D1C00 0040:
	_D3DXMatrixIdentity (0000)
000D1C40 0250:
	_SetRenderStateSmart (0000)
000D1E90 0070:
	_SetTextureStageStateSmart (0000)
000D1F00 04b0:
	_code_000d1f00 (0000)
000D23B0 00b0:
	_code_000d23b0 (0000)
000D2460 00d0:
	_code_000d2460 (0000)
000D2530 00c0:
	_progress_bar_eachframe (0000)
000D25F0 0490:
	_code_000d25f0 (0000)
000D2A80 00a0:
	_progress_bar_display (0000)
00271088 0148:
	_D3DSIMPLERENDERSTATEENCODE (0000)
002711D0 0003:
	??_C@_02JDPG@rb?$AA@ (0000)
002711D4 0004:
	??_C@_03OAKNMOCF@z?$CFs?$AA@ (0000)
002711D8 000f:
	??_C@_0P@HMFGDDOL@z?$CFsloading?4tga?$AA@ (0000)
002711E8 000f:
	??_C@_0P@NFEHLENB@d?$CFsloading?4tga?$AA@ (0000)
002711F8 0014:
	??_C@_0BE@GLEHOOPO@rect?9?$DOy0?5?$DM?5rect?9?$DOy1?$AA@ (0000)
0027120C 0014:
	??_C@_0BE@PHIKGFLP@rect?9?$DOx0?5?$DM?5rect?9?$DOx1?$AA@ (0000)
00271220 0028:
	??_C@_0CI@MFDDAKJL@c?3?2halo?2SOURCE?2interface?2progres@ (0000)
00271248 0004:
	__real@42000000 (0000)
0027124C 0004:
	__real@44400000 (0000)
00271250 0004:
	__real@44200000 (0000)
00271258 0008:
	__real@406e000000000000 (0000)
00271260 0008:
	__real@4074000000000000 (0000)
00271268 0008:
	__real@3fd3333340000000 (0000)
00271270 0008:
	__real@400921cac083126f (0000)
00271278 0008:
	__real@3fecccccc0000000 (0000)
00271280 0008:
	__real@400921f9f01b866e (0000)
00271288 0008:
	__real@3fc999999999999a (0000)
00271290 0008:
	__real@3fa999999999999a (0000)
00271298 0004:
	__real@3ca0a0a1 (0000)
0027129C 0004:
	__real@3f7afafb (0000)
002712A0 0008:
	__real@3fe8000000000000 (0000)
002712A8 0004:
	__real@40490e56 (0000)
002712AC 0023:
	??_C@_0CD@KJFNFKIK@?$CIprogress?$DO?$DN0?4f?$CJ?5?$CG?$CG?5?$CIprogress?$DM?$DN1?4@ (0000)
002FD5A8 47f1:
	_data_002fd5a8 (0000)
	_compressed_monk_tone (0008)
	_delta_z (47e4)
	_num_layers (47e8)
00454030 01f4:
	_bss_00454030 (0000)
	_progress_bar_mode (01d8)
	_last_t (01ec)
*/

/* ---------- headers */

#include "interface/progress_bar.h"
#include "cache/cache_files.h"
/* The January object retains out-of-line copies of the D3D and D3DX inline
 * wrappers.  The stock XDK definitions of D3DINLINE (static __forceinline) and
 * D3DXINLINE (_inline) reproduce every one of them, including
 * IDirect3DDevice8_SetRenderState's 0x220-byte body.  Do not replace them with
 * handwritten Microsoft dispatchers or override the XDK's inline policy:
 * taking an address or weakening the inline specifier changes their emitted
 * ABI and code shape.
 */
#include <xtl.h>

#include "interface/progress_bar_internal.h"

/* ---------- constants */

enum
{
	NUMBER_OF_PROGRESS_BAR_SOUNDS= 4
};

/* ---------- macros */

/* ---------- structures */

struct progress_bar_globals
{
	unsigned long start_time;
	real initial_progress;
	D3DXMATRIX saved_projection;
	D3DXMATRIX saved_world;
	D3DXMATRIX saved_view;
	D3DXMATRIX screen_transform;
	D3DXMATRIX projection;
	D3DXMATRIX world;
	D3DXMATRIX view;
	IDirectSoundBuffer *sounds[NUMBER_OF_PROGRESS_BAR_SOUNDS];
};

struct progress_bar_mode
{
	long state;
	boolean capture_frame;
	unsigned char padding0[3];
	IDirect3DTexture8 *texture0;
	IDirect3DTexture8 *texture1;
	boolean active;
	unsigned char padding1[3];
};

struct pixel_shader_definition
{
	unsigned long alpha_inputs[8];
	unsigned long final_combiner_inputs_abcd;
	unsigned long final_combiner_inputs_efg;
	unsigned long constant_0[8];
	unsigned long constant_1[8];
	unsigned long alpha_outputs[8];
	unsigned long rgb_inputs[8];
	unsigned long compare_mode;
	unsigned long final_combiner_constant_0;
	unsigned long final_combiner_constant_1;
	unsigned long rgb_outputs[8];
	unsigned long combiner_count;
	unsigned long texture_modes;
	unsigned long dot_mapping;
	unsigned long input_texture;
	unsigned long c0_mapping;
	unsigned long c1_mapping;
	unsigned long final_combiner_constants;
};

struct gravy_layer
{
	real texture_width;
	real texture_height;
	real x;
	real y;
	real half_width;
	real half_height;
	real distance;
};

struct gravy_rectangle2d
{
	real x0;
	real y0;
	real x1;
	real y1;
};

struct tga_image
{
	unsigned char reserved[4];
	unsigned char image_type;
	unsigned char pixel_depth;
	short width;
	short height;
	unsigned char padding[2];
	unsigned long *pixels;
};

/* ---------- prototypes */

void generate_gravy_rect(
	struct gravy_layer const *layer,
	struct gravy_rectangle2d *rect);

void gen_mask_coord(
	real x,
	real y,
	real mask_position);

static void draw_gravy_layer(
	struct gravy_layer const *layer,
	real_rgb_color const *color,
	real alpha,
	real progress);

void draw_gravy_screen_layer(
	real distance,
	real alpha,
	real_rgb_color const *color,
	real progress);

static void draw_gravy_base_layer(
	real_rgb_color const *color,
	real progress);

void set_blur_texture_coordinates(
	real x,
	real y);

void draw_fullscreen_blur(
	real x_offset,
	real y_offset,
	real alpha);

static void progress_bar_load_loading_texture(
	IDirect3DTexture8 **texture);

static void progress_bar_create_noise_texture(
	void);

static void progress_bar_build_glow_texture(
	void);

static void progress_bar_setup(
	void);

static void progress_bar_alias_surface_texture(
	D3DBaseTexture *texture,
	D3DSurface const *surface);

static void progress_bar_draw(
	real progress);

void tgaLoadHeader(
	FILE *file,
	struct tga_image *image);

void tgaLoadImageData(
	FILE *file,
	struct tga_image *image);

/* ---------- globals */

extern void *global_d3d_device;
extern struct pixel_shader_definition blur_shader;
extern struct pixel_shader_definition regular_shader;
extern unsigned long current_time;

boolean progress_bar_rendering_enabled= TRUE;

/* the compressed monk chant played behind the loading screen */
byte compressed_monk_tone[18396]=
{
	0xe2,0x0c,0x00,0x00,0xf7,0xff,0x9e,0xcc,0xaa,0xaa,0xba,0x98,0x9c,0xd8,0x32,0x18,
	0xaa,0x20,0x97,0x18,0x09,0xd2,0x8c,0xa9,0x88,0x8e,0x99,0x90,0xa2,0x02,0xbb,0x8f,
	0xb9,0xba,0xef,0x09,0xf4,0xf6,0x2b,0x00,0x09,0xa9,0x08,0x19,0x11,0x18,0xd9,0x99,
	0x0c,0xac,0xbb,0x10,0x40,0x84,0x47,0x33,0x34,0x43,0x34,0x33,0x43,0x33,0x32,0x32,
	0x43,0x88,0x8a,0xb9,0xe0,0x99,0x8a,0x08,0xbf,0x0a,0x1f,0x00,0x0b,0x06,0x80,0x80,
	0x38,0xf0,0xbb,0xac,0xad,0x9c,0xab,0xa1,0xad,0x01,0x10,0xbb,0x49,0xb0,0x9d,0xaa,
	0xb1,0xad,0xac,0x10,0x9a,0x13,0x64,0x18,0x33,0x93,0xe9,0x0c,0xea,0xfd,0x24,0x00,
	0xaa,0xee,0xaa,0x99,0x98,0x8a,0x98,0x22,0x89,0xc0,0xbd,0xab,0x91,0xae,0x8a,0x52,
	0x13,0x34,0x73,0x24,0x32,0x43,0x43,0x33,0x24,0x22,0x31,0x13,0x90,0xca,0xab,0x0d,
	0x57,0x0a,0x27,0x00,0x9a,0x9c,0x88,0x02,0x21,0x31,0x86,0x11,0x0b,0xf8,0x8a,0xad,
	0xb9,0x9d,0x98,0x89,0x99,0x40,0x88,0x2a,0x98,0xf2,0xaa,0xca,0xba,0x9d,0x09,0x99,
	0x49,0x34,0x04,0x02,0xb9,0xff,0x22,0x00,0x07,0x18,0xaa,0xb9,0xaf,0xbb,0xbc,0xba,
	0x98,0xb9,0x89,0x00,0xa9,0xcd,0xbb,0x99,0xbe,0xa9,0x2a,0x22,0x47,0x51,0x43,0x44,
	0x32,0x33,0x35,0x33,0x23,0x30,0x11,0x08,0x81,0x10,0x26,0x00,0xdb,0xcb,0xba,0xaa,
	0x8b,0x18,0x20,0x25,0x82,0x14,0x30,0x9c,0xac,0x9a,0xf8,0xca,0x90,0x10,0x08,0x19,
	0x31,0xa8,0xe9,0xab,0xfb,0xab,0xbb,0xcb,0x99,0x1a,0x90,0x09,0x4a,0xfd,0x1c,0x00,
	0x17,0x32,0x41,0x52,0x13,0x00,0xb0,0xb8,0xce,0xbd,0xad,0xaa,0xba,0xcb,0xa8,0x08,
	0x90,0xa9,0xac,0x08,0xbd,0xae,0x89,0x88,0x22,0x47,0x42,0x45,0x33,0x34,0x32,0x04,
	0xee,0x0e,0x31,0x00,0x11,0x00,0x98,0xba,0xbb,0xcc,0x9a,0x8b,0x00,0x11,0x32,0x31,
	0x42,0xa3,0xe1,0xab,0xaa,0x0c,0xec,0x88,0x10,0x21,0x10,0x03,0x88,0x92,0xcf,0xdc,
	0xaa,0xbc,0xa9,0x0c,0xc3,0xfa,0x29,0x00,0x98,0x10,0x12,0x24,0x42,0x24,0x12,0x52,
	0x80,0x91,0x09,0xd9,0xdb,0xcb,0xcb,0xca,0xba,0xbb,0x9b,0xa9,0xa8,0x8c,0x98,0xa0,
	0x8e,0xba,0x88,0x31,0x65,0x34,0x56,0x02,0xd9,0xfc,0x30,0x00,0x34,0x33,0x34,0x12,
	0x11,0x90,0xba,0xbd,0xba,0xbd,0xab,0x99,0x00,0x10,0x12,0x22,0x25,0x80,0xaa,0xad,
	0x8a,0xe9,0x99,0x80,0x53,0x34,0x42,0x22,0x30,0x82,0xda,0x0f,0x76,0x04,0x2b,0x00,
	0xca,0xaa,0xab,0xab,0x09,0x41,0x32,0x16,0x42,0x12,0x13,0x10,0x09,0xaa,0xbc,0xdc,
	0xac,0xab,0xbd,0xca,0xba,0xaa,0xbc,0x8a,0x9b,0xc9,0x20,0x0c,0x92,0x42,0x30,0x06,
	0xd1,0xf3,0x25,0x00,0x35,0x35,0x53,0x25,0x33,0x13,0x24,0x22,0x21,0xaa,0xa9,0xad,
	0xcb,0xbc,0xcb,0x89,0xaa,0x90,0x20,0x4b,0x82,0x91,0xb9,0xac,0xac,0xd0,0xb9,0x19,
	0x72,0x41,0x11,0x04,0x9f,0x03,0x28,0x00,0x22,0x00,0xe9,0xa9,0xac,0x99,0xab,0x8a,
	0x23,0x37,0x41,0x42,0x32,0x03,0x31,0x09,0xca,0xeb,0xaa,0xcd,0xab,0xcc,0xaa,0xb9,
	0xab,0xac,0x9a,0x99,0xaa,0x0c,0x19,0x01,0x4c,0xee,0x20,0x00,0x23,0x47,0x43,0x43,
	0x35,0x52,0x23,0x42,0x22,0x23,0x23,0x11,0x20,0x88,0xdc,0xb8,0xac,0xcd,0x99,0xba,
	0xa9,0x88,0x89,0x00,0x04,0x91,0x0a,0x8b,0xac,0x0d,0x9d,0x00,0x16,0xfe,0x23,0x00,
	0x85,0x83,0x12,0x60,0x90,0x9a,0xfc,0xa0,0x8a,0xb9,0x08,0x33,0x35,0x72,0x32,0x32,
	0x23,0x01,0xa2,0x01,0xaf,0xaa,0xac,0xbc,0xeb,0xaa,0xc9,0xab,0xdb,0x99,0xaa,0x0b,
	0xa2,0xec,0x28,0x00,0x98,0x98,0x40,0x14,0x63,0x43,0x33,0x34,0x44,0x23,0x22,0x33,
	0x44,0x11,0x01,0x32,0x80,0x98,0xbb,0xfb,0xbc,0xab,0xcb,0x8e,0x99,0x98,0xa9,0x82,
	0xa8,0x98,0x1c,0x02,0x93,0xfe,0x21,0x00,0x3a,0x9c,0x16,0x30,0x93,0x30,0xa0,0x40,
	0x9f,0xf9,0x89,0x98,0xb0,0x19,0x63,0x32,0x23,0x35,0x24,0x11,0x11,0xa1,0x8b,0xb8,
	0xdd,0xac,0xa9,0xe8,0xac,0x9a,0xaa,0x0d,0xa3,0xf4,0x2c,0x00,0xaa,0xca,0xba,0x98,
	0x89,0x21,0x54,0x34,0x44,0x42,0x23,0x42,0x42,0x12,0x21,0x31,0x33,0x92,0x11,0x00,
	0x81,0x9c,0xfb,0xac,0xbb,0xea,0xaa,0x9c,0x99,0x9a,0x88,0x08,0xc5,0xfe,0x23,0x00,
	0xc0,0x8b,0x11,0x98,0xab,0x72,0x31,0x04,0x83,0x01,0x2a,0xe8,0xba,0xcf,0x91,0x1b,
	0x9a,0x63,0x14,0x53,0x41,0x23,0x22,0x02,0x00,0x9b,0x99,0xcf,0xbb,0x9a,0xcc,0x0a,
	0x53,0xfc,0x2a,0x00,0xdb,0xaa,0xac,0xbb,0xdb,0x9a,0x89,0x88,0x20,0x54,0x34,0x34,
	0x34,0x24,0x33,0x43,0x22,0x23,0x12,0x22,0x23,0x18,0x09,0xb8,0xb2,0xaf,0xec,0xaa,
	0xcb,0xaa,0x9d,0x0b,0x64,0x00,0x2a,0x00,0xa9,0x99,0x99,0x9a,0x9d,0x00,0x81,0x3b,
	0x32,0x34,0x73,0x01,0x01,0x88,0x89,0xcf,0x9a,0x99,0xc9,0x28,0x73,0x32,0x34,0x35,
	0x43,0x22,0x11,0x80,0xa8,0xb0,0xdd,0x0a,0x3f,0x05,0x29,0x00,0xaa,0xbd,0xba,0xbd,
	0xda,0xbb,0xbb,0xbd,0xba,0xa9,0x89,0x38,0x54,0x53,0x43,0x34,0x33,0x53,0x23,0x32,
	0x22,0x22,0x22,0x12,0x01,0x88,0x19,0xda,0xca,0xaf,0xba,0x0c,0xdd,0x07,0x2a,0x00,
	0xca,0xaa,0xbb,0xaa,0x8b,0xac,0xd9,0x99,0x88,0xa8,0x01,0x43,0x31,0x27,0x11,0x00,
	0x08,0xf8,0xaa,0x9b,0xca,0x0b,0x28,0x36,0x35,0x44,0x34,0x23,0x33,0x21,0x81,0x08,
	0x48,0x0b,0x23,0x00,0xc8,0xac,0xcb,0xca,0xbc,0xda,0xbb,0xbe,0xbb,0xeb,0xba,0xab,
	0xaa,0x8a,0x10,0x52,0x44,0x34,0x44,0x22,0x24,0x32,0x23,0x23,0x12,0x31,0x13,0x80,
	0x00,0x98,0xda,0x0b,0xa7,0x0f,0x22,0x00,0xbd,0xcd,0xaa,0xca,0xca,0x9a,0xaa,0xc8,
	0xaa,0xb9,0x9c,0x8c,0xa0,0x29,0x82,0x35,0x23,0x21,0x24,0x99,0xbb,0xaf,0xea,0x8a,
	0xa8,0x18,0x53,0x44,0x44,0x32,0x43,0x02,0x8e,0x08,0x2b,0x00,0x03,0x21,0x89,0x10,
	0xb9,0xbc,0xca,0xbc,0xaf,0xab,0xcd,0xcb,0xbb,0xbc,0xbc,0xb9,0x99,0x09,0x31,0x73,
	0x43,0x44,0x22,0x33,0x43,0x14,0x21,0x21,0x11,0x10,0x81,0x08,0x45,0x11,0x27,0x00,
	0xa8,0x10,0xac,0xd8,0x9d,0xa8,0xaa,0xbc,0x9c,0xba,0xa8,0xdb,0x9c,0xba,0xaa,0xa9,
	0xa8,0x01,0x68,0x84,0x14,0x00,0x19,0xba,0xd8,0xab,0xcd,0x90,0x29,0x33,0x71,0x05,
	0x2b,0xfe,0x2b,0x00,0x53,0x11,0x23,0x21,0x02,0x81,0x8a,0x11,0x9a,0xc0,0x9b,0xca,
	0xcd,0xbf,0xbc,0xad,0xdb,0xbb,0xbb,0xab,0x9a,0x18,0x32,0x37,0x35,0x34,0x43,0x33,
	0x24,0x23,0x32,0x02,0x94,0x11,0x2c,0x00,0x10,0x82,0x08,0xb9,0xab,0xad,0xcb,0xdb,
	0x9a,0xaa,0x8a,0xac,0x89,0x88,0xfa,0xbb,0xba,0xcd,0xaa,0x9a,0x8b,0x80,0x21,0x21,
	0x34,0x02,0xd1,0x8b,0x99,0xea,0x9a,0x08,0x1c,0xfa,0x1d,0x00,0x35,0x63,0x63,0x32,
	0x14,0x32,0x11,0x00,0x88,0xc8,0x09,0x90,0x20,0x1a,0x93,0xa6,0xdf,0xda,0xac,0xcc,
	0xac,0xbb,0xba,0x9b,0x09,0x21,0x53,0x44,0x34,0x34,0x43,0x03,0xa4,0x04,0x31,0x00,
	0x33,0x33,0x33,0x32,0x22,0x80,0x99,0xbb,0xfb,0xae,0x9a,0xab,0xaa,0xb9,0x09,0x88,
	0x10,0xda,0xfb,0x99,0xda,0x9c,0x9b,0xba,0x2a,0x9b,0x91,0x98,0x80,0x12,0x9f,0x00,
	0xcf,0xf7,0x21,0x00,0x2c,0x02,0x51,0x11,0x47,0x13,0x24,0x41,0x21,0x22,0x08,0xb8,
	0xb9,0xc8,0x1b,0xbc,0x03,0x48,0xa1,0xaa,0xf9,0xae,0xbe,0xdb,0xbb,0xcb,0xba,0xaa,
	0x09,0x10,0x53,0x03,0xd6,0xed,0x29,0x00,0x37,0x33,0x35,0x43,0x23,0x33,0x33,0x23,
	0x00,0x90,0xa8,0xdb,0xbb,0xbd,0x8b,0x8c,0x89,0xba,0x8a,0xb3,0xb0,0xbf,0xac,0xbb,
	0xfb,0xaa,0xbb,0xcb,0x98,0xa9,0xbd,0x08,0x2f,0xf6,0x25,0x00,0x0b,0xc8,0x80,0x01,
	0x25,0x73,0x23,0x42,0x34,0x24,0x01,0x22,0x21,0x91,0x99,0xba,0xcb,0x9c,0xb9,0xcb,
	0x10,0x81,0x0c,0xac,0xc1,0xce,0xbc,0xcb,0xbc,0xcb,0xab,0x0b,0xca,0xed,0x28,0x00,
	0x89,0x00,0x33,0x74,0x34,0x34,0x53,0x33,0x33,0x23,0x33,0x12,0x80,0x90,0xb9,0xc9,
	0x8b,0x9e,0xa9,0x18,0x88,0x9e,0x89,0x00,0xe8,0x9c,0xbb,0xaa,0xbd,0xdc,0xba,0x0b,
	0x84,0xfa,0x28,0x00,0xca,0xbb,0xae,0x9a,0x88,0x98,0x30,0x63,0x24,0x44,0x23,0x33,
	0x34,0x33,0x11,0x12,0x22,0xb9,0xdb,0xb9,0xaf,0xbb,0xcb,0xba,0xab,0x9a,0xa9,0x1b,
	0x90,0xd1,0x1a,0x08,0x47,0xf9,0x1c,0x00,0xcf,0xc9,0x99,0x9a,0x99,0x2c,0x53,0x25,
	0x35,0x34,0x53,0x23,0x23,0x32,0x21,0x19,0xa9,0x80,0xc8,0x89,0x0b,0x89,0x38,0x03,
	0xcd,0xb8,0x81,0xa9,0xcf,0x9a,0xcc,0x0a,0x10,0x05,0x23,0x00,0xeb,0x9e,0xbb,0xcb,
	0xbb,0xbd,0x9b,0x8b,0x98,0x30,0x44,0x53,0x24,0x34,0x23,0x43,0x23,0x14,0x30,0x01,
	0x01,0x90,0xcb,0xea,0xab,0xcc,0xcb,0xaa,0xab,0x9a,0x9b,0x01,0x3c,0xf7,0x24,0x00,
	0x11,0x10,0x51,0x93,0x08,0x19,0xca,0x8b,0xc8,0xa1,0x71,0x26,0x42,0x23,0x35,0x53,
	0x21,0x32,0x20,0x83,0x20,0x18,0x11,0x98,0xa9,0x50,0x33,0x89,0xb2,0x17,0x11,0x0a,
	0xcb,0x0c,0x1b,0x00,0xaf,0xbb,0xdc,0xfa,0xca,0xca,0xaa,0xac,0xbb,0xac,0xab,0x89,
	0x99,0x20,0x63,0x24,0x53,0x33,0x34,0x33,0x25,0x13,0x12,0x12,0x80,0xb8,0x9c,0xcc,
	0xba,0xcd,0xb9,0x0a,0xc6,0xfb,0x2a,0x00,0x9b,0xba,0x98,0x19,0x82,0x52,0x20,0x15,
	0x24,0x08,0x32,0x22,0xb9,0x08,0x41,0x80,0xc8,0x53,0x43,0x35,0x62,0x83,0x43,0x22,
	0x11,0x11,0x22,0x11,0x25,0x52,0x13,0x02,0x09,0x0d,0x1f,0x00,0x72,0x12,0x90,0xa9,
	0xd9,0xbb,0xbf,0xad,0xcc,0xba,0xca,0xbb,0xbc,0xba,0xab,0xa9,0x99,0x21,0x45,0x34,
	0x24,0x43,0x25,0x32,0x32,0x23,0x22,0x00,0xa0,0xbb,0xdd,0x0b,0xcb,0x00,0x28,0x00,
	0xbc,0xac,0xba,0xcb,0x99,0x18,0x19,0x11,0x34,0x35,0x34,0x41,0x33,0x32,0x23,0x94,
	0x28,0x92,0xa9,0x9c,0x0c,0xcb,0x91,0x79,0x03,0x31,0x42,0x43,0x32,0x21,0x83,0x05,
	0x42,0x08,0x20,0x00,0x35,0x30,0x41,0x45,0x02,0x11,0x09,0xda,0xaa,0xcc,0xcd,0xba,
	0xcb,0xcb,0xba,0xcb,0xcb,0x9a,0x9b,0xab,0x99,0x22,0x34,0x46,0x43,0x42,0x42,0x22,
	0x23,0x22,0x01,0x01,0x51,0x06,0x26,0x00,0xaa,0xaa,0xbf,0xca,0xac,0xab,0xb9,0xaa,
	0xbb,0x91,0x50,0x31,0x23,0x46,0x33,0x44,0x21,0x12,0x23,0x24,0x11,0x01,0x3c,0xa2,
	0xaa,0xae,0x98,0x00,0x28,0x2a,0x44,0x05,0xb5,0x05,0x23,0x00,0x12,0x33,0x63,0x33,
	0x83,0x32,0x72,0x12,0x18,0x20,0x04,0x9c,0xad,0xea,0xcb,0xdb,0xbc,0xab,0xbb,0xcc,
	0xab,0xa9,0xba,0xa9,0x18,0x10,0x53,0x36,0x31,0x26,0x33,0x03,0x1a,0xfe,0x2a,0x00,
	0x24,0x13,0x11,0x08,0xc8,0xad,0xab,0xea,0xab,0x9a,0x88,0xaa,0x88,0x73,0x18,0x14,
	0x21,0x43,0x34,0x22,0x02,0x23,0x43,0x90,0x09,0x8b,0xc1,0x9c,0x9c,0x89,0x00,0x01,
	0x29,0x02,0x1b,0x00,0x87,0x48,0x83,0x43,0x48,0x24,0x42,0x03,0x34,0x33,0x24,0x32,
	0x00,0x91,0xa2,0xdf,0xbb,0xae,0xca,0xcb,0xac,0xbb,0xdb,0xba,0xbb,0xac,0x8a,0x0c,
	0x88,0x21,0x53,0x03,0xdc,0xf1,0x28,0x00,0x43,0x25,0x33,0x22,0x24,0x31,0xa1,0x02,
	0x9c,0xf9,0x98,0xac,0x9a,0x0a,0xaa,0x99,0x21,0x45,0x21,0x63,0x33,0x14,0x33,0x13,
	0x23,0x12,0x84,0x99,0x0a,0xb8,0xcf,0x0b,0x70,0x02,0x24,0x00,0xa8,0x89,0x0d,0x00,
	0x85,0x38,0x22,0x26,0x51,0x23,0x33,0x33,0x44,0x31,0x22,0x51,0x81,0x98,0xa9,0xf9,
	0xdb,0xcb,0xab,0xcc,0x9d,0xab,0xca,0xba,0xac,0xaa,0x89,0x0b,0xbe,0xed,0x28,0x00,
	0x01,0x32,0x45,0x23,0x23,0x44,0x24,0x10,0x12,0x11,0x00,0x88,0x99,0xae,0xbb,0xdb,
	0xda,0x88,0x89,0x88,0x7a,0x12,0x24,0x32,0x35,0x33,0x33,0x32,0x84,0x31,0x88,0x0b,
	0x73,0x07,0x1f,0x00,0xda,0xac,0xc9,0xab,0xaa,0x2a,0x0b,0x14,0x13,0x21,0x64,0x16,
	0x01,0x21,0x17,0x21,0x40,0x32,0x32,0x12,0x84,0xa1,0x99,0xab,0xef,0xab,0xbb,0xcd,
	0xcb,0xba,0xbb,0x0d,0xa4,0xf5,0x2e,0x00,0xaa,0x9a,0xaa,0x81,0x20,0x12,0x27,0x22,
	0x41,0x32,0x21,0x03,0x15,0x12,0xa2,0x43,0x0a,0xfa,0x8a,0xbb,0xdb,0x98,0x09,0x4a,
	0x43,0x63,0x32,0x25,0x12,0x24,0x11,0x00,0x83,0x05,0x26,0x00,0x00,0x98,0xa8,0xbb,
	0xdc,0x09,0xaa,0xa9,0x0e,0x91,0x21,0x80,0x35,0x23,0x65,0x22,0x13,0x24,0x23,0x62,
	0x00,0x12,0x18,0x92,0x00,0x8c,0xeb,0xb9,0xcc,0xcc,0xac,0x0b,0x7f,0x00,0x2a,0x00,
	0xbc,0xcb,0xba,0xbb,0x8b,0xaa,0x0a,0x8b,0x16,0x01,0x83,0x62,0x38,0x23,0x23,0x11,
	0x35,0x32,0x28,0xa0,0x80,0xcc,0xa0,0xbf,0x88,0x20,0x28,0x73,0x44,0x22,0x53,0x03,
	0xd4,0x00,0x27,0x00,0x33,0x33,0x21,0x08,0x90,0xa9,0xdd,0xe9,0x9b,0xb8,0x99,0xab,
	0x09,0x38,0x73,0x23,0x44,0x43,0x63,0x22,0x21,0x13,0x24,0x11,0x11,0x49,0x00,0x18,
	0xfa,0xa8,0x99,0x0c,0x90,0x0a,0x24,0x00,0xaf,0xba,0xcc,0xba,0xac,0xab,0xcb,0xa9,
	0x99,0x08,0x8b,0x90,0x30,0x84,0x02,0x18,0x37,0x34,0x10,0x40,0x01,0x86,0x88,0x98,
	0x08,0x0a,0xab,0x29,0x33,0x46,0x13,0x07,0xbf,0xfb,0x26,0x00,0x34,0x22,0x33,0x33,
	0x36,0x12,0x00,0x88,0x18,0xfb,0xa9,0x8f,0x99,0xb9,0xa8,0xaa,0x88,0x33,0x71,0x32,
	0x35,0x44,0x32,0x24,0x32,0x22,0x43,0x21,0x03,0x20,0xa9,0x01,0xc5,0x10,0x1d,0x00,
	0xbb,0xff,0xab,0xac,0xdb,0xc9,0xaa,0xaa,0xaa,0xa9,0x9b,0xbb,0xa9,0xdb,0xc9,0x9a,
	0x88,0x30,0x29,0x06,0x45,0x11,0x01,0x91,0x00,0x8a,0x9d,0xa9,0x38,0xc1,0x43,0x05,
	0x83,0xf8,0x22,0x00,0x33,0x24,0x53,0x25,0x21,0x12,0x44,0x32,0x15,0x21,0x00,0x00,
	0xd9,0xac,0xac,0xbb,0xcb,0x9a,0xa9,0x09,0x63,0x22,0x54,0x33,0x34,0x43,0x23,0x34,
	0x12,0x33,0x32,0x02,0x21,0x13,0x21,0x00,0x22,0x99,0xf9,0xca,0xfb,0xba,0xac,0xdb,
	0xba,0xb9,0xaa,0xab,0xa0,0x8b,0xba,0xbb,0xae,0xda,0xab,0x99,0x29,0x08,0x06,0x53,
	0x22,0x21,0x90,0x88,0xab,0xaf,0x99,0x0b,0xde,0xf4,0x20,0x00,0xa1,0x63,0x34,0x43,
	0x33,0x34,0x53,0x11,0x11,0x44,0x21,0x15,0x31,0x20,0x81,0xc9,0xac,0xac,0xbd,0xbb,
	0xaa,0xa8,0x09,0x50,0x33,0x37,0x34,0x33,0x44,0x22,0x14,0x02,0x08,0x10,0x29,0x00,
	0x22,0x32,0x11,0x04,0x80,0xc9,0xad,0xfb,0xab,0xbc,0xcb,0xab,0xc9,0x8a,0xaa,0x00,
	0x8a,0xa9,0xab,0xbd,0xcb,0xbc,0xaa,0x0a,0x81,0x15,0x62,0x12,0x31,0x88,0x99,0x0b,
	0x7e,0xf6,0x1e,0x00,0xaf,0x89,0x0d,0x80,0x31,0x26,0x53,0x31,0x33,0x33,0x03,0x12,
	0x63,0x21,0x14,0x31,0x43,0x02,0xaa,0xd9,0x9c,0xbe,0xcb,0xa9,0x98,0x8a,0x19,0x45,
	0x24,0x43,0x33,0x04,0xa2,0x09,0x29,0x00,0x33,0x05,0x42,0x32,0x21,0x82,0x04,0x82,
	0x9a,0xaf,0xcc,0xba,0xcc,0xab,0x9c,0xa9,0x99,0x99,0x39,0xaa,0xc0,0xa8,0xfa,0xaa,
	0x8b,0xba,0x8a,0x18,0x40,0x83,0x86,0x00,0xd1,0xf5,0x23,0x00,0x12,0x0f,0xb9,0x88,
	0x9b,0xb0,0x28,0x24,0x37,0x33,0x64,0x22,0x13,0x22,0x11,0x32,0x01,0x42,0x38,0x03,
	0x20,0xa0,0xfc,0x89,0xcc,0xbc,0x9b,0xa9,0x9c,0x89,0x72,0x02,0x16,0xff,0x27,0x00,
	0x34,0x44,0x43,0x33,0x24,0x11,0x33,0x14,0x80,0x01,0x11,0xa9,0xce,0xbb,0xcc,0xdb,
	0xcb,0xbb,0x9a,0xaa,0xb9,0x3a,0x80,0x93,0x9a,0xea,0xa9,0xae,0xbb,0x9c,0x98,0x08,
	0x6d,0xf4,0x23,0x00,0x08,0x14,0x22,0x80,0x9c,0xca,0xac,0xbd,0xb8,0x08,0x32,0x65,
	0x33,0x45,0x32,0x23,0x32,0x21,0x22,0x03,0x52,0x18,0x22,0x02,0xc8,0x9b,0xbe,0xeb,
	0xcb,0x9b,0x8b,0x0b,0x8c,0xfb,0x22,0x00,0x80,0x51,0x63,0x43,0x24,0x43,0x15,0x23,
	0x21,0x43,0x22,0x12,0x48,0x00,0x98,0xf9,0xba,0xad,0xcb,0xac,0xac,0x9a,0x9a,0xa9,
	0x99,0xa3,0x08,0x8c,0xa9,0xae,0xba,0x09,0x4c,0xf5,0x24,0x00,0xbb,0x98,0x01,0x23,
	0x78,0x00,0x20,0xf0,0x98,0x9c,0xa9,0x0a,0x0c,0x31,0x72,0x33,0x44,0x34,0x33,0x22,
	0x12,0x22,0x03,0x28,0x93,0x42,0x00,0x01,0xba,0x9f,0xd0,0x0d,0xc4,0xff,0x25,0x00,
	0xcb,0x89,0xbb,0xa9,0x19,0x57,0x32,0x34,0x35,0x34,0x24,0x12,0x31,0x43,0x01,0x09,
	0x81,0x82,0xeb,0xbc,0xbb,0xbe,0xeb,0xca,0x8a,0x99,0x99,0x9a,0x12,0x30,0x98,0x00,
	0xee,0xfc,0x23,0x00,0x9b,0xfa,0xba,0xbc,0x99,0x0b,0x80,0x3a,0x38,0xb0,0xf8,0x9b,
	0xcc,0xc9,0x9c,0x98,0x30,0x33,0x47,0x42,0x25,0x23,0x22,0x22,0x31,0x02,0x19,0xa2,
	0x28,0x8a,0xba,0x0f,0xb8,0x01,0x22,0x00,0xb8,0xcb,0xcc,0xaa,0xbb,0xe9,0x19,0x00,
	0x31,0x46,0x44,0x33,0x44,0x32,0x33,0x43,0x23,0x14,0x10,0x82,0x08,0x8b,0xce,0xdb,
	0xca,0xa9,0xbd,0xac,0x8a,0xa9,0xaa,0x09,0x91,0xfa,0x29,0x00,0x10,0x91,0x19,0xb9,
	0xb9,0xbc,0xbf,0xa9,0x98,0x90,0x8a,0x23,0x10,0x9f,0xab,0xda,0xcc,0xaa,0xab,0x20,
	0x42,0x33,0x67,0x33,0x42,0x31,0x12,0x23,0x00,0x01,0x11,0x09,0x0f,0x01,0x20,0x00,
	0xa0,0x1a,0x8b,0xcc,0x9b,0xc8,0x9d,0xba,0xab,0x19,0x14,0x39,0x73,0x47,0x33,0x34,
	0x44,0x42,0x14,0x32,0x11,0x13,0x18,0xa9,0xb8,0xfa,0xbb,0xcb,0xcb,0xdb,0xab,0x0c,
	0xb1,0x02,0x2d,0x00,0x9a,0x8b,0xbb,0x88,0x98,0xc0,0xa9,0xab,0xa0,0x9f,0xb9,0xa9,
	0xb9,0xa1,0x0d,0xac,0xa8,0xbc,0xab,0x9c,0xad,0xa1,0x31,0x27,0x51,0x53,0x33,0x23,
	0x24,0x32,0x82,0x03,0x5a,0xff,0x23,0x00,0x28,0x09,0x09,0xbe,0xd0,0x89,0xd9,0x89,
	0x19,0x82,0x21,0x41,0x54,0x23,0x32,0x34,0x54,0x42,0x14,0x42,0x43,0x33,0x32,0x32,
	0x14,0x89,0x99,0xab,0xfb,0xab,0xbb,0x0c,0xff,0x0d,0x26,0x00,0xba,0xcc,0xda,0xaa,
	0xb9,0xac,0x8d,0x89,0x89,0xa9,0x90,0x9b,0x00,0xaa,0xdd,0xab,0x9a,0xfa,0xaa,0x8c,
	0xaa,0x9a,0xa9,0x1a,0x20,0x72,0x43,0x34,0x26,0x43,0x30,0x04,0x99,0xff,0x2c,0x00,
	0x12,0x01,0x08,0x00,0xaa,0xdb,0xc8,0x9c,0xbb,0xb9,0xac,0x19,0x39,0x83,0x26,0x44,
	0x43,0x42,0x32,0x32,0x34,0x53,0x41,0x23,0x24,0x43,0x22,0x31,0x90,0x00,0xad,0x09,
	0xb4,0x12,0x24,0x00,0xbc,0x9d,0xba,0xab,0x0b,0xd9,0x9a,0xca,0xa9,0xdc,0xba,0x9b,
	0xbd,0xb9,0xba,0x9a,0x9a,0xa0,0x9d,0x9d,0x98,0xca,0xdc,0xa9,0x9a,0x9c,0x9a,0x98,
	0x48,0x43,0x26,0x04,0xd7,0xf6,0x2a,0x00,0x34,0x24,0x32,0x22,0x02,0x98,0x99,0xae,
	0xcb,0xbb,0xab,0xab,0xab,0x08,0x31,0x15,0x54,0x41,0x33,0x42,0x32,0x43,0x33,0x15,
	0x50,0x21,0x34,0x21,0x33,0x45,0x11,0x01,0x3d,0x11,0x26,0x00,0x18,0xa9,0xe9,0xbb,
	0xea,0xa9,0x8a,0x99,0x10,0x20,0x93,0x00,0x0a,0xfe,0xca,0xca,0xba,0x9c,0xac,0xa9,
	0x9a,0xa0,0x9b,0x8c,0x00,0xbb,0xfb,0xaa,0xba,0xca,0x99,0x0a,0xa1,0xef,0x20,0x00,
	0x53,0x44,0x44,0x43,0x24,0x23,0x32,0x22,0x08,0xda,0xac,0xac,0xbb,0xad,0xa9,0x08,
	0x10,0x22,0x53,0x44,0x33,0x23,0x32,0x14,0x02,0x28,0x00,0x10,0x33,0x36,0x72,0x04,
	0x28,0x0a,0x29,0x00,0x33,0x03,0x24,0x18,0xa9,0xad,0xec,0xb9,0xaa,0x8a,0x8a,0x32,
	0x58,0x05,0x13,0x02,0x09,0x9f,0xba,0xae,0xb9,0x9b,0xac,0x88,0x0a,0x90,0x3a,0xba,
	0x88,0xeb,0xe8,0x0b,0x72,0xf4,0x27,0x00,0xb9,0xb0,0x8c,0x28,0x48,0x15,0x25,0x34,
	0x24,0x32,0x22,0x81,0xb8,0xfa,0xac,0xba,0xda,0x99,0x08,0x21,0x52,0x43,0x34,0x32,
	0x23,0x13,0x92,0x80,0xaa,0x0d,0x08,0x01,0x41,0x03,0x1f,0x00,0x52,0x44,0x35,0x21,
	0x23,0x43,0x81,0xb8,0xac,0xeb,0xbc,0xab,0x9a,0x8a,0x40,0x32,0x34,0x43,0x03,0xa1,
	0xea,0xac,0xaf,0xab,0xc9,0xaa,0x99,0x90,0x08,0x80,0x12,0x09,0x53,0xfa,0x1f,0x00,
	0x99,0xbb,0xf9,0xc9,0x8b,0xcb,0xa8,0x38,0x22,0x53,0x35,0x63,0x02,0x23,0x03,0xab,
	0xda,0xbb,0xcf,0xaa,0xa9,0x08,0x31,0x44,0x25,0x44,0x23,0x22,0x33,0x11,0x90,0x09,
	0xb1,0x04,0x22,0x00,0xab,0xa8,0x90,0x48,0x44,0x64,0x13,0x23,0x32,0x03,0x98,0xeb,
	0xdb,0xba,0xad,0xab,0x80,0x18,0x13,0x46,0x22,0x13,0x81,0x90,0xfb,0xac,0xcc,0xba,
	0xab,0xbb,0xab,0x09,0xc4,0xf8,0x23,0x00,0x12,0x20,0x32,0x54,0x89,0xa0,0xe9,0xba,
	0xbc,0xa9,0x8d,0x30,0x42,0x21,0x24,0x26,0x01,0x19,0xa9,0xfb,0xaa,0x9d,0xbb,0x88,
	0x00,0x23,0x74,0x43,0x32,0x23,0x24,0x00,0xd5,0x02,0x28,0x00,0x01,0x90,0xa0,0x1a,
	0xb9,0x62,0x11,0x24,0x15,0x63,0x11,0x11,0x80,0x88,0xba,0xf9,0xac,0xaa,0xa9,0x0c,
	0x00,0x11,0x42,0x34,0x44,0x11,0x81,0x81,0xb8,0xbd,0xcf,0x0b,0x6b,0x01,0x2b,0x00,
	0xaa,0xda,0xab,0x09,0x10,0x10,0x20,0x15,0x11,0x80,0xba,0xac,0xab,0xfb,0x09,0x21,
	0x43,0x02,0x53,0x23,0xd8,0x89,0xcc,0xcb,0xbc,0xaa,0x9c,0x98,0x38,0x53,0x62,0x04,
	0xd6,0xf9,0x2d,0x00,0x32,0x32,0x43,0x82,0x03,0x01,0x92,0x0b,0x19,0x10,0x91,0x72,
	0x32,0x26,0x11,0x01,0x91,0xab,0xce,0xac,0xbb,0xbc,0xba,0x00,0x13,0x72,0x43,0x54,
	0x21,0x02,0x02,0x00,0x68,0x0b,0x25,0x00,0x98,0xdd,0xab,0x9d,0xca,0xba,0xba,0x90,
	0x18,0x20,0x30,0x30,0x06,0x80,0xaa,0x2b,0xe8,0x08,0x59,0x22,0x43,0x33,0x24,0x90,
	0xe2,0xba,0xbd,0xbe,0xbb,0xab,0xab,0x09,0xba,0xf1,0x24,0x00,0x31,0x71,0x32,0x25,
	0x24,0x32,0x33,0x14,0x13,0x21,0x01,0x48,0x88,0x92,0x03,0x8a,0x62,0x11,0xb8,0x9b,
	0x8c,0xdd,0xbd,0xc9,0xab,0xaa,0x0a,0x00,0x73,0x53,0x42,0x03,0x2d,0x07,0x29,0x00,
	0x32,0x04,0x02,0x81,0xa8,0xbf,0xba,0xbc,0xcd,0xaa,0xab,0xb8,0x18,0x18,0x00,0x61,
	0x11,0xa1,0x21,0x12,0x0a,0x24,0x53,0x14,0x24,0x22,0x93,0x39,0xf8,0xad,0x9d,0x0b,
	0xfb,0xfa,0x29,0x00,0xac,0xca,0x9a,0x88,0x10,0x48,0x33,0x27,0x42,0x22,0x33,0x25,
	0x13,0x82,0x20,0x00,0x98,0x9a,0xaa,0xb8,0x41,0xa2,0x99,0x1e,0x05,0xdc,0xca,0xab,
	0xad,0xaa,0xaa,0x08,0x98,0xfc,0x23,0x00,0x61,0x24,0x34,0x42,0x43,0x11,0x20,0x90,
	0xb8,0xaf,0xbb,0xcb,0xdb,0xaa,0xba,0x99,0x19,0x88,0x18,0x14,0x11,0x81,0x73,0x28,
	0x90,0x34,0x34,0x31,0x21,0x27,0x10,0x00,0xb8,0x02,0x23,0x00,0xc9,0xeb,0xcb,0xcb,
	0xdb,0x9a,0x9a,0x88,0x10,0x51,0x34,0x24,0x34,0x32,0x43,0x23,0x13,0x11,0x01,0x10,
	0xda,0x98,0xb9,0xc9,0x8c,0xb8,0x8b,0xad,0xa0,0xda,0xeb,0x09,0x67,0xfe,0x26,0x00,
	0x9c,0xb8,0x88,0x01,0x55,0x53,0x24,0x32,0x43,0x11,0x01,0x90,0xeb,0xeb,0xa9,0xab,
	0xbb,0xac,0x99,0x09,0x98,0xa8,0x08,0x13,0x90,0x59,0x55,0x11,0x13,0x54,0x12,0x03,
	0x1e,0x02,0x27,0x00,0x12,0x23,0x0a,0xb8,0xbe,0xcd,0xb9,0xcc,0xab,0xaa,0xba,0x99,
	0x30,0x63,0x53,0x34,0x53,0x32,0x53,0x12,0x22,0x00,0x01,0x99,0xb8,0xac,0xc9,0x9c,
	0xb9,0xb8,0xaa,0x0d,0x58,0x02,0x24,0x00,0xaa,0xeb,0xba,0xbc,0x9c,0xab,0x98,0x52,
	0x43,0x45,0x33,0x25,0x23,0x12,0x11,0xa8,0xda,0xcb,0xdb,0xab,0xca,0xba,0xaa,0xa9,
	0xaa,0xa9,0x8a,0x11,0x02,0x74,0x24,0x01,0x91,0xfb,0x26,0x00,0x15,0x33,0x31,0x15,
	0x12,0x88,0x01,0x99,0xfb,0x9c,0xbb,0xcb,0xbc,0xbb,0x89,0x89,0x1a,0x36,0x26,0x43,
	0x33,0x36,0x32,0x22,0x21,0x81,0x80,0xca,0x9a,0x0b,0xea,0x09,0x04,0x08,0x25,0x00,
	0x29,0xc8,0xb9,0xbc,0xd9,0xcc,0xac,0xbb,0xcb,0x9a,0x09,0x22,0x45,0x43,0x43,0x34,
	0x12,0x10,0x00,0x91,0x9d,0xcb,0x99,0xac,0xa9,0xcb,0xaa,0xba,0xbc,0xbc,0xaa,0x08,
	0xba,0xf4,0x22,0x00,0x88,0x42,0x74,0x12,0x34,0x31,0x03,0x33,0x81,0x98,0x90,0xb2,
	0xec,0x8c,0xb9,0x9d,0xdb,0x98,0x98,0x19,0x28,0x26,0x45,0x33,0x43,0x43,0x33,0x12,
	0x81,0x01,0xa9,0x0a,0x57,0x0b,0x21,0x00,0xbd,0x99,0x9b,0x8b,0xb8,0x09,0xfb,0xbc,
	0xea,0x9b,0xbe,0xbb,0x9b,0xb9,0x18,0x28,0x56,0x31,0x23,0x34,0x12,0x10,0x11,0xbb,
	0xc8,0xb9,0xdc,0x98,0x9c,0x9d,0xba,0x09,0x91,0xfa,0x23,0x00,0xdb,0x9b,0x98,0x19,
	0x38,0x15,0x27,0x31,0x42,0x80,0x02,0x91,0xa1,0x1b,0x11,0x0a,0xbc,0xb3,0xac,0xae,
	0xdc,0x99,0xaa,0x04,0x48,0x37,0x44,0x22,0x34,0x33,0x03,0x01,0xdc,0x0c,0x27,0x00,
	0x09,0xab,0xd9,0xba,0x98,0x19,0x22,0x49,0x09,0xa4,0xfc,0xc9,0xab,0xbd,0xbb,0xac,
	0x98,0x09,0x01,0x33,0x43,0x24,0x21,0x11,0x12,0x48,0x09,0x02,0x15,0x98,0x80,0x0a,
	0x5b,0x01,0x18,0x00,0xff,0xa9,0x8c,0xd8,0x9a,0x8b,0x80,0x1a,0x82,0x15,0x12,0x42,
	0x19,0x90,0x10,0x91,0x3b,0x22,0x37,0x11,0x82,0x06,0x9c,0xe8,0x8a,0x9c,0x19,0x33,
	0x26,0x46,0x43,0x02,0x9d,0x06,0x2c,0x00,0x13,0x23,0x11,0x99,0xb9,0x8a,0xda,0x0a,
	0x89,0x11,0x12,0x02,0x9c,0xcc,0xaf,0xdb,0xba,0xbb,0xdb,0x99,0x1a,0x80,0x98,0x92,
	0x11,0xbb,0x98,0x8f,0xa2,0x41,0x18,0x02,0xdf,0xfd,0x1a,0x00,0x07,0x24,0x10,0x00,
	0xba,0xcb,0xbc,0xdd,0xa9,0x0a,0xa1,0x18,0x1a,0x20,0x10,0xf8,0xac,0x9a,0x90,0x8b,
	0x3b,0x47,0x32,0x43,0x11,0x85,0x02,0x0a,0x8d,0x88,0x34,0x03,0x69,0xfe,0x1f,0x00,
	0x36,0x65,0x21,0x02,0x22,0x01,0x08,0xac,0xb0,0x08,0x88,0x82,0x71,0x02,0x21,0x9b,
	0xc9,0xf8,0xda,0x8a,0xaa,0xab,0xa9,0xa9,0x19,0xc8,0xdb,0xaa,0xb9,0x0f,0x9c,0x08,
	0xb1,0xfa,0x24,0x00,0x12,0x18,0x42,0x24,0x20,0x42,0x1a,0xb3,0xbc,0xa9,0xf2,0x0a,
	0x19,0xa9,0x81,0xac,0xfa,0xa9,0xda,0xbb,0x8c,0x98,0x81,0x49,0x61,0x32,0x03,0x25,
	0x02,0x22,0x48,0x00,0x75,0xfd,0x20,0x00,0xa2,0x53,0x71,0x21,0x42,0x32,0x23,0x20,
	0x00,0x9a,0x89,0xb9,0xdc,0x52,0x22,0x23,0x32,0x20,0xd2,0xe0,0xbb,0xab,0x9e,0x8b,
	0x09,0xb2,0x29,0xd9,0xa0,0xeb,0xdd,0x0a,0xa9,0xfd,0x28,0x00,0xba,0xc9,0x8b,0x08,
	0x12,0x23,0x62,0x05,0x20,0x18,0x18,0xa0,0xa0,0x81,0x4a,0x21,0x98,0x9e,0xca,0xb8,
	0xef,0xa9,0xa8,0xab,0x9a,0x10,0x08,0x03,0x41,0x17,0x21,0x01,0x3b,0xfa,0x21,0x00,
	0x21,0x37,0x31,0x14,0x32,0x34,0x22,0x11,0x20,0xa0,0x19,0xe9,0x00,0x2c,0xb2,0x46,
	0x19,0x24,0x11,0x81,0x09,0x98,0xf8,0x9c,0x9b,0x82,0x0a,0x8c,0x15,0x22,0xb8,0x0b,
	0x75,0x04,0x1c,0x00,0xfb,0xaa,0xaf,0xbc,0xa9,0xb9,0xa9,0x19,0x42,0x10,0x25,0x51,
	0x91,0x12,0x1a,0x91,0x4c,0xa9,0x33,0x0a,0x97,0x29,0xba,0xfa,0xbb,0xab,0xcd,0xaa,
	0x89,0x08,0x28,0x08,0xeb,0xf5,0x1f,0x00,0x34,0x61,0x03,0x15,0x42,0x34,0x13,0x63,
	0x21,0x23,0x00,0x80,0x09,0xd8,0x9a,0x8c,0xa8,0x18,0x90,0x36,0x03,0x12,0x09,0x83,
	0x1c,0xbf,0xb9,0xb8,0x8a,0x4c,0x00,0x05,0xa9,0x04,0x22,0x00,0x32,0x00,0x31,0x0f,
	0xe9,0xb9,0xcb,0x9b,0xbc,0xb9,0x08,0x10,0x90,0x48,0x14,0x83,0x1a,0xb9,0x08,0xb0,
	0x94,0x8f,0x84,0x34,0xc9,0x0b,0x9c,0xf8,0x9b,0xca,0x8b,0x0a,0x52,0xf6,0x23,0x00,
	0xa2,0x08,0x04,0x62,0x18,0x14,0x42,0x21,0x46,0x22,0x32,0x53,0x22,0x11,0x08,0xa8,
	0xa9,0xac,0xbb,0x8c,0x89,0x02,0x58,0x24,0x12,0x90,0x90,0xaa,0xf9,0x8f,0xa9,0x09,
	0x9a,0x02,0x23,0x00,0x80,0x12,0x40,0x33,0x14,0x82,0xa2,0x89,0xef,0xaa,0xcb,0xb9,
	0x8d,0x9a,0x91,0x08,0x99,0x12,0x11,0xba,0xb0,0x9f,0x91,0x88,0xfa,0x39,0x39,0xb1,
	0xbd,0xa9,0x89,0x0f,0x7c,0xf8,0x22,0x00,0x9a,0xcb,0xa0,0x38,0x8b,0x42,0x42,0x84,
	0x62,0x22,0x17,0x41,0x24,0x33,0x32,0x25,0x12,0x81,0x08,0xaa,0xbb,0xbc,0xcb,0x0a,
	0x19,0x81,0x43,0x24,0x02,0x2a,0xab,0x09,0x45,0x05,0x16,0x00,0xef,0xa9,0x9a,0x8b,
	0x28,0x84,0x34,0x53,0x31,0x00,0x90,0xe0,0xbd,0xaa,0xac,0xea,0xa8,0x09,0x89,0x98,
	0x18,0x09,0xa9,0xab,0xfd,0x1a,0x0a,0xab,0x9f,0x81,0x90,0x0a,0x64,0xf8,0x1f,0x00,
	0x9b,0x09,0xb9,0xda,0x88,0x1b,0xca,0xa4,0x40,0x30,0x04,0x32,0x47,0x64,0x11,0x44,
	0x32,0x32,0x32,0x24,0x02,0x80,0x98,0xac,0xbb,0xac,0xca,0x89,0x20,0x0b,0x33,0x02,
	0x36,0x05,0x19,0x00,0xa3,0x94,0xb0,0xaf,0xae,0xab,0xca,0xb9,0x30,0x59,0x11,0x24,
	0x22,0x21,0xc2,0x8f,0xc9,0x98,0x9c,0x9a,0x2a,0x99,0x31,0x80,0xa6,0xa0,0xa9,0xbe,
	0x9f,0xaa,0xb9,0x0b,0x78,0xf8,0x21,0x00,0x98,0x9d,0xa9,0x0b,0xd9,0x19,0x89,0xa1,
	0x3c,0xbb,0x83,0x0b,0x47,0x48,0x31,0x73,0x14,0x34,0x52,0x43,0x31,0x33,0x33,0x13,
	0x01,0x88,0xaa,0xcd,0xaa,0x9c,0xa9,0x08,0x5c,0x05,0x20,0x00,0xb0,0x08,0x23,0x22,
	0xaf,0xb1,0x0b,0xec,0xa8,0x0e,0x98,0x18,0x90,0x12,0x51,0x12,0x00,0x81,0xc9,0xb8,
	0x9c,0xca,0x9b,0xad,0x94,0x88,0x20,0x25,0x0b,0xa9,0xa8,0x0f,0xbe,0xfe,0x1f,0x00,
	0xbb,0xcf,0xba,0x9c,0xca,0x9a,0x9a,0x88,0x0b,0x88,0x21,0xb1,0x94,0x3b,0x99,0x73,
	0x03,0x34,0x37,0x35,0x53,0x43,0x24,0x33,0x33,0x43,0x22,0x81,0x80,0x99,0xb9,0x0e,
	0xb5,0x08,0x24,0x00,0xba,0x99,0x8a,0x09,0x8e,0x18,0x01,0xf8,0x88,0x89,0xa8,0x0c,
	0xfb,0x08,0x09,0x80,0x1a,0x01,0x07,0x11,0x28,0x08,0x88,0x8b,0x88,0xad,0xfa,0x28,
	0x09,0x08,0x63,0x00,0xcb,0x02,0x1f,0x00,0x10,0x8b,0xf9,0xae,0xc9,0xbb,0xbc,0xba,
	0xad,0xaa,0x88,0xa8,0x81,0x28,0x32,0x10,0xb1,0xa1,0x44,0x32,0x33,0x77,0x34,0x53,
	0x42,0x43,0x42,0x12,0x13,0x22,0x01,0x08,0x87,0x0b,0x24,0x00,0x98,0xa8,0xb9,0x9c,
	0x0d,0xa9,0xa9,0xd9,0x89,0x10,0xba,0x9c,0x19,0xb2,0xc8,0xbb,0xaf,0xb9,0xb8,0xda,
	0x81,0x71,0x08,0x06,0x12,0x01,0x08,0x48,0xb8,0xc9,0x8c,0x01,0xdb,0x03,0x1f,0x00,
	0x01,0x23,0x10,0x50,0xa3,0xdf,0xbb,0xac,0xec,0xaa,0x9b,0x9c,0xa9,0x0a,0xa9,0x00,
	0x80,0x12,0x12,0x94,0x3a,0x1e,0x85,0x10,0x23,0x55,0x24,0x53,0x42,0x33,0x43,0x03,
	0xa1,0x08,0x2a,0x00,0x82,0x04,0x00,0x89,0x99,0x99,0x01,0x9b,0x09,0x30,0xb9,0xf2,
	0xca,0xba,0x9c,0xdb,0xab,0x8a,0x01,0xf9,0x29,0x18,0xab,0x0c,0x14,0x90,0x48,0x64,
	0x01,0x80,0x12,0x00,0x2f,0x06,0x1e,0x00,0x8b,0x19,0x2b,0x07,0x34,0x88,0x72,0x11,
	0xd8,0xad,0xa9,0xfa,0xcb,0xa9,0xba,0xab,0xab,0xaa,0x90,0x11,0x00,0x23,0x27,0x00,
	0x1a,0x43,0x81,0x12,0x55,0x34,0x24,0x03,0x34,0xff,0x26,0x00,0x45,0x22,0x33,0x13,
	0x93,0x21,0xbc,0x8a,0xcb,0x88,0x3a,0x10,0x68,0x12,0x04,0xa8,0xba,0x9f,0xc9,0xbb,
	0xbd,0x81,0x09,0x9a,0x21,0x10,0xd3,0x32,0x1b,0x31,0x73,0x01,0x09,0x04,0x1e,0x00,
	0xa2,0x13,0x21,0xb8,0x69,0x32,0x18,0x37,0x33,0x52,0x13,0x09,0xff,0xa9,0xcb,0xcc,
	0xcb,0xb9,0xbb,0xca,0x99,0x8a,0x81,0x01,0x10,0x34,0x21,0x90,0x21,0x43,0x32,0x00,
	0x3c,0xf4,0x1b,0x00,0x77,0x23,0x44,0x24,0x22,0x22,0x14,0x18,0x98,0xba,0xdb,0x9a,
	0x89,0xaa,0x21,0x45,0x12,0x51,0x21,0x90,0xa9,0xba,0xcf,0xbb,0x99,0x9b,0x89,0x2a,
	0x07,0x10,0x21,0x03,0xda,0x01,0x21,0x00,0x28,0x82,0xa3,0x19,0x69,0xf0,0x89,0x10,
	0x22,0x18,0x54,0x23,0x24,0x32,0x91,0xf9,0xaa,0xcd,0xad,0xbc,0xba,0xbc,0xcb,0x9a,
	0x8b,0x90,0x18,0x00,0x42,0x31,0x82,0x02,0x7b,0xf0,0x1f,0x00,0x20,0x12,0x42,0x74,
	0x73,0x32,0x44,0x43,0x22,0x23,0x11,0x80,0xaa,0xeb,0xab,0xb9,0x98,0x08,0x24,0x25,
	0x32,0x42,0x81,0xaa,0xbc,0xdc,0xcb,0x9b,0xa9,0x88,0x18,0x04,0x9b,0xff,0x24,0x00,
	0x30,0x33,0x34,0x03,0x11,0x12,0x8a,0xea,0x91,0x8e,0x19,0x01,0x03,0x73,0x53,0x12,
	0x22,0x13,0xa8,0xcd,0xad,0xbe,0xea,0xaa,0xbb,0xbb,0xbb,0xbb,0x08,0x08,0x02,0x00,
	0xd9,0xef,0x1f,0x00,0x33,0x14,0x99,0x90,0x13,0x92,0x74,0x47,0x34,0x53,0x24,0x33,
	0x33,0x22,0x80,0x98,0xbc,0xbd,0x9a,0x9a,0x88,0x41,0x63,0x31,0x31,0x12,0xa0,0xbd,
	0xda,0xbc,0xac,0x0a,0x16,0xff,0x28,0x00,0x8a,0x80,0x12,0x04,0x52,0x41,0x11,0x10,
	0x12,0x80,0xa8,0x8a,0xdb,0xa9,0x12,0x50,0x21,0x46,0x24,0x21,0x32,0x92,0xcb,0xdd,
	0xeb,0xbb,0xbd,0xbb,0xbc,0xaa,0xab,0x09,0x58,0xef,0x27,0x00,0x01,0x10,0x10,0x23,
	0x31,0xb0,0x8d,0x1a,0x10,0x2a,0x77,0x45,0x23,0x35,0x42,0x32,0x21,0x01,0x09,0xba,
	0xfb,0x8a,0x8a,0x08,0x29,0x42,0x15,0x02,0x13,0x10,0xda,0x0a,0x40,0x07,0x25,0x00,
	0xbd,0xda,0xa9,0x99,0x09,0x00,0x38,0x30,0x17,0x22,0x01,0x42,0x01,0x80,0x0a,0xaa,
	0xda,0x2b,0x81,0x26,0x20,0x46,0x42,0x21,0x02,0xba,0xe9,0xfa,0xbb,0xae,0xab,0x0b,
	0x00,0xf7,0x2c,0x00,0xcb,0xa9,0xa8,0x18,0x10,0x10,0x10,0x03,0xb1,0xcc,0xac,0x10,
	0x88,0x72,0x45,0x34,0x35,0x43,0x23,0x24,0x11,0x98,0x98,0xba,0xae,0xa9,0x88,0x0a,
	0x41,0x42,0x12,0x03,0xcd,0x08,0x25,0x00,0x82,0xa1,0xad,0xfb,0xab,0x9a,0xaa,0xca,
	0x22,0x01,0x12,0x51,0x33,0x21,0x80,0x14,0xb8,0xb3,0xbb,0x9f,0x2a,0xa0,0x3a,0x57,
	0x02,0x35,0x33,0x24,0x10,0x9b,0xdc,0x0c,0x99,0x04,0x29,0x00,0xdc,0xbb,0xbc,0xba,
	0x9b,0x9b,0x80,0x10,0x00,0x03,0x82,0x8b,0xbd,0xdb,0x9a,0x98,0x71,0x17,0x53,0x32,
	0x25,0x34,0x22,0x11,0x02,0x00,0xa8,0xbc,0xab,0x89,0x9b,0x01,0x1f,0x05,0x21,0x00,
	0x53,0x03,0x22,0x50,0x99,0x9d,0xfb,0xb8,0x9b,0xa8,0xa8,0x48,0x21,0x02,0x30,0x42,
	0x13,0x09,0x07,0x38,0x00,0x81,0x98,0xa8,0xc8,0x9c,0xd8,0x37,0x18,0x25,0x34,0x03,
	0xe1,0x0a,0x25,0x00,0x82,0x9a,0xce,0xac,0xbe,0xbb,0x9d,0xaa,0xa9,0x89,0x00,0x10,
	0x10,0x80,0xb8,0xb8,0xad,0xcc,0x8a,0x39,0x62,0x63,0x33,0x27,0x33,0x34,0x22,0x23,
	0x12,0x80,0x89,0x0b,0xd2,0x09,0x24,0x00,0xca,0x99,0x18,0x21,0x04,0x41,0x08,0x93,
	0xfb,0xbc,0xcb,0xba,0x9d,0xa9,0xa1,0x18,0x31,0x10,0x18,0x45,0x21,0x11,0x44,0x83,
	0x32,0x22,0xb9,0xcc,0xdb,0xba,0x0d,0x01,0x9b,0x03,0x20,0x00,0x14,0x53,0x27,0x20,
	0x18,0x88,0xfb,0xbb,0xae,0xcb,0xab,0xab,0x9a,0x89,0x08,0x82,0x21,0x00,0x08,0xcb,
	0xfb,0xa9,0x0b,0x98,0x42,0x63,0x45,0x33,0x25,0x33,0x25,0x02,0xf6,0x04,0x2d,0x00,
	0x10,0x12,0x80,0x98,0x80,0x22,0x61,0x10,0x91,0x10,0xb0,0xf9,0xad,0xbb,0xa9,0x9c,
	0xca,0x08,0x9a,0x01,0x01,0xc9,0x31,0x71,0x20,0x24,0x24,0x12,0x15,0x80,0xaa,0x0c,
	0xba,0x04,0x23,0x00,0xcb,0xda,0x99,0x00,0x41,0x50,0x24,0x21,0x21,0x99,0xce,0xdb,
	0xbb,0xcd,0xa9,0x9a,0x99,0x09,0x08,0x12,0x10,0x93,0x29,0x8d,0xb9,0xdb,0x8b,0x18,
	0x13,0x37,0x55,0x03,0x59,0xf7,0x2b,0x00,0x43,0x42,0x13,0x12,0x23,0x31,0x00,0x21,
	0x42,0x12,0x23,0x03,0x33,0x3c,0xab,0xaa,0xef,0xd0,0xa9,0x8c,0xba,0xb9,0x9d,0x88,
	0x88,0xb9,0x34,0x37,0x23,0x53,0x32,0x02,0xdf,0x09,0x26,0x00,0x11,0xba,0xba,0xcc,
	0xdb,0xbb,0x0a,0x98,0x80,0x39,0x46,0x02,0x8a,0xb8,0xcc,0xce,0xba,0xad,0xba,0x9a,
	0xca,0x08,0x18,0x02,0x40,0x03,0x03,0x1b,0x90,0xce,0xb9,0x09,0x03,0xf3,0x21,0x00,
	0x89,0x81,0x73,0x26,0x33,0x53,0x33,0x24,0x04,0x21,0x30,0x30,0x40,0x10,0x83,0x23,
	0x08,0x73,0x21,0xa9,0x00,0xaa,0xfa,0xbd,0x9e,0xaa,0x9a,0xb9,0x99,0x48,0x25,0x05,
	0x91,0x04,0x2b,0x00,0x31,0x34,0x42,0x10,0x90,0xb9,0xcb,0xca,0xdb,0xaa,0x09,0x8a,
	0x08,0x12,0x84,0x91,0x09,0x99,0xff,0xac,0xa9,0xac,0xab,0xab,0xab,0x20,0x01,0x10,
	0x65,0x12,0x81,0x08,0xd5,0xf7,0x24,0x00,0x80,0xbc,0xab,0x9a,0x8e,0x80,0x43,0x50,
	0x25,0x34,0x31,0x24,0x23,0x01,0x20,0x23,0xa2,0x7a,0x10,0x10,0x43,0x23,0x82,0x52,
	0x92,0xf9,0x8c,0xc9,0xda,0xab,0x98,0x09,0x97,0xfe,0x27,0x00,0x88,0x51,0x33,0x35,
	0x34,0x43,0x22,0x12,0x98,0xba,0xbd,0xbc,0xbd,0xab,0xa9,0xaa,0x29,0x01,0x04,0x88,
	0x90,0xda,0xbf,0xeb,0xa9,0xac,0xb8,0x9b,0x08,0x22,0x28,0x03,0x95,0xf5,0x20,0x00,
	0x46,0x03,0x10,0x09,0xa2,0xfb,0xab,0x8b,0x9c,0x98,0x28,0x64,0x23,0x25,0x33,0x15,
	0x33,0x19,0x81,0x31,0x8a,0x01,0x34,0x17,0x22,0x34,0x32,0x02,0xa2,0xeb,0xbb,0x0e,
	0x48,0x05,0x28,0x00,0xac,0xbb,0x8a,0x08,0x81,0x72,0x34,0x43,0x24,0x42,0x02,0x21,
	0x89,0xda,0xbb,0xda,0xac,0xac,0x98,0xaa,0x80,0x18,0x92,0x11,0x1a,0xdc,0xac,0xdb,
	0xcb,0xbb,0xa9,0x0b,0x98,0xf3,0x24,0x00,0x19,0x34,0x52,0x22,0x27,0x02,0x81,0x09,
	0xb8,0xcd,0xba,0x9a,0x9b,0x98,0x51,0x32,0x37,0x33,0x22,0x25,0x12,0x01,0x09,0x91,
	0x00,0x28,0x05,0x35,0x73,0x32,0x31,0x04,0x90,0x0a,0x27,0x00,0x91,0xa8,0xc8,0xbd,
	0xbd,0xaa,0x9a,0x8a,0x23,0x73,0x33,0x36,0x32,0x24,0x21,0x90,0xa9,0xac,0xcd,0xcb,
	0xba,0xaa,0xbb,0x98,0x09,0x11,0x32,0x92,0x09,0x9f,0xf0,0x0a,0x19,0xfb,0x28,0x00,
	0xac,0xba,0xab,0x99,0x11,0x70,0x33,0x43,0x32,0x14,0x90,0xc9,0x9a,0xdb,0xac,0x9a,
	0x81,0x09,0x61,0x33,0x15,0x13,0x24,0x41,0x18,0x88,0xbb,0x92,0x81,0xc9,0x72,0x03,
	0x39,0x01,0x24,0x00,0x54,0x12,0x33,0x23,0x82,0x0a,0xbe,0xdb,0xca,0x0a,0x8a,0x00,
	0x44,0x43,0x35,0x41,0x22,0x22,0x11,0xb8,0xcc,0xca,0xdb,0xac,0xab,0xbb,0x9b,0xaa,
	0x98,0x20,0x33,0x00,0x5d,0xfd,0x1e,0x00,0xa2,0x11,0xcb,0xfa,0x9f,0xb9,0xa9,0x89,
	0x32,0x58,0x13,0x36,0x12,0x00,0x98,0xe9,0x8b,0xdb,0xaa,0x0a,0x09,0x80,0x33,0x57,
	0x23,0x22,0x22,0x21,0x92,0xab,0xbd,0x0c,0xf3,0xfc,0x22,0x00,0x19,0x80,0x50,0x37,
	0x15,0x32,0x31,0x13,0x00,0xbb,0xea,0xcc,0x98,0x88,0x80,0x41,0x63,0x32,0x24,0x13,
	0x12,0x21,0x82,0xae,0xbd,0xa9,0xcc,0xcb,0x9a,0xaa,0x9b,0x0a,0x89,0xfb,0x25,0x00,
	0x9b,0x18,0x05,0x81,0x20,0x44,0x00,0x9b,0x99,0xc0,0xaf,0x98,0x98,0x80,0x68,0x02,
	0x11,0x10,0x92,0xfb,0x8a,0x8c,0xcd,0x80,0x18,0x18,0x24,0x63,0x23,0x04,0x22,0x09,
	0x28,0x00,0x25,0x00,0x8a,0xc0,0xba,0x8c,0x00,0x01,0x70,0x44,0x12,0x22,0x33,0x83,
	0xa0,0x8b,0xbe,0x99,0x08,0x0a,0x61,0x44,0x24,0x22,0x26,0x01,0x10,0x81,0x98,0xcd,
	0xba,0xba,0xbe,0x0a,0x55,0x02,0x28,0x00,0xac,0xba,0xa9,0xeb,0x98,0x20,0x10,0x01,
	0x34,0x43,0x93,0x19,0xbb,0xd8,0xbd,0xa9,0x0a,0x98,0x25,0x31,0x41,0x21,0xd2,0xaa,
	0x9e,0xb9,0xab,0x0b,0x20,0x24,0x54,0x04,0xb6,0xfc,0x25,0x00,0x24,0x22,0x00,0xa1,
	0x99,0xdb,0xbb,0x8b,0x29,0x81,0x3b,0x77,0x13,0x40,0x02,0x22,0x28,0x82,0x00,0x98,
	0x36,0x01,0x35,0x72,0x02,0x43,0x11,0x32,0x91,0x98,0x99,0x0d,0xe9,0x09,0x20,0x00,
	0xbe,0x9c,0xeb,0xba,0xbb,0xac,0x9a,0xab,0x98,0x39,0x26,0x22,0x12,0x34,0x84,0x99,
	0xa8,0xda,0xb9,0x0d,0x89,0x88,0x00,0x18,0x88,0xc8,0xe8,0x9a,0xbc,0x01,0x1c,0x08,
	0x4c,0xf9,0x1c,0x00,0x37,0x01,0x34,0x25,0x24,0x39,0x02,0x01,0x0a,0xe9,0xb8,0x9c,
	0x90,0xac,0x9a,0x00,0x20,0x07,0x48,0x23,0x43,0x22,0x25,0x49,0x22,0x23,0x40,0x14,
	0x53,0x10,0x21,0x04,0xef,0x0b,0x23,0x00,0x00,0x89,0xa8,0xfa,0xac,0xbc,0xbe,0xaa,
	0xcb,0xbb,0x9a,0x98,0x19,0x53,0x43,0x21,0x33,0x02,0x83,0x9b,0xb8,0x8e,0x99,0x0b,
	0xb9,0x80,0xf8,0xb9,0xbb,0x9f,0x9e,0x08,0x18,0xf9,0x25,0x00,0x98,0x08,0x82,0x73,
	0x12,0x40,0x31,0x24,0x30,0x33,0x05,0x23,0x98,0x01,0x29,0xaf,0xea,0xb9,0x9a,0xba,
	0xa9,0x08,0x60,0x32,0x34,0x41,0x15,0x02,0x14,0x20,0x21,0x04,0x31,0x06,0x22,0x00,
	0x58,0x21,0x04,0x32,0x21,0x01,0xcb,0xcc,0xea,0xdb,0xab,0xad,0xa9,0xab,0x9a,0x08,
	0x21,0x32,0x23,0x45,0x21,0x00,0x00,0x86,0x30,0x90,0x20,0xa1,0x99,0xbf,0xbd,0x0c,
	0x8f,0xfb,0x25,0x00,0xbb,0xf9,0x99,0x88,0x01,0x08,0x32,0x53,0x22,0x32,0x17,0x23,
	0x43,0x41,0x32,0x23,0x90,0x92,0x2a,0xec,0xdb,0xaa,0x99,0xbb,0xba,0x98,0x33,0x53,
	0x11,0x72,0x24,0x01,0xa5,0x01,0x23,0x00,0x11,0x30,0x23,0x13,0x72,0x45,0x02,0x22,
	0x24,0x01,0x98,0xad,0xdb,0xac,0xeb,0xab,0xba,0xc9,0x9a,0x19,0x10,0x11,0x22,0x51,
	0x14,0x31,0x13,0x25,0x40,0x12,0x99,0x00,0xd7,0x01,0x1f,0x00,0xba,0xcf,0xac,0xcb,
	0x99,0xac,0x98,0x18,0x91,0x15,0x49,0x02,0x33,0x03,0x27,0x58,0x21,0x33,0x42,0x02,
	0x33,0x81,0x91,0xdb,0xdb,0x9d,0xab,0xda,0x9a,0xa9,0x11,0x00,0x93,0xfd,0x22,0x00,
	0x20,0x23,0x26,0x33,0x81,0x10,0x73,0x22,0x03,0x36,0x53,0x22,0x13,0x11,0x92,0xbc,
	0xcd,0xbc,0xcc,0xca,0xba,0x9a,0xa9,0x98,0x29,0x12,0x23,0x52,0x61,0x23,0x15,0x01,
	0xcf,0x02,0x27,0x00,0x21,0x10,0xc8,0xa9,0xae,0xb9,0x9d,0xca,0x8a,0xa8,0x89,0x89,
	0x85,0x31,0x2d,0x11,0x21,0x05,0x15,0x43,0x43,0x33,0x23,0x33,0x30,0xd0,0xc9,0x9a,
	0xaf,0xab,0x9c,0x09,0x7b,0xfd,0x28,0x00,0x98,0xa9,0x10,0x20,0x80,0x44,0x60,0x10,
	0x00,0x11,0x33,0x05,0x33,0x73,0x33,0x33,0x32,0x15,0x01,0xb8,0x9f,0xbc,0xcc,0xbc,
	0xaa,0xbb,0x9b,0x99,0x18,0x32,0x35,0x03,0x55,0xfc,0x23,0x00,0x26,0x34,0x21,0x10,
	0x23,0x89,0xfa,0xaa,0xca,0xcb,0xba,0xaa,0xbb,0x0b,0x80,0x89,0x34,0x23,0x84,0x74,
	0x40,0x32,0x24,0x25,0x43,0x42,0x21,0x01,0x10,0x91,0xad,0x0d,0x99,0x06,0x2a,0x00,
	0xc9,0xaa,0xad,0x9a,0x9a,0xa9,0x89,0xa0,0x41,0x12,0x15,0x68,0x10,0x01,0x81,0x15,
	0x21,0x20,0x25,0x44,0x22,0x21,0x00,0xb1,0xbb,0xdf,0xcb,0xab,0xda,0x9b,0x9a,0x09,
	0x6d,0xf7,0x28,0x00,0x09,0x21,0x53,0x32,0x25,0x34,0x22,0x31,0x92,0xaa,0xdc,0xba,
	0xbd,0x9c,0x9a,0x89,0xaa,0x00,0x18,0x90,0x02,0x0f,0x81,0x30,0x51,0x27,0x63,0x33,
	0x53,0x32,0x22,0x01,0x86,0x0c,0x29,0x00,0x91,0x98,0xeb,0x9c,0x9c,0xca,0x9b,0xbb,
	0x99,0x9a,0x9a,0x99,0x21,0x41,0x30,0x41,0x16,0x02,0x10,0x34,0x63,0x11,0x34,0x43,
	0x25,0x20,0x81,0x19,0xca,0xec,0xcb,0x09,0x0f,0xfe,0x2c,0x00,0xba,0xac,0x8a,0x89,
	0x20,0x21,0x35,0x53,0x33,0x34,0x31,0x81,0x91,0xac,0xcc,0xcb,0xcb,0x9a,0x0a,0x0a,
	0x8b,0x82,0xa1,0x93,0x0d,0x0c,0x8b,0x27,0x40,0x52,0x25,0x05,0xbf,0x02,0x2f,0x00,
	0x22,0x32,0x32,0x11,0x91,0xa9,0xaf,0xba,0xad,0xbb,0xcb,0x8b,0xaa,0x89,0xa9,0x88,
	0x19,0x13,0x20,0x19,0x25,0x31,0x36,0x21,0x35,0x73,0x33,0x22,0x07,0x22,0x81,0x01,
	0xd2,0x05,0x24,0x00,0xa9,0xbd,0xdb,0xcb,0xad,0xaa,0xa9,0x09,0x38,0x42,0x44,0x43,
	0x24,0x12,0x13,0x88,0xb9,0x9d,0xeb,0xaa,0x9a,0x98,0x19,0x91,0x43,0x8a,0xa0,0xa9,
	0xfb,0xca,0x09,0x00,0xc5,0xf8,0x21,0x00,0x52,0x73,0x33,0x36,0x42,0x12,0x12,0x11,
	0x08,0xc9,0xac,0xcc,0xb9,0xab,0xba,0x9c,0x8a,0x89,0x08,0x99,0x32,0x30,0x06,0x32,
	0xa1,0x24,0x12,0xe0,0x2c,0x01,0x13,0x08,0x09,0x00,0x1d,0x00,0x37,0x52,0x12,0x21,
	0x91,0xab,0xcf,0xdb,0xba,0xba,0xab,0x18,0x62,0x32,0x54,0x32,0x23,0x11,0x81,0xba,
	0xfb,0xba,0xba,0xab,0x99,0x11,0x58,0x00,0x21,0x88,0xfa,0x0c,0x08,0xfc,0x26,0x00,
	0x0a,0xac,0x91,0x30,0x17,0x35,0x42,0x24,0x52,0x11,0x00,0x10,0x80,0xca,0xbb,0xba,
	0xcd,0xaa,0x9b,0xca,0xa9,0x89,0xa9,0x08,0x20,0x31,0x71,0x03,0x90,0x81,0x03,0x0d,
	0x46,0xfe,0x1f,0x00,0x0a,0x42,0x86,0x72,0x12,0x33,0x32,0x92,0xa9,0xcd,0xbc,0xbd,
	0xbb,0xac,0x88,0x22,0x33,0x54,0x43,0x14,0x00,0x81,0x88,0x9c,0xdb,0x9a,0x98,0x88,
	0x08,0x01,0x78,0x00,0x07,0xff,0x25,0x00,0xa8,0x8c,0xc8,0x9c,0xa9,0x00,0x19,0x45,
	0x51,0x33,0x53,0x24,0x23,0x23,0x02,0x32,0x01,0xca,0xbc,0xbb,0xcd,0xbd,0xaa,0xbb,
	0xba,0x9a,0x0b,0x21,0x19,0x04,0x73,0x08,0x1a,0xfe,0x23,0x00,0xa8,0xdb,0xa0,0x0a,
	0x99,0x62,0x63,0x25,0x11,0x14,0x23,0x90,0xb0,0xad,0xcc,0xba,0xac,0x99,0x18,0x30,
	0x42,0x34,0x53,0x81,0x88,0x90,0xc0,0x9c,0xab,0x90,0x00,0x03,0x99,0xfe,0x1e,0x00,
	0x22,0x43,0x73,0xb1,0xb9,0xac,0xe9,0x9c,0xaa,0xb8,0x98,0x13,0x73,0x42,0x34,0x53,
	0x33,0x43,0x22,0x21,0x11,0xa8,0xbd,0xca,0xda,0xab,0xbb,0xaa,0x08,0x98,0x20,0x0b,
	0x81,0x00,0x1c,0x00,0x0b,0xe8,0xcc,0xad,0xca,0xb9,0x99,0x10,0x58,0x62,0x34,0x23,
	0x34,0x22,0x03,0x99,0xca,0xac,0xbd,0xba,0xbb,0x98,0x40,0x11,0x43,0x51,0x11,0x18,
	0xaa,0x98,0xdc,0x09,0xfe,0xfd,0x22,0x00,0x1b,0x99,0x34,0x42,0x13,0x37,0x40,0xa1,
	0xab,0xab,0xf9,0xbc,0xba,0xca,0x19,0x09,0x13,0x73,0x24,0x16,0x22,0x32,0x23,0x21,
	0x12,0xc8,0xc9,0x89,0xbc,0xbb,0x9d,0x08,0xf1,0x02,0x25,0x00,0x89,0xa0,0xa2,0x9b,
	0xa9,0xcf,0xcb,0xbc,0xb9,0x0b,0x1b,0x02,0x44,0x46,0x32,0x33,0x33,0x23,0x02,0x9b,
	0xeb,0xbb,0xcc,0xab,0x9c,0x08,0x81,0x10,0x52,0x11,0x90,0x0a,0x22,0xff,0x1d,0x00,
	0x91,0x9f,0xda,0x1a,0x08,0x21,0x52,0x43,0x43,0x24,0x30,0x90,0xa9,0xae,0xea,0xac,
	0xbb,0xbb,0x8b,0x09,0x22,0x57,0x42,0x23,0x44,0x12,0x22,0x11,0x88,0xa9,0xda,0x0a,
	0x27,0x06,0x27,0x00,0x9a,0x9c,0x99,0x81,0x20,0x90,0x9a,0x9f,0xcc,0xcb,0xbb,0xcb,
	0x99,0x09,0x22,0x36,0x34,0x43,0x44,0x12,0x01,0x01,0x98,0xba,0xdb,0xcb,0xbb,0xab,
	0xac,0x88,0x49,0x00,0xc6,0xfc,0x21,0x00,0x01,0x11,0xc2,0xb0,0x2a,0xcd,0xaa,0xb1,
	0x32,0x46,0x14,0x73,0x31,0x23,0x12,0xb8,0xc8,0xbb,0xdf,0xab,0x9c,0xb9,0x0b,0x1a,
	0x13,0x26,0x44,0x33,0x34,0x33,0x23,0x01,0xce,0x09,0x27,0x00,0xb1,0xa0,0xad,0xaa,
	0x9b,0x9e,0x90,0x81,0x0a,0xca,0x99,0xdc,0xdb,0xab,0xbb,0xba,0x89,0x10,0x56,0x43,
	0x33,0x25,0x43,0x12,0x81,0x00,0xa9,0xac,0xeb,0x9b,0xba,0x0a,0xdc,0xfd,0x25,0x00,
	0x8b,0x98,0x10,0x10,0x18,0x32,0x88,0xaf,0x99,0xb9,0xf0,0x00,0x50,0x34,0x63,0x21,
	0x44,0x31,0x81,0x08,0xda,0xc9,0xcc,0xcb,0xab,0xba,0x89,0x19,0x43,0x35,0x26,0x03,
	0x1d,0x02,0x2d,0x00,0x42,0x22,0x12,0x80,0x98,0xc9,0xaa,0xd9,0x99,0x0a,0x99,0xb1,
	0x1a,0xfb,0xaa,0xbd,0xeb,0x9a,0x9a,0x99,0x28,0x32,0x57,0x32,0x33,0x44,0x21,0x12,
	0x88,0xa8,0x9b,0x0d,0xd9,0x04,0x27,0x00,0xcb,0xab,0xba,0xa9,0x8a,0x3a,0x88,0x04,
	0x18,0xb3,0x22,0x8c,0xaf,0x98,0xa8,0x0b,0x30,0x77,0x33,0x42,0x15,0x23,0x01,0x98,
	0xac,0xdc,0xac,0xbc,0xaa,0x8b,0xa9,0x02,0xc9,0xf7,0x25,0x00,0x44,0x44,0x32,0x25,
	0x41,0x10,0x01,0x88,0xa8,0x9b,0xba,0xca,0xaa,0x98,0xaa,0xcb,0xf9,0xb9,0x9e,0xba,
	0x9b,0xbb,0x00,0x39,0x52,0x47,0x22,0x34,0x53,0x12,0x02,0x01,0x10,0x0b,0x29,0x00,
	0x88,0xab,0xeb,0xba,0xad,0xa9,0xaa,0x99,0x18,0xa3,0x11,0x41,0x94,0x20,0x0a,0xb8,
	0xbb,0x9f,0xb0,0x99,0x13,0x37,0x15,0x44,0x21,0x22,0x08,0xc0,0xb9,0xbf,0xca,0x0b,
	0x0b,0xfc,0x28,0x00,0xba,0x8a,0x09,0x22,0x74,0x14,0x33,0x24,0x23,0x30,0x82,0x09,
	0xbb,0x9f,0xa9,0xcb,0x9c,0xa9,0xba,0xbb,0xbb,0xfb,0x9b,0xaa,0x91,0x2a,0x20,0x25,
	0x73,0x25,0x22,0x04,0x29,0x01,0x29,0x00,0x52,0x13,0x12,0x10,0x01,0xca,0xeb,0xba,
	0xad,0xca,0x99,0xa9,0x01,0x02,0x32,0x63,0x22,0x80,0x10,0xa8,0xf9,0xba,0xa9,0x88,
	0x19,0x41,0x63,0x33,0x15,0x21,0x91,0x01,0xbe,0x01,0x20,0x00,0xcb,0x9e,0xbb,0xca,
	0x9a,0x88,0x28,0x61,0x34,0x42,0x25,0x41,0x10,0x22,0x88,0xc9,0x99,0xdb,0xdb,0xaa,
	0xbb,0xcb,0xbb,0xab,0xa9,0x8b,0xb0,0x39,0x35,0x36,0x01,0x03,0xbb,0xf9,0x1f,0x00,
	0x47,0x22,0x23,0x35,0x34,0x32,0x14,0x00,0xa9,0xd8,0xbd,0xcb,0xbb,0xac,0x9a,0x88,
	0x82,0x53,0x33,0x42,0x22,0x01,0x08,0xab,0xe9,0xbb,0xbc,0x02,0x19,0x41,0x53,0x03,
	0x38,0x00,0x21,0x00,0x23,0x48,0x82,0xb0,0xac,0xe8,0xab,0x9b,0xab,0xd0,0x03,0x71,
	0x24,0x51,0x23,0x22,0x21,0x03,0xb0,0xec,0xaa,0xbd,0xac,0xbb,0xcb,0xab,0x9a,0xaa,
	0x98,0x30,0x9a,0x01,0x55,0xf7,0x1a,0x00,0x15,0x25,0x23,0x65,0x42,0x43,0x32,0x34,
	0x34,0x13,0x12,0x89,0xba,0xce,0xdb,0xbb,0xba,0xbb,0x8b,0x11,0x23,0x73,0x33,0x23,
	0x04,0x10,0x91,0x99,0x8d,0xcc,0x9b,0x08,0xa3,0xfe,0x23,0x00,0x09,0x09,0x22,0x73,
	0x12,0x11,0x23,0x90,0xc0,0xc8,0x9d,0xac,0x09,0x99,0x20,0x66,0x32,0x32,0x35,0x22,
	0x18,0x08,0xda,0xce,0xb9,0xc9,0xac,0x9a,0x9a,0xa9,0x89,0x08,0xb1,0xf6,0x23,0x00,
	0x89,0xb2,0x18,0x89,0x30,0x60,0x52,0x26,0x37,0x22,0x43,0x34,0x22,0x12,0x10,0xb8,
	0xcc,0xca,0xdb,0xbb,0x9a,0xba,0x89,0x31,0x24,0x43,0x44,0x12,0x01,0x20,0xc0,0x0a,
	0x12,0x03,0x23,0x00,0xca,0xd9,0x9b,0x89,0x80,0xa8,0x51,0x33,0x13,0x22,0x14,0xa8,
	0x1b,0xbe,0xdc,0x9b,0x92,0x08,0x51,0x45,0x43,0x31,0x24,0x82,0x98,0xb8,0xcf,0xbb,
	0xcb,0xda,0xab,0x09,0x64,0xf6,0x2a,0x00,0x99,0x98,0x08,0x98,0x09,0x99,0xb8,0x8f,
	0x32,0x54,0x42,0x46,0x32,0x34,0x32,0x33,0x12,0x81,0xb0,0xbc,0xfb,0xba,0xac,0xaa,
	0xab,0xaa,0x18,0x20,0x25,0x13,0x35,0x01,0x5c,0x03,0x25,0x00,0x04,0x00,0x98,0xb9,
	0xdb,0xbb,0xcc,0x09,0x1a,0x9a,0x18,0x22,0x07,0x88,0xb8,0x9a,0xae,0xcc,0xca,0x08,
	0x09,0x12,0x74,0x32,0x24,0x23,0x24,0x00,0xa8,0xca,0xae,0x0b,0x38,0xfe,0x29,0x00,
	0xcb,0xab,0xbb,0x0a,0x8a,0xb8,0x8b,0xb0,0xbc,0xae,0x89,0x20,0x43,0x67,0x33,0x36,
	0x43,0x32,0x43,0x22,0x01,0x80,0x9a,0xbc,0xeb,0xbb,0xac,0xab,0xaa,0x9a,0x80,0x01,
	0x6f,0xfd,0x24,0x00,0x42,0x24,0x32,0x25,0x11,0x01,0x10,0xb8,0xab,0x8f,0x91,0xb8,
	0x8a,0x0a,0xc8,0x10,0x9f,0xaa,0x9b,0xdc,0xac,0xab,0xaa,0x8a,0x28,0x36,0x44,0x53,
	0x24,0x32,0x02,0x01,0xaa,0x05,0x25,0x00,0xa8,0xda,0xcb,0xbc,0xba,0xbb,0xdc,0xa9,
	0x8a,0xb9,0xcb,0x99,0x09,0x1a,0x22,0x45,0x26,0x35,0x44,0x42,0x24,0x33,0x32,0x32,
	0x02,0x98,0xa9,0xaf,0xdb,0xba,0xbc,0x0a,0x7c,0x00,0x2d,0x00,0x9a,0x9a,0x80,0x21,
	0x12,0x43,0x43,0x13,0x42,0x28,0x81,0x40,0x99,0xa3,0x82,0x01,0xaf,0xac,0x8a,0xde,
	0xb8,0x99,0x9c,0xaa,0xab,0xab,0x98,0x88,0x93,0x57,0x41,0x03,0x58,0xfe,0x26,0x00,
	0x43,0x23,0x12,0x11,0x8a,0xfa,0xbb,0x9e,0xbc,0xbb,0xba,0xdb,0x99,0x8b,0x8a,0x09,
	0x01,0x33,0x44,0x26,0x35,0x34,0x44,0x43,0x43,0x23,0x33,0x22,0x11,0x80,0xca,0x0d,
	0x3f,0x0f,0x2b,0x00,0xbb,0xcd,0xaa,0xbb,0xaa,0xaa,0x89,0x10,0x23,0x34,0x35,0x32,
	0x24,0x32,0x11,0x22,0x18,0xe1,0x80,0x9a,0xec,0xaa,0xba,0xbe,0xab,0xbb,0xcc,0xa9,
	0x9b,0xab,0x10,0x08,0x01,0xf9,0x1d,0x00,0x12,0x73,0x27,0x12,0x33,0x32,0x03,0x01,
	0xcb,0xfb,0xbc,0xcb,0xbc,0xba,0xba,0x9b,0x0b,0x08,0x11,0x13,0x35,0x43,0x34,0x35,
	0x53,0x44,0x43,0x33,0x44,0x33,0x33,0x02,0x3b,0x10,0x29,0x00,0x12,0x80,0xca,0xcb,
	0xdb,0xcb,0xca,0xaa,0x9b,0xa9,0x88,0x08,0x33,0x24,0x33,0x45,0x12,0x22,0x11,0x22,
	0xaa,0xd9,0x0a,0xad,0xdb,0x9b,0xda,0x9b,0xad,0xab,0xbc,0x0a,0xb3,0xfb,0x22,0x00,
	0xbc,0xca,0x89,0xa0,0x28,0x71,0x15,0x32,0x12,0x23,0x18,0xba,0xfb,0xbc,0xab,0xbd,
	0xba,0x89,0xa8,0xaa,0x18,0x22,0x11,0x28,0x54,0x54,0x23,0x23,0x47,0x33,0x23,0x03,
	0x9c,0x01,0x24,0x00,0x44,0x34,0x32,0x41,0x21,0x13,0x81,0xb8,0xcb,0xcc,0xdb,0x9c,
	0xba,0x8b,0x9a,0x82,0x10,0x41,0x73,0x01,0x02,0x01,0x11,0xba,0xc8,0xac,0x88,0xa0,
	0x0f,0xab,0x92,0x0c,0x4d,0x01,0x20,0x00,0xeb,0xbb,0xca,0xaa,0xac,0x9a,0x8b,0x83,
	0x38,0x40,0x45,0x81,0x80,0x91,0x91,0xdf,0xb9,0x99,0x9d,0xbb,0xaa,0x01,0x09,0x29,
	0x68,0x32,0x04,0x21,0x33,0x27,0x32,0x00,0x14,0xfa,0x1f,0x00,0x44,0x43,0x11,0x35,
	0x53,0x33,0x34,0x53,0x13,0x42,0x20,0x88,0xa8,0xc8,0xcb,0x9d,0xaa,0xab,0x9a,0x01,
	0x88,0x18,0x55,0x81,0x90,0x09,0xb0,0x0e,0xba,0x9a,0x8c,0x03,0x66,0x03,0x1d,0x00,
	0xaa,0x9e,0x01,0xdb,0xbc,0x9b,0xdb,0x9b,0xab,0xaa,0x0c,0x83,0x28,0x0b,0x47,0x18,
	0x0a,0x80,0xe1,0xbb,0xca,0xbb,0xbf,0xca,0xa9,0x88,0x08,0x08,0x52,0x42,0x04,0x02,
	0x97,0xf7,0x22,0x00,0x32,0x33,0x33,0x23,0x45,0x43,0x23,0x64,0x33,0x25,0x33,0x35,
	0x33,0x32,0x22,0x80,0xa8,0xd8,0xbc,0xad,0xba,0xbb,0x9a,0x01,0x18,0x39,0x37,0x82,
	0xaa,0x9b,0xdb,0x0e,0x65,0x05,0x24,0x00,0xca,0xa8,0x89,0x01,0xb9,0x9b,0x02,0xdd,
	0xdb,0xa9,0xba,0x9d,0x9a,0x9a,0x0b,0xa3,0x20,0x0c,0x17,0x18,0x09,0x10,0xf8,0xa9,
	0xca,0xac,0x9f,0xaa,0xa9,0x89,0x10,0x08,0x83,0xf3,0x20,0x00,0x43,0x53,0x13,0x42,
	0x32,0x11,0x23,0x23,0x52,0x62,0x23,0x73,0x23,0x16,0x32,0x24,0x42,0x21,0x11,0x00,
	0x90,0xb8,0xcc,0xbb,0xbb,0xac,0x9a,0x80,0x31,0x49,0x17,0x02,0x4e,0x0a,0x23,0x00,
	0xaa,0xb9,0x9d,0xac,0xeb,0x99,0x88,0x29,0xaa,0x88,0x81,0xdb,0xac,0xbc,0xac,0xca,
	0x9b,0x9c,0x88,0xb1,0x20,0x4a,0x95,0x38,0x12,0x10,0xbc,0xc0,0xfc,0xbb,0xcb,0x0b,
	0x97,0xf4,0x24,0x00,0xbb,0x98,0x31,0x41,0x35,0x25,0x31,0x22,0x11,0x08,0x92,0xc2,
	0x30,0x73,0x26,0x42,0x44,0x33,0x33,0x26,0x22,0x21,0x12,0x08,0x80,0x99,0xbc,0xbc,
	0xaa,0xdb,0x8b,0x09,0x2f,0x09,0x20,0x00,0x80,0x19,0x25,0x98,0xab,0xcc,0xcb,0x9d,
	0xba,0xcc,0xa8,0x00,0xca,0x0a,0x8a,0xb9,0xcb,0xeb,0xba,0xdb,0x9a,0xbb,0x9b,0xb9,
	0x91,0x40,0x40,0x40,0x33,0x81,0xca,0x09,0x0a,0xfa,0x18,0x00,0xff,0xaa,0x9c,0xba,
	0x9b,0x88,0x22,0x23,0x55,0x33,0x32,0x22,0x22,0x10,0xa4,0x83,0x28,0x67,0x42,0x21,
	0x35,0x34,0x33,0x34,0x33,0x33,0x23,0x20,0x08,0xa8,0xbc,0x0f,0xf9,0x0b,0x25,0x00,
	0x99,0xab,0xab,0x09,0x88,0x10,0x25,0xa9,0xcb,0xbc,0xda,0xad,0xaa,0xad,0xaa,0xa8,
	0xac,0x8a,0x9b,0xaa,0xbd,0xbb,0xbc,0xcd,0xab,0xbb,0xab,0xcc,0x88,0x10,0x38,0x00,
	0xcd,0xf8,0x19,0x00,0x16,0x92,0xa0,0xab,0xff,0xaa,0xab,0xca,0x8a,0x09,0x31,0x24,
	0x73,0x22,0x22,0x12,0x22,0x22,0x93,0x32,0x30,0x77,0x41,0x11,0x43,0x25,0x32,0x33,
	0x24,0x33,0x22,0x02,0x5b,0x0e,0x22,0x00,0x00,0xb0,0xc8,0xaf,0xa9,0x8a,0xca,0x98,
	0x00,0x11,0x12,0x9b,0xdb,0xba,0xf9,0xbb,0xac,0x8d,0xab,0xe9,0x0a,0x8a,0x9a,0x9a,
	0xbc,0x0b,0xc9,0xdb,0x9e,0xa8,0xa9,0x0b,0x32,0xf7,0x21,0x00,0x8a,0x18,0x08,0x48,
	0x85,0x13,0x80,0x9d,0xbe,0xa9,0xbc,0xea,0x08,0x80,0x20,0x34,0x43,0x33,0x24,0x22,
	0x44,0x12,0x12,0x58,0x22,0x44,0x10,0x32,0x45,0x23,0x43,0x03,0xd6,0x08,0x25,0x00,
	0x34,0x33,0x24,0x00,0x10,0xc9,0xcb,0xbb,0xd9,0x9b,0x8a,0x80,0x83,0x33,0x08,0x08,
	0xab,0xff,0xab,0xb9,0xba,0xbf,0x99,0x0a,0xbb,0xab,0x9b,0xaa,0x8a,0xef,0x99,0x0a,
	0x5f,0xfc,0x22,0x00,0xbb,0xad,0xba,0xa0,0x99,0x9a,0x40,0x15,0x11,0x90,0xf9,0x8b,
	0xbd,0xc9,0x9d,0xa9,0x88,0x08,0x21,0x52,0x43,0x34,0x34,0x33,0x17,0x21,0x20,0x22,
	0x13,0x21,0x23,0x05,0xd7,0x03,0x22,0x00,0x43,0x43,0x34,0x43,0x43,0x22,0x11,0x01,
	0xb8,0xcc,0xbb,0xaf,0xa9,0x9a,0xa9,0x80,0x10,0x28,0x38,0x01,0x8b,0xe9,0xa9,0xbe,
	0xcb,0xcb,0xbc,0xaa,0xcb,0xab,0x0a,0x08,0xef,0xfe,0x1b,0x00,0xbd,0x89,0xa1,0xbe,
	0xda,0x8a,0xbc,0x98,0x9a,0x99,0x53,0x05,0x88,0x10,0x90,0xbe,0xbc,0xcb,0xae,0xaa,
	0xa9,0xa8,0x29,0x71,0x21,0x44,0x23,0x25,0x32,0x33,0x13,0x02,0xbf,0x00,0x22,0x00,
	0x43,0x12,0x31,0x44,0x24,0x32,0x33,0x35,0x43,0x21,0x10,0x88,0xb1,0xec,0xbb,0x9c,
	0xca,0xa9,0x8d,0x91,0x10,0x18,0x31,0x43,0x28,0xb0,0x94,0x9f,0xca,0xbb,0xdb,0x0a,
	0xf1,0x01,0x23,0x00,0xbc,0xb9,0x9a,0xa1,0x8b,0x9f,0x98,0xa8,0xad,0xc8,0x1a,0x00,
	0x11,0x02,0x46,0x23,0x11,0x01,0xa4,0x0d,0xcd,0xaa,0xbe,0xa9,0xaa,0xab,0x98,0x31,
	0x33,0x45,0x41,0x04,0x5f,0xf8,0x27,0x00,0x24,0x32,0x22,0x44,0x43,0x12,0x22,0x25,
	0x23,0x21,0x21,0x21,0x22,0xa0,0xba,0x28,0xfa,0xae,0x9c,0xca,0xd9,0xa8,0x09,0x00,
	0x12,0x33,0x25,0x26,0x10,0x98,0x88,0x0a,0x13,0x08,0x20,0x00,0xdc,0xbb,0xcb,0xba,
	0xcb,0x9b,0xbb,0x98,0xda,0xbb,0x8a,0xca,0xda,0x8b,0x28,0x10,0x24,0x73,0x13,0x24,
	0x31,0x83,0x80,0xad,0xcd,0xcb,0xbd,0xca,0xb9,0xaa,0x9a,0x09,0xd5,0xef,0x23,0x00,
	0x11,0x34,0x63,0x43,0x34,0x32,0x53,0x33,0x43,0x22,0x14,0x33,0x32,0x32,0x32,0x22,
	0x22,0xa9,0xca,0xba,0xef,0xbb,0xac,0xcb,0xc9,0x89,0x08,0x10,0x43,0x23,0x35,0x03,
	0x82,0x08,0x23,0x00,0x20,0x80,0x88,0xe9,0xcb,0xbb,0xcc,0xab,0xbc,0x9c,0xab,0xba,
	0xca,0xca,0x9a,0xa9,0xb9,0x0c,0x20,0x12,0x45,0x62,0x22,0x43,0x41,0x02,0x08,0xba,
	0xbd,0xbe,0xbd,0x0a,0xa1,0xf4,0x29,0x00,0xbb,0xac,0xaa,0x8a,0x01,0x24,0x44,0x44,
	0x33,0x24,0x53,0x32,0x32,0x31,0x15,0x23,0x21,0x13,0x23,0x12,0x11,0x9a,0xda,0xeb,
	0xcc,0xac,0xbb,0xcb,0xaa,0x89,0x10,0x02,0x97,0x01,0x21,0x00,0x44,0x23,0x34,0x33,
	0x11,0x11,0x98,0xf8,0x9a,0xab,0xbd,0xad,0xdb,0xb9,0xba,0xdb,0xaa,0xaa,0xab,0xb8,
	0x99,0x1b,0x12,0x15,0x45,0x24,0x33,0x55,0x31,0x11,0x80,0x08,0xf7,0xff,0x22,0x00,
	0xca,0xbf,0xbc,0xcb,0xac,0xb9,0xab,0x89,0x18,0x23,0x35,0x46,0x23,0x43,0x33,0x33,
	0x34,0x31,0x15,0x21,0x23,0x12,0x31,0x03,0x81,0xba,0xbe,0xae,0xdc,0xba,0xba,0x0b,
	0x50,0x00,0x28,0x00,0x8a,0x90,0x13,0x63,0x42,0x23,0x42,0x22,0x81,0x88,0xb2,0xdb,
	0xb9,0x8c,0xbc,0xdb,0xb9,0x9c,0xad,0xca,0x9a,0xaa,0xb9,0x9c,0x99,0x82,0x28,0x32,
	0x65,0x33,0x15,0x02,0x34,0xff,0x25,0x00,0x42,0x12,0x88,0xab,0xec,0xcc,0xcb,0xcb,
	0xab,0xbb,0xac,0x88,0x10,0x32,0x45,0x34,0x34,0x33,0x34,0x33,0x24,0x33,0x32,0x33,
	0x34,0x12,0x21,0x81,0xb0,0xdc,0xbc,0x0c,0xd8,0x09,0x27,0x00,0xcc,0xba,0xca,0x9b,
	0x98,0x00,0x20,0x34,0x35,0x42,0x41,0x13,0x10,0x88,0x92,0xca,0xca,0x8c,0xad,0xba,
	0xca,0xbb,0x9d,0xca,0xba,0xb9,0x99,0x8e,0x88,0x00,0x00,0x04,0x3d,0xf9,0x22,0x00,
	0x53,0x33,0x35,0x42,0x22,0x02,0x99,0xeb,0xda,0xcc,0xbb,0xbd,0xba,0xbb,0xbb,0x09,
	0x20,0x43,0x45,0x44,0x33,0x43,0x33,0x24,0x33,0x32,0x33,0x42,0x32,0x01,0x11,0x00,
	0xd0,0x0f,0x21,0x00,0xc9,0xeb,0xbb,0xbd,0xbc,0xba,0xcb,0x9a,0x89,0x10,0x38,0x35,
	0x25,0x42,0x32,0x15,0x10,0x80,0x81,0xba,0xda,0xbb,0xbd,0xca,0xca,0xbc,0x9a,0xba,
	0xbd,0x99,0x09,0x0e,0x78,0xf8,0x28,0x00,0x90,0x00,0x00,0x15,0x42,0x23,0x45,0x21,
	0x11,0x01,0xa9,0xfb,0xca,0xcc,0xbb,0xdb,0xba,0xba,0xaa,0x09,0x18,0x43,0x45,0x53,
	0x33,0x44,0x32,0x22,0x24,0x22,0x22,0x01,0xe7,0x0d,0x29,0x00,0x11,0x81,0x90,0xc0,
	0xaa,0x9f,0xa9,0xbc,0xbc,0xc9,0xaa,0x9a,0x88,0x01,0x32,0x55,0x23,0x42,0x14,0x12,
	0x10,0x80,0x89,0xcb,0xc9,0xcb,0xda,0x9a,0x9c,0xad,0xa8,0x0a,0x7c,0xfd,0x25,0x00,
	0xca,0x88,0x0a,0x0a,0xaa,0x82,0x39,0x14,0x17,0x42,0x34,0x43,0x10,0x22,0x89,0xfc,
	0xca,0xbc,0xcc,0xbb,0xac,0xba,0x99,0x89,0x10,0x44,0x44,0x33,0x35,0x33,0x25,0x02,
	0xe7,0x04,0x2f,0x00,0x31,0x21,0x21,0x01,0x01,0x01,0x89,0x0a,0xd9,0xbb,0xaf,0xca,
	0xcb,0xbb,0xcb,0xab,0x89,0x11,0x30,0x37,0x34,0x33,0x34,0x21,0x80,0x90,0xba,0xad,
	0xbb,0xbb,0xb9,0x09,0x63,0x03,0x1b,0x00,0xc8,0x90,0x09,0xc9,0xf9,0xac,0x9b,0xdb,
	0xbc,0x9b,0x99,0x08,0x41,0x33,0x45,0x43,0x32,0x81,0x90,0xfb,0xce,0xca,0xbb,0xbd,
	0xab,0xab,0x89,0x29,0x32,0x46,0x34,0x03,0xe5,0xf6,0x2c,0x00,0x53,0x32,0x33,0x13,
	0x23,0x33,0x33,0x12,0x31,0x22,0xa1,0x8c,0xbd,0xdc,0xdb,0xca,0xab,0x9c,0xab,0x8b,
	0x09,0x13,0x53,0x43,0x44,0x31,0x23,0x01,0x91,0xa0,0xab,0x0e,0x47,0x05,0x22,0x00,
	0xba,0x98,0x9a,0x00,0x73,0x10,0x32,0x12,0x83,0x99,0xef,0xc8,0xac,0xbb,0xaa,0x8b,
	0x09,0x32,0x45,0x31,0x34,0x81,0xc8,0xcc,0xcd,0xbc,0xcb,0xbb,0xbb,0x88,0x19,0x01,
	0x84,0xef,0x24,0x00,0x45,0x43,0x33,0x24,0x23,0x53,0x23,0x12,0x43,0x33,0x33,0x01,
	0x02,0xb8,0xa0,0xcf,0xcb,0xba,0xac,0xdb,0xaa,0x99,0xa9,0x08,0x40,0x25,0x50,0x21,
	0x15,0x12,0x22,0x00,0xa9,0x07,0x24,0x00,0x08,0x98,0xc9,0xc9,0x9b,0x9d,0xa9,0x81,
	0x31,0x22,0x37,0x33,0x21,0x88,0x9d,0xfb,0xda,0xca,0xa9,0x88,0x98,0x18,0x41,0x22,
	0x11,0x80,0xf0,0xad,0xcc,0xac,0xbb,0x0b,0xc6,0xf1,0x29,0x00,0xaa,0x19,0x11,0x52,
	0x34,0x45,0x22,0x23,0x33,0x44,0x21,0x12,0x21,0x11,0x11,0x0a,0xbc,0xaa,0xdb,0xea,
	0xaa,0xab,0xae,0xaa,0xa9,0xac,0x09,0x00,0x73,0x21,0x26,0x02,0xd1,0x02,0x29,0x00,
	0x23,0x34,0x11,0x11,0x8a,0xca,0xcb,0xdc,0x99,0x9b,0xa8,0x00,0x31,0x34,0x73,0x12,
	0x12,0x82,0xa8,0xeb,0xa9,0xad,0xaa,0x8a,0x0c,0xa9,0x21,0x09,0xca,0x11,0xbd,0x0c,
	0xc5,0xfb,0x21,0x00,0xaf,0xca,0xbc,0xc9,0x99,0x8a,0x10,0x23,0x45,0x44,0x33,0x33,
	0x44,0x13,0x11,0x01,0x81,0x99,0xbb,0x9c,0xae,0xb8,0x99,0xaa,0x0b,0xb9,0xdc,0xbb,
	0xab,0xad,0xa9,0x00,0x7f,0xf8,0x1f,0x00,0x35,0x73,0x44,0x33,0x33,0x34,0x12,0xa1,
	0x98,0xad,0xcc,0x9c,0xbb,0x99,0x99,0x10,0x41,0x15,0x24,0x21,0x13,0x02,0x89,0xbb,
	0xbb,0xeb,0x9c,0x9a,0xc8,0x88,0x9a,0x01,0x56,0xff,0x1d,0x00,0x2b,0xae,0xdb,0xda,
	0xba,0xcc,0xbb,0x9b,0xab,0x88,0x50,0x73,0x43,0x33,0x35,0x32,0x14,0x12,0x00,0x88,
	0xaa,0xfa,0xa9,0x9b,0xaa,0x1a,0xba,0x91,0x2b,0xac,0xfc,0x09,0x2a,0xfa,0x26,0x00,
	0xbb,0x89,0x98,0x50,0x64,0x43,0x52,0x22,0x24,0x12,0x11,0x89,0xba,0xcc,0xdb,0xab,
	0xbb,0xa8,0x89,0x00,0x72,0x31,0x23,0x32,0x23,0x14,0x88,0xd8,0xa8,0x99,0xba,0x0e,
	0x12,0x02,0x24,0x00,0x09,0x88,0x89,0x8a,0xe9,0x99,0xaf,0xca,0xaa,0xcc,0xa9,0x9a,
	0x88,0x00,0x23,0x67,0x32,0x42,0x32,0x33,0x13,0x01,0xa0,0xca,0xbb,0xaf,0xbb,0x99,
	0xb8,0x0b,0x0b,0x04,0x3f,0xfd,0x20,0x00,0xa0,0x9f,0xaa,0xca,0x9c,0xc0,0x11,0x61,
	0x43,0x53,0x33,0x34,0x23,0x13,0x02,0x0a,0xbe,0xb9,0xbd,0xbc,0x8b,0xaa,0xa0,0x28,
	0x33,0x36,0x52,0x02,0x22,0x02,0xa0,0x00,0x29,0x05,0x20,0x00,0xcb,0x1b,0xbb,0xc9,
	0x10,0xa1,0xc2,0x68,0x9a,0xe8,0x9c,0xbb,0xbd,0xbb,0xba,0xab,0x00,0x33,0x74,0x54,
	0x33,0x42,0x32,0x13,0x11,0x89,0xeb,0xba,0xbd,0xba,0x9b,0x0b,0x11,0xfd,0x23,0x00,
	0x99,0x20,0x80,0xb4,0xda,0x9e,0xba,0xbc,0xbb,0x99,0x59,0x43,0x35,0x54,0x23,0x43,
	0x32,0x02,0x01,0x88,0xbc,0xdb,0xbb,0xbd,0xa8,0x9a,0x98,0x30,0x31,0x26,0x33,0x03,
	0x90,0x02,0x22,0x00,0x21,0x82,0x28,0xfc,0x99,0x8b,0x90,0x9a,0x10,0x73,0x11,0x80,
	0x01,0xc8,0xbe,0xcc,0xaa,0xbb,0xa9,0x0a,0x43,0x45,0x43,0x34,0x53,0x13,0x01,0x01,
	0x0a,0xdb,0xba,0x0d,0x89,0x01,0x28,0x00,0xaa,0x9b,0x88,0x9b,0xb2,0x80,0x8b,0xf8,
	0xbd,0xbc,0x9b,0xd9,0xb9,0x18,0x24,0x52,0x44,0x43,0x22,0x16,0x31,0x01,0x01,0x19,
	0xc9,0xc9,0xca,0xbb,0x98,0x9b,0xbb,0x02,0x1e,0xfe,0x20,0x00,0x51,0x85,0x22,0x31,
	0x82,0x2a,0xad,0xda,0x99,0xa8,0x09,0x38,0x64,0x30,0x23,0x42,0x90,0xe9,0xbc,0xea,
	0xab,0xaa,0xa9,0x08,0x25,0x44,0x33,0x63,0x23,0x21,0x18,0x00,0x37,0x07,0x25,0x00,
	0xc9,0xc9,0xba,0xbb,0xab,0x08,0x1a,0x2b,0xb2,0x18,0xfb,0xcd,0xac,0xae,0xaa,0xb9,
	0xab,0x10,0x31,0x54,0x43,0x44,0x33,0x33,0x25,0x21,0x11,0x81,0xa9,0xba,0xac,0x0f,
	0x82,0x01,0x29,0x00,0x89,0x9a,0xb9,0x41,0x21,0x11,0x22,0x03,0xa1,0xe0,0xae,0xac,
	0x90,0x88,0x80,0x72,0x25,0x13,0x22,0x11,0xa8,0xfb,0xbc,0xdb,0x9a,0xab,0x90,0x30,
	0x35,0x24,0x41,0x04,0x3b,0x03,0x2b,0x00,0x21,0x80,0x19,0x9a,0xb8,0xbb,0xa9,0x79,
	0x01,0x02,0x28,0x01,0xbc,0xbd,0xbe,0xbc,0xeb,0xab,0xaa,0xb9,0xab,0x0a,0x51,0x12,
	0x43,0x45,0x43,0x24,0x32,0x42,0x21,0x02,0x5e,0x06,0x27,0x00,0x88,0xa0,0xa9,0xaf,
	0x88,0xaa,0xc8,0x40,0x80,0x01,0x90,0xb8,0xc9,0xce,0xab,0x8c,0x80,0x11,0x41,0x37,
	0x33,0x23,0x23,0x02,0xea,0xbc,0xdb,0xbb,0xbb,0x9a,0x98,0x02,0x4d,0xfa,0x22,0x00,
	0x63,0x23,0x53,0x82,0x22,0x10,0xaa,0x0c,0x82,0x91,0x00,0x37,0x11,0x21,0x81,0xc8,
	0x8b,0xcd,0xcc,0xab,0xae,0xdb,0xaa,0xba,0xdb,0x0a,0x28,0x01,0x21,0x67,0x22,0x03,
	0xe7,0xfe,0x2d,0x00,0x32,0x23,0x22,0x90,0xa0,0x8c,0xaa,0xcc,0x88,0x18,0x01,0x51,
	0x18,0xa1,0xc9,0xce,0xba,0xeb,0xa9,0x09,0x10,0x43,0x35,0x44,0x22,0x31,0x11,0xa8,
	0xbd,0xca,0xbc,0x0b,0x84,0xfc,0x29,0x00,0x9a,0x8a,0x11,0x12,0x35,0x33,0x25,0x00,
	0x02,0x12,0xbc,0x00,0x32,0xa4,0x52,0x11,0x24,0x31,0x82,0x0b,0x9a,0xbb,0xff,0xbd,
	0xab,0xbd,0xdb,0xab,0xbb,0x09,0x18,0x04,0x71,0xf4,0x26,0x00,0x34,0x45,0x43,0x23,
	0x33,0x22,0x00,0x00,0xc9,0xb9,0x99,0x99,0x08,0x4c,0x93,0x22,0xac,0xe0,0xbc,0xcd,
	0x9a,0xba,0x89,0x28,0x26,0x43,0x25,0x33,0x22,0x32,0x88,0x0a,0xac,0x07,0x22,0x00,
	0xfb,0xca,0xac,0xba,0xaa,0x8c,0x89,0x81,0x41,0x03,0x26,0x30,0x42,0x12,0x11,0x21,
	0x13,0x11,0x13,0x29,0x10,0x17,0x99,0xb9,0xbb,0xfb,0x9f,0xbd,0xda,0xab,0xbb,0x0b,
	0x11,0xf6,0x27,0x00,0x9c,0x99,0x11,0x53,0x34,0x44,0x43,0x33,0x33,0x21,0x11,0x84,
	0x89,0x0a,0x8a,0xb2,0x92,0x94,0x0d,0x0b,0xae,0xfb,0xba,0xbb,0xab,0x9b,0x81,0x62,
	0x52,0x24,0x43,0x02,0xb4,0x06,0x29,0x00,0x13,0x11,0x00,0x9a,0xce,0xdb,0xba,0xca,
	0xbc,0xa9,0x19,0x89,0x22,0x31,0x27,0x23,0x13,0x41,0x31,0x12,0x00,0x33,0x26,0x30,
	0x48,0x20,0xa2,0xba,0x9e,0x9d,0xfa,0x0a,0x72,0x00,0x2a,0x00,0xdb,0xaa,0xab,0xbc,
	0xa9,0x88,0x21,0x42,0x36,0x34,0x24,0x24,0x13,0x12,0x10,0x80,0x00,0x0b,0x81,0x10,
	0x18,0xd0,0x9c,0xcb,0xcc,0xbe,0xbb,0xc9,0xa9,0x89,0x42,0x01,0x6b,0xfe,0x24,0x00,
	0x44,0x33,0x25,0x41,0x11,0x01,0x99,0xb9,0xcd,0xcc,0xaa,0xbc,0xbb,0xab,0x99,0x00,
	0x21,0x53,0x44,0x22,0x14,0x20,0x11,0x85,0x01,0x31,0x70,0x18,0x03,0x22,0xa1,0x00,
	0xec,0x05,0x20,0x00,0xca,0xbb,0xcd,0xbc,0xaf,0xb9,0x99,0x9c,0x9a,0x11,0x18,0x42,
	0x62,0x33,0x24,0x23,0x33,0x43,0x30,0x82,0x12,0x33,0x02,0x0a,0x08,0xcf,0xac,0xbc,
	0xeb,0xba,0xba,0x0a,0x1f,0xfc,0x24,0x00,0x8a,0x39,0x24,0x60,0x52,0x33,0x24,0x22,
	0x23,0x12,0xa0,0xdb,0xec,0xba,0xcc,0xbb,0x9c,0x9b,0x9a,0x08,0x11,0x33,0x43,0x53,
	0x43,0x21,0x02,0x14,0x12,0x01,0x21,0x01,0xdd,0x01,0x1d,0x00,0x51,0x84,0x20,0x10,
	0xc1,0xca,0xf9,0xbb,0xae,0xca,0x8b,0xba,0xb8,0x20,0x50,0x42,0x43,0x53,0x23,0x13,
	0x04,0x13,0x11,0x31,0x3d,0x80,0x85,0x89,0xb9,0xa9,0xdd,0x0a,0x11,0x02,0x26,0x00,
	0xac,0xaa,0x9c,0xb9,0x29,0x30,0x53,0x31,0x26,0x43,0x21,0x11,0x13,0x32,0xaa,0xea,
	0x9c,0xdd,0xcb,0xca,0xaa,0xab,0x9a,0x9a,0x02,0x21,0x35,0x72,0x21,0x02,0x12,0x02,
	0x7f,0xfd,0x24,0x00,0x01,0x81,0x41,0x24,0x14,0x22,0x30,0x11,0xe3,0xb9,0xbf,0xba,
	0xab,0x9f,0x9a,0x89,0x91,0x41,0x12,0x53,0x33,0x34,0x53,0x20,0x03,0x42,0x12,0x62,
	0x19,0x83,0x20,0x08,0x32,0x09,0x21,0x00,0xca,0xae,0xd9,0xaa,0x9c,0x9b,0xa8,0x90,
	0x29,0x43,0x30,0x15,0x32,0x23,0x36,0x10,0x03,0x13,0x21,0xeb,0xbe,0xda,0xcb,0xdb,
	0x9a,0xab,0x9a,0x8b,0x08,0x41,0x33,0x03,0x0a,0xf8,0x21,0x00,0x54,0x32,0x10,0x11,
	0x33,0x10,0x13,0x64,0x43,0x10,0x20,0x32,0x92,0xd8,0xdb,0xab,0xca,0xdc,0xaa,0x1a,
	0x89,0x81,0x48,0x25,0x34,0x51,0x31,0x23,0x24,0x21,0x42,0x02,0x4b,0x08,0x22,0x00,
	0x02,0x88,0x83,0x9b,0xff,0x99,0xba,0xba,0x9b,0x9c,0x90,0x20,0x90,0x50,0x80,0x15,
	0x00,0x48,0x52,0x23,0x32,0x14,0x12,0xb9,0xbf,0xbe,0xca,0xbc,0xcb,0xba,0xa8,0x0a,
	0x3a,0xf5,0x26,0x00,0x89,0x21,0x31,0x04,0x34,0x51,0x18,0x13,0x41,0x20,0x05,0x22,
	0x35,0x21,0x33,0x43,0x00,0xa8,0xda,0xbb,0xec,0xb9,0x8b,0x0d,0x18,0x90,0x28,0x06,
	0x32,0x33,0x32,0x07,0x1d,0x03,0x26,0x00,0x31,0x01,0x44,0x81,0x82,0xa0,0xa9,0xc9,
	0x8f,0x8b,0xa9,0xb8,0x80,0xa0,0x1a,0x9c,0x9a,0xae,0x98,0x9b,0x15,0x73,0x23,0x52,
	0x43,0x02,0x99,0x99,0xed,0xca,0xba,0x0b,0x2f,0xfb,0x28,0x00,0xbc,0xaa,0xba,0x89,
	0x09,0x0a,0x51,0x23,0x31,0x71,0x12,0x33,0x20,0x25,0x52,0x29,0x23,0x42,0x33,0x34,
	0x00,0x14,0x00,0x90,0xad,0x9c,0xa0,0xbd,0xd8,0x88,0x09,0x01,0xb1,0xfe,0x1f,0x00,
	0x44,0x39,0x17,0x23,0x02,0x31,0x14,0x08,0x0a,0xb0,0xab,0xeb,0x98,0x88,0x18,0x19,
	0xa2,0xa9,0x0b,0xff,0xac,0x9a,0x89,0x9a,0x37,0x22,0x31,0x25,0x24,0x99,0xb8,0x0c,
	0x03,0x04,0x22,0x00,0xbc,0xbe,0xac,0xcb,0x9a,0xba,0xbc,0x89,0x89,0x88,0x40,0x13,
	0x72,0x03,0x33,0x32,0x03,0x31,0x85,0x08,0x81,0x33,0x78,0x22,0x44,0x30,0x53,0x13,
	0x89,0x10,0x89,0x0d,0xea,0x01,0x20,0x00,0xcb,0xaa,0xa8,0x21,0x60,0x44,0x34,0x33,
	0x12,0x23,0x80,0xcb,0xac,0xba,0xae,0xaa,0x21,0x31,0x22,0x34,0x95,0x88,0xdb,0xdb,
	0xac,0xa8,0x0a,0x1a,0x36,0x43,0x13,0x01,0x89,0x05,0x20,0x00,0x41,0xa8,0xfb,0xab,
	0xdb,0xbb,0xae,0xab,0xbb,0xca,0xbb,0x9a,0x09,0x20,0x42,0x62,0x15,0x31,0x33,0x33,
	0x00,0x10,0x98,0xba,0x0e,0x99,0x03,0x46,0x14,0x23,0x45,0x02,0xf8,0x02,0x27,0x00,
	0x80,0x81,0x90,0xac,0xbb,0x98,0x1b,0x38,0x27,0x36,0x24,0x22,0x12,0x01,0x98,0xfa,
	0x9a,0xaa,0xbb,0x1b,0x13,0x23,0x24,0x64,0x88,0xa0,0xba,0xdc,0x8c,0x99,0x98,0x0a,
	0xa7,0x01,0x1f,0x00,0x34,0x25,0x10,0x02,0x06,0x99,0xae,0x9a,0xbc,0xcb,0xbc,0xbc,
	0x9a,0xcb,0xbb,0x99,0x11,0x12,0x42,0x46,0x22,0x43,0x32,0x11,0x98,0x80,0xca,0xcc,
	0xb8,0x09,0x58,0x03,0xbd,0xfb,0x23,0x00,0x43,0x53,0x34,0x03,0x18,0x18,0xc8,0xab,
	0x0d,0xb8,0x91,0x34,0x72,0x33,0x24,0x32,0x00,0x81,0x88,0xbf,0xb9,0xa8,0xac,0x28,
	0x10,0x21,0x51,0x05,0x88,0x88,0xaa,0x0b,0xe1,0x03,0x1c,0x00,0x8c,0xb9,0xea,0x10,
	0x35,0x03,0x3a,0x72,0x81,0xca,0xab,0xcc,0xbc,0xca,0xae,0xab,0x9a,0xbc,0xaa,0x18,
	0x22,0x30,0x73,0x53,0x22,0x14,0x02,0x80,0x80,0x9a,0xbf,0x0a,0xd3,0xf8,0x28,0x00,
	0x9a,0x00,0x51,0x23,0x34,0x73,0x22,0x81,0x00,0x90,0xa8,0xba,0xb9,0x4a,0x21,0x25,
	0x34,0x45,0x33,0x11,0x00,0x88,0xc8,0xdb,0x9d,0xa9,0x9b,0x88,0x10,0x51,0x45,0x00,
	0x14,0x07,0x27,0x00,0x82,0x11,0xa8,0xcb,0x9c,0xca,0x9c,0x88,0x11,0x19,0x03,0x35,
	0x81,0xab,0xcd,0xeb,0xbc,0xeb,0xca,0xaa,0xaa,0xaa,0x0b,0x20,0x43,0x43,0x25,0x34,
	0x32,0x33,0x08,0x08,0xe8,0xfd,0x23,0x00,0xb8,0xcd,0xac,0xb9,0x98,0x20,0x44,0x52,
	0x22,0x25,0x12,0x02,0x88,0x08,0x0a,0xcb,0x99,0x12,0x26,0x53,0x42,0x52,0x22,0x01,
	0x00,0x09,0xca,0xdc,0x9a,0xba,0x9a,0x08,0x8b,0x02,0x21,0x00,0x41,0x44,0x33,0x43,
	0x12,0x11,0xba,0xcd,0xab,0xec,0x99,0x09,0x98,0x01,0x10,0x14,0x81,0xb8,0xbc,0xdf,
	0xaa,0xad,0xbc,0xaa,0xaa,0x9a,0x19,0x32,0x45,0x43,0x33,0x05,0xfd,0xfb,0x2c,0x00,
	0x12,0x02,0x80,0x9a,0xdb,0xdb,0xaa,0x8a,0x89,0x21,0x35,0x15,0x42,0x23,0x32,0x91,
	0x88,0x91,0xb2,0x9c,0x28,0x70,0x34,0x14,0x14,0x34,0x23,0x01,0x98,0xa0,0xbd,0x0e,
	0xcb,0x05,0x28,0x00,0x9a,0xaa,0x8a,0x10,0x27,0x33,0x34,0x43,0x10,0x91,0xba,0xcd,
	0xca,0xac,0xbb,0x90,0x8a,0x88,0x41,0x21,0x01,0xaa,0xfa,0xaf,0xbb,0xbd,0xcb,0xab,
	0x9a,0x99,0x21,0x04,0xb3,0xf2,0x26,0x00,0x45,0x42,0x13,0x33,0x11,0x82,0x9a,0xcc,
	0xda,0xac,0x9a,0xa8,0x88,0x21,0x35,0x41,0x43,0x21,0x03,0x02,0x80,0x80,0x11,0x2c,
	0x61,0x53,0x15,0x32,0x34,0x15,0x21,0x00,0x73,0x0b,0x27,0x00,0x88,0x9b,0xbc,0xbd,
	0xbb,0x08,0x8a,0x21,0x47,0x23,0x42,0x21,0x12,0x99,0xac,0xdb,0xad,0xbb,0xab,0xbb,
	0x0a,0x19,0x00,0x24,0x90,0xe8,0xad,0xdb,0xbd,0xcb,0xaa,0x0c,0xbd,0xf1,0x2b,0x00,
	0x89,0x09,0x22,0x63,0x33,0x44,0x32,0x33,0x01,0x81,0x98,0xcc,0xbc,0xad,0xaa,0xa9,
	0x99,0x21,0x43,0x62,0x32,0x12,0x14,0x02,0x80,0x29,0x82,0x21,0x78,0x17,0x24,0x02,
	0x4b,0x06,0x29,0x00,0x33,0x24,0x21,0x90,0x98,0x9c,0xdb,0xcb,0x9b,0x00,0x0a,0x11,
	0x47,0x13,0x22,0x21,0x13,0xb9,0xbf,0xb9,0xaf,0xba,0xaa,0xab,0x0a,0x19,0x90,0x05,
	0x10,0xd8,0xac,0x0a,0x90,0xfc,0x23,0x00,0xbf,0xac,0xaa,0xbb,0x8a,0x29,0x33,0x47,
	0x32,0x34,0x33,0x43,0x81,0x80,0x98,0xea,0xcb,0xac,0x9a,0xba,0x98,0x11,0x22,0x73,
	0x32,0x12,0x23,0x13,0x91,0x59,0x02,0x03,0xc5,0xfe,0x1d,0x00,0x79,0x17,0x23,0x33,
	0x15,0x23,0x12,0x90,0x98,0x9c,0xcb,0xcb,0x9a,0x01,0x19,0x10,0x67,0x02,0x11,0x28,
	0x82,0xb8,0xbf,0xb9,0xae,0xc9,0x9a,0x9b,0x89,0x00,0x88,0x04,0x4c,0xff,0x24,0x00,
	0x20,0xb8,0xbc,0xdb,0xbe,0xbc,0xaa,0xbb,0x9a,0x28,0x16,0x35,0x52,0x32,0x32,0x32,
	0x01,0x89,0xba,0xe9,0xcd,0xaa,0x89,0xac,0x88,0x21,0x81,0x31,0x53,0x22,0x10,0x01,
	0xef,0xfb,0x1f,0x00,0xba,0x24,0x35,0x00,0x44,0x26,0x24,0x42,0x33,0x24,0x20,0x81,
	0x91,0x9c,0x99,0xbc,0x9b,0x21,0x98,0x62,0x54,0x02,0x00,0x11,0xa0,0xbe,0xbc,0xbd,
	0xac,0xba,0xbc,0x0b,0xc1,0xfc,0x28,0x00,0x88,0x88,0x00,0x13,0x03,0x89,0x0e,0xea,
	0xdb,0xbb,0xba,0xbb,0xaa,0x31,0x72,0x45,0x23,0x31,0x24,0x23,0xa0,0xc8,0xa9,0xac,
	0xbc,0xbd,0xa9,0x99,0x08,0x98,0x3a,0x02,0x6c,0xf6,0x1e,0x00,0x03,0x38,0x87,0x14,
	0x50,0x30,0x41,0x31,0x04,0x27,0x33,0x34,0x33,0x24,0x42,0x81,0x80,0x88,0xba,0xd9,
	0x8b,0x00,0x0a,0x14,0x35,0x10,0x23,0x00,0xfb,0x9e,0xcb,0x0b,0x5b,0x05,0x28,0x00,
	0xae,0xb9,0x9b,0x99,0x88,0x09,0x51,0x22,0x98,0x90,0x80,0xfb,0xad,0xaa,0xaa,0xba,
	0x0a,0x13,0x47,0x42,0x22,0x24,0x14,0x91,0x88,0x09,0xb8,0xae,0xc8,0x9a,0x9c,0x0a,
	0xcb,0xf7,0x25,0x00,0x90,0x8d,0x98,0x08,0x29,0x01,0x23,0x16,0x42,0x22,0x11,0x70,
	0x41,0x14,0x24,0x54,0x31,0x23,0x53,0x12,0x01,0x01,0x80,0xca,0xa9,0x89,0x1b,0x99,
	0x15,0x21,0x04,0x00,0x4e,0x0f,0x1f,0x00,0xfb,0xaa,0xbf,0xeb,0xab,0xbb,0xbb,0x9a,
	0x28,0x30,0x42,0x35,0x10,0x01,0x90,0xdb,0xba,0x9b,0xac,0x9a,0x40,0x05,0x33,0x24,
	0x23,0x41,0x21,0xb1,0x89,0x22,0xb0,0x0f,0xcf,0xff,0x20,0x00,0xf0,0x9a,0xab,0xdb,
	0xac,0xda,0x98,0x10,0x88,0x11,0x51,0x10,0x83,0xa0,0x88,0x60,0x63,0x40,0x53,0x35,
	0x22,0x24,0x33,0x23,0x11,0x81,0x08,0xab,0xea,0x9a,0x89,0x08,0x7e,0x0d,0x21,0x00,
	0x30,0x92,0x05,0x80,0xbd,0xde,0xdb,0xdb,0xaa,0xbb,0xbb,0x89,0x08,0x30,0x41,0x15,
	0x12,0x81,0x01,0xa9,0xaa,0xaa,0xbb,0x29,0x61,0x81,0x44,0x13,0x31,0x62,0x13,0x00,
	0xb0,0xfe,0x1e,0x00,0x40,0x31,0xda,0xc0,0xca,0xcd,0xba,0xca,0x9a,0x09,0x12,0x40,
	0x22,0x15,0x81,0xa8,0xeb,0xbc,0x9b,0x9a,0x10,0x37,0x46,0x42,0x43,0x33,0x33,0x23,
	0x13,0x10,0x88,0x0a,0x9b,0x0f,0x23,0x00,0xab,0x9b,0x88,0x81,0x22,0x33,0x07,0x9c,
	0xce,0xeb,0xbb,0xbd,0xbc,0xab,0xab,0x8a,0x99,0x11,0x33,0x25,0x23,0x21,0x12,0x08,
	0xb8,0xab,0xb9,0xb0,0x20,0x72,0x44,0x01,0x5c,0xfc,0x1d,0x00,0x52,0x62,0x11,0x01,
	0x11,0x11,0xbc,0xcd,0xac,0xcc,0xb9,0x9a,0x09,0x50,0x30,0x51,0x13,0x93,0x91,0xab,
	0xfb,0xae,0x9a,0x90,0x20,0x34,0x46,0x43,0x43,0x32,0x22,0x01,0x6e,0x0e,0x2b,0x00,
	0x81,0x00,0x90,0xa8,0x09,0x11,0x41,0x01,0x13,0x31,0xeb,0xce,0xbc,0xdc,0xab,0xcc,
	0xb9,0x9a,0xaa,0x99,0x10,0x21,0x12,0x52,0x23,0x02,0x02,0x10,0x89,0x9e,0xb0,0x0a,
	0x3f,0xfb,0x1d,0x00,0x19,0x22,0x31,0x47,0x34,0x24,0x41,0x23,0x88,0xd0,0xca,0xdc,
	0xac,0x9a,0xaa,0x89,0x32,0x43,0x34,0x24,0x03,0x98,0xda,0xcb,0xbd,0xab,0x99,0x21,
	0x72,0x35,0x43,0x04,0xcb,0x04,0x30,0x00,0x23,0x22,0x31,0x10,0x00,0x10,0x00,0x81,
	0x42,0x52,0x11,0x20,0xa9,0xa0,0xef,0xcb,0xbc,0xcb,0xca,0xab,0xbb,0x9a,0xaa,0x98,
	0x21,0x23,0x24,0x34,0x03,0x39,0x32,0x00,0x3a,0xfe,0x1b,0x00,0xfb,0x28,0x19,0xa8,
	0x93,0x44,0x59,0x33,0x12,0x02,0x37,0x99,0xa9,0x9e,0xeb,0xca,0x9b,0xa9,0x98,0x30,
	0x63,0x11,0x52,0x22,0xa0,0x8a,0xca,0xfb,0xaa,0x9a,0x29,0x08,0xab,0xf8,0x22,0x00,
	0x37,0x43,0x43,0x25,0x22,0x22,0x23,0x10,0x11,0x21,0x88,0x38,0x63,0x04,0x01,0x82,
	0x90,0x9e,0xcd,0xbc,0xad,0xca,0xcb,0xaa,0x9a,0xba,0x89,0x08,0x22,0x20,0x23,0x03,
	0xa3,0xfa,0x1e,0x00,0x28,0x32,0xb8,0x38,0x21,0x97,0x02,0x62,0x21,0x11,0x5b,0xd2,
	0x12,0x10,0xa2,0x0c,0x8a,0xf4,0x9e,0xaa,0x8a,0xab,0xa9,0x00,0x14,0x43,0x18,0x30,
	0x8b,0xf9,0x9b,0x0a,0x74,0xf6,0x1e,0x00,0x2e,0xa1,0x34,0x45,0x43,0x53,0x43,0x12,
	0x22,0x23,0x02,0x81,0x40,0x02,0x89,0x40,0x15,0x01,0x11,0xa1,0xc0,0xbd,0xaf,0xbc,
	0xbb,0xdc,0xbb,0xa9,0xa9,0xac,0x18,0x01,0x64,0xf8,0x26,0x00,0x81,0x28,0x84,0x03,
	0x09,0x88,0x8c,0x11,0x94,0x10,0x74,0x21,0x88,0x10,0x03,0x9c,0x1c,0x38,0xf8,0x88,
	0x81,0xaa,0xcc,0x9a,0xba,0xca,0xba,0xa1,0x39,0x80,0xa9,0x0f,0x28,0xf6,0x1d,0x00,
	0xc2,0xaa,0x8a,0x1d,0x02,0x27,0x25,0x45,0x42,0x43,0x31,0x13,0x33,0x03,0x12,0x00,
	0x23,0x1c,0x89,0x13,0x22,0x84,0x10,0xf2,0x1b,0xce,0xba,0x9e,0xcb,0xcb,0x9a,0x0b,
	0x21,0xfd,0x28,0x00,0xab,0x8a,0x20,0x00,0x10,0x12,0x01,0x82,0xbf,0xba,0x48,0x00,
	0x88,0x43,0x07,0x14,0x38,0x80,0xb1,0xba,0xd0,0x89,0x9e,0xa9,0xa0,0x02,0x99,0xad,
	0x1b,0x92,0xfb,0x0a,0x7b,0xf8,0x1e,0x00,0xa9,0x1b,0xaf,0xbb,0xb9,0xb8,0x88,0x4c,
	0x72,0x43,0x15,0x35,0x42,0x33,0x42,0x22,0x32,0x02,0x10,0x11,0x81,0x98,0x11,0x58,
	0x22,0x08,0xe0,0x19,0xf9,0xdb,0xac,0x09,0x69,0x05,0x27,0x00,0xac,0xca,0x99,0xbb,
	0x00,0x89,0xa0,0x61,0x81,0x88,0x39,0xc8,0x99,0x8a,0xa9,0x0d,0x89,0x09,0xa0,0x35,
	0x17,0x11,0x09,0x31,0x1c,0xf1,0x0e,0x9a,0x90,0x0a,0xd9,0x00,0x36,0xfa,0x23,0x00,
	0x20,0x90,0x0b,0x08,0x9c,0xec,0xaa,0xbc,0x99,0x88,0x11,0x64,0x63,0x42,0x22,0x44,
	0x22,0x32,0x31,0x23,0x02,0x83,0x51,0x90,0x18,0xb9,0xb4,0x19,0xa8,0xa1,0x9f,0x00,
	0xd2,0x09,0x1f,0x00,0x9b,0xfb,0x89,0xbc,0xab,0xab,0xfb,0xaa,0x89,0x89,0x39,0x00,
	0x13,0x9a,0xe3,0xba,0xec,0x89,0x8d,0xb9,0x09,0x11,0x22,0x44,0x11,0x84,0x12,0x9d,
	0xac,0xba,0xeb,0x08,0xbc,0xfa,0x23,0x00,0x88,0x18,0x29,0x14,0x22,0xc1,0x02,0xa9,
	0xaf,0xcb,0xac,0xbb,0x99,0x19,0x61,0x45,0x33,0x44,0x43,0x24,0x11,0x14,0x11,0x00,
	0x10,0x01,0x00,0x39,0x9b,0xb1,0x88,0x0d,0x8a,0x08,0x1c,0x00,0x9b,0x88,0xfb,0xcb,
	0x08,0x48,0xea,0xa9,0xa1,0x02,0x9f,0x98,0x89,0x00,0x90,0x9a,0xd9,0xd2,0x8b,0xaf,
	0xc9,0xa9,0xda,0x09,0x09,0x80,0x12,0x34,0x32,0x38,0x12,0x01,0x63,0xfd,0x1a,0x00,
	0xfa,0x9a,0xae,0x09,0x9a,0x90,0x18,0x34,0x43,0x10,0x92,0xa0,0xcf,0xab,0xac,0xca,
	0x80,0x28,0x73,0x45,0x21,0x33,0x53,0x13,0x31,0x11,0x13,0x58,0x11,0x12,0xa9,0x03,
	0xd4,0x09,0x1e,0x00,0x0d,0xdc,0x8a,0xeb,0x90,0x09,0xaa,0x29,0x84,0x02,0x9b,0xa2,
	0x00,0xb8,0x1a,0x8c,0x25,0x26,0xa0,0x21,0x00,0xf9,0xcc,0x9c,0xcb,0xbb,0xe9,0x08,
	0x1a,0x00,0x20,0x02,0xab,0xfb,0x21,0x00,0x13,0x40,0x9a,0xd9,0xa8,0xda,0x0c,0x09,
	0x81,0x18,0x13,0x55,0x83,0x10,0xb9,0x88,0xaf,0xcb,0x08,0x89,0x10,0x71,0x25,0x53,
	0x02,0x43,0x33,0x12,0x04,0x42,0x20,0x02,0x07,0x0a,0x24,0x00,0x28,0x08,0x90,0xdc,
	0xea,0xaa,0xaa,0xcb,0xa9,0x29,0xaa,0x06,0x19,0xa3,0x49,0x8b,0x11,0x2b,0xa4,0x73,
	0x22,0x14,0x30,0x22,0xbb,0xfa,0xbb,0xdc,0xac,0x8b,0xb9,0x09,0x70,0xfb,0x24,0x00,
	0xa9,0x28,0x12,0x05,0x0b,0x9a,0x94,0xad,0xbc,0x90,0x08,0x89,0x22,0x63,0x06,0x48,
	0xa2,0x21,0x0b,0xc1,0x08,0xa9,0x21,0x30,0x54,0x54,0x24,0x13,0x43,0x42,0x14,0x01,
	0x8f,0x06,0x25,0x00,0x11,0x12,0x15,0x81,0x02,0x28,0x98,0xbd,0xbe,0xc9,0xaa,0x8f,
	0x98,0x88,0x8a,0x00,0x20,0x98,0xa1,0xb0,0x21,0x49,0x70,0x11,0x47,0x10,0x11,0x02,
	0x98,0xbe,0xca,0x0b,0x83,0x01,0x25,0x00,0xeb,0x9a,0x98,0xa0,0x00,0xa8,0x01,0x89,
	0xae,0xac,0xba,0xcb,0xa8,0x11,0x30,0x34,0x53,0x43,0xb2,0xaa,0x99,0xb8,0x1c,0x41,
	0x62,0x46,0x32,0x32,0x52,0x21,0x91,0x02,0x66,0x02,0x21,0x00,0x30,0x38,0x04,0x34,
	0x07,0x22,0x33,0x31,0x89,0xb2,0x90,0xdf,0xba,0xa9,0xd8,0x89,0x8a,0xa1,0x29,0x1b,
	0xec,0x80,0xa9,0xac,0x03,0x4a,0x33,0x41,0x35,0x12,0x28,0x04,0x6d,0x05,0x1f,0x00,
	0xc8,0x8d,0xab,0xa9,0xda,0xaa,0x18,0xb9,0xd9,0xba,0xbf,0x8a,0xdd,0xa9,0x98,0x88,
	0x2b,0x01,0x63,0x80,0x81,0x80,0xe8,0xb0,0x0c,0x18,0x52,0x13,0x36,0x73,0x12,0x01,
	0x2a,0x02,0x2b,0x00,0x11,0x81,0x88,0x0a,0x1a,0x01,0x24,0x31,0x34,0x43,0x14,0x89,
	0x9a,0xa1,0xbc,0xcc,0x08,0x10,0x11,0x1b,0xd0,0x10,0xcd,0xdc,0xaa,0xaa,0x9a,0x0a,
	0x10,0x61,0x85,0x03,0xdf,0x02,0x22,0x00,0x11,0x28,0xa1,0x12,0x8f,0xa8,0x09,0x91,
	0xa3,0xa8,0x61,0x9e,0xfa,0xaa,0xac,0xda,0x99,0x9b,0x99,0x88,0x11,0x01,0x92,0x1a,
	0xdd,0x8a,0xda,0x99,0x1a,0x73,0x34,0x04,0x6b,0xfa,0x29,0x00,0x63,0x23,0x13,0x21,
	0x01,0x89,0x9b,0xca,0x89,0x0b,0x83,0x12,0x31,0x17,0x20,0x9a,0x21,0xa8,0x42,0x6d,
	0x02,0x23,0x86,0x11,0x0b,0xa1,0xaf,0xeb,0x98,0xba,0xb9,0x0b,0xe5,0xfe,0x23,0x00,
	0x09,0x90,0x18,0x84,0x02,0x49,0x28,0x32,0x34,0x44,0x27,0x22,0x13,0x10,0xda,0xd9,
	0xbd,0xbc,0xac,0xba,0xc9,0x89,0x81,0x28,0x18,0x02,0x99,0xf9,0xcb,0xa9,0x8b,0x09,
	0x43,0xf3,0x20,0x00,0x41,0x56,0x43,0x23,0x44,0x22,0x12,0x00,0x91,0x99,0xb9,0xab,
	0xaa,0x99,0x91,0x1b,0x39,0x32,0xdd,0x80,0x13,0x14,0x72,0x54,0x31,0x05,0x21,0x08,
	0x98,0xa9,0xbf,0x0a,0x2d,0x04,0x25,0x00,0xc8,0xaa,0x9c,0x9a,0xa8,0xaa,0x99,0xa8,
	0x1c,0x23,0x42,0x37,0x25,0x43,0x42,0x13,0x10,0xb8,0xba,0xcf,0xcb,0x9c,0xaa,0x9a,
	0xba,0x19,0x98,0x91,0x08,0xba,0xeb,0x0d,0xf6,0xf4,0x24,0x00,0x9b,0x9a,0x90,0x42,
	0x74,0x25,0x43,0x32,0x43,0x22,0x02,0x10,0x99,0x99,0xdb,0xaa,0xab,0x09,0xbc,0x99,
	0x01,0xa0,0x0b,0x70,0x33,0x44,0x44,0x15,0x43,0x11,0x81,0x00,0xbc,0x09,0x24,0x00,
	0xa8,0xda,0xac,0x8b,0xbb,0xeb,0xaa,0x99,0x9d,0x9a,0x9b,0x9c,0x11,0x21,0x62,0x54,
	0x42,0x22,0x24,0x01,0x00,0x9b,0xea,0xcb,0xcb,0xa9,0x9b,0x9a,0xab,0x90,0x0a,0x09,
	0xee,0xf7,0x1e,0x00,0xda,0xaa,0xbd,0xbb,0x9b,0x01,0x50,0x35,0x47,0x43,0x23,0x43,
	0x33,0x21,0x01,0x91,0x99,0xaa,0xbf,0xc9,0x8a,0xb9,0x9c,0x1a,0x08,0x98,0x18,0x37,
	0x52,0x33,0x54,0x02,0x11,0x08,0x2a,0x00,0x23,0x11,0x80,0x89,0xda,0xca,0xcb,0xaa,
	0xaa,0xbd,0xaa,0xeb,0xa9,0xbb,0xeb,0x08,0x10,0x21,0x62,0x35,0x24,0x32,0x23,0x21,
	0x90,0xba,0xbf,0xcb,0xba,0xbc,0x99,0x0a,0xc8,0xf9,0x27,0x00,0x9a,0x8a,0xa2,0xaa,
	0xae,0xa0,0xba,0xad,0x88,0x30,0x44,0x64,0x33,0x36,0x22,0x33,0x33,0x33,0x90,0x98,
	0x99,0xbf,0xbc,0xbb,0xcb,0xba,0x9c,0x99,0x10,0x90,0x43,0x03,0x7d,0xfe,0x20,0x00,
	0x26,0x34,0x52,0x14,0x21,0x13,0x10,0x10,0xb8,0x9b,0xcc,0xcb,0xdb,0xbd,0xac,0xda,
	0xbb,0xca,0x9a,0x89,0x20,0x43,0x54,0x43,0x32,0x24,0x12,0x12,0x09,0xba,0xca,0x0c,
	0x47,0x02,0x28,0x00,0xab,0xbb,0xa9,0xca,0xb9,0x9b,0x9e,0xe9,0xa9,0xb9,0x8b,0xa8,
	0x38,0x22,0x57,0x52,0x34,0x32,0x25,0x32,0x23,0x12,0x01,0xa8,0xac,0xcb,0xdc,0xbb,
	0xaa,0xac,0xaa,0x0a,0xc9,0xfb,0x26,0x00,0x88,0x22,0x42,0x52,0x32,0x17,0x11,0x21,
	0x33,0x81,0x88,0x41,0x90,0x9a,0x0b,0xd8,0xfa,0xcc,0xdb,0xba,0xac,0xac,0x9b,0x09,
	0x10,0x31,0x46,0x32,0x43,0x33,0x23,0x08,0x8d,0x04,0x27,0x00,0x88,0xaa,0xf8,0x9a,
	0x9b,0x9a,0x09,0xbb,0xb9,0xab,0xf8,0xaa,0xaa,0x99,0xae,0x01,0x31,0x40,0x73,0x35,
	0x34,0x43,0x43,0x42,0x32,0x03,0x01,0x88,0xcb,0xdb,0xbd,0x0a,0x2d,0x03,0x2b,0x00,
	0xca,0x9a,0x8a,0x09,0x01,0x43,0x11,0x03,0x26,0x22,0x08,0x82,0x25,0x18,0x20,0x61,
	0x00,0x88,0xa1,0xbc,0xbf,0xcc,0xad,0xba,0xba,0xdb,0x89,0x19,0x01,0x42,0x35,0x04,
	0x6d,0xfc,0x2c,0x00,0x42,0x31,0x02,0x88,0xa9,0xba,0xcd,0xaa,0xbb,0xab,0x38,0xb1,
	0x88,0x2a,0x23,0x8c,0xbc,0xba,0x8c,0x21,0x07,0x50,0x64,0x52,0x22,0x32,0x24,0x43,
	0x12,0x82,0x11,0x09,0x0c,0x0c,0x24,0x00,0xda,0x9d,0xcb,0xba,0xca,0x9a,0x0c,0x80,
	0x28,0x21,0x42,0x31,0x23,0x42,0xb0,0x32,0x23,0x1c,0x63,0x06,0x10,0x80,0x92,0x8f,
	0xcc,0xba,0xae,0xaa,0xaa,0xca,0x09,0x08,0x22,0xf4,0x28,0x00,0x11,0x51,0x32,0x53,
	0x23,0x24,0x12,0x80,0x90,0xbb,0xeb,0x9c,0xcb,0x99,0x98,0x99,0x89,0x20,0x23,0xb8,
	0x71,0x29,0x09,0x86,0x20,0x23,0x64,0x42,0x34,0x43,0x43,0x02,0x98,0x09,0x29,0x00,
	0x23,0x04,0x02,0x99,0xdb,0xca,0xbc,0xbc,0xab,0xaa,0x0a,0x88,0x43,0x33,0x34,0x32,
	0x84,0x80,0x8e,0xa1,0x9a,0x19,0x71,0x11,0x02,0x03,0x82,0x2c,0xdf,0xbc,0xbb,0x09,
	0x74,0xfa,0x28,0x00,0xcb,0xac,0x89,0x00,0x30,0x68,0x13,0x35,0x12,0x03,0x11,0x00,
	0xac,0xdb,0xba,0xdb,0xaa,0x99,0x08,0x11,0x22,0x45,0x13,0x13,0x08,0x11,0xb1,0xf1,
	0x29,0x21,0x73,0x01,0x00,0xfe,0x22,0x00,0x36,0x35,0x33,0x63,0x12,0x12,0x82,0x98,
	0xd9,0x9b,0xcc,0xaa,0xab,0x98,0x8b,0x32,0x25,0x20,0x33,0x14,0xa0,0x9f,0xb8,0xb9,
	0xab,0x29,0x22,0x65,0x02,0x01,0x12,0x00,0xf3,0x05,0x1e,0x00,0xdf,0xac,0xb9,0xda,
	0xca,0xa8,0x88,0x00,0x18,0x11,0x35,0x32,0x13,0x21,0x18,0xf0,0xaa,0xda,0xca,0x8c,
	0xa9,0x80,0x08,0x30,0x53,0x26,0x40,0x20,0x01,0x14,0x8a,0x01,0x64,0xfd,0x23,0x00,
	0x0a,0x89,0x30,0x24,0x57,0x22,0x34,0x44,0x12,0x21,0x00,0x90,0xbc,0xda,0x9b,0xac,
	0x98,0x90,0x28,0x54,0x21,0x11,0x04,0x03,0xd9,0x9a,0xda,0xa9,0x0c,0x1a,0x90,0x06,
	0x2b,0x05,0x28,0x00,0x11,0x01,0x21,0xca,0xfb,0xaa,0xcb,0xbc,0xcb,0xa9,0x0b,0x19,
	0x08,0x43,0x24,0x34,0x20,0x93,0x00,0xdc,0xba,0xbc,0xcc,0x99,0x98,0x18,0x22,0x44,
	0x62,0x12,0x12,0x02,0xd2,0xfc,0x25,0x00,0x20,0x99,0x98,0xab,0x98,0x33,0x77,0x31,
	0x34,0x44,0x31,0x33,0x11,0x01,0x90,0xfa,0xba,0x9b,0xcb,0xa9,0x28,0x08,0x52,0x24,
	0x23,0x31,0x52,0x80,0xac,0xc9,0xba,0x0c,0x4c,0x05,0x23,0x00,0x99,0x88,0x4a,0x23,
	0x22,0x11,0x96,0xbb,0xcf,0xbb,0xbd,0xcc,0x9b,0xab,0x8a,0x08,0x21,0x34,0x63,0x03,
	0x12,0x88,0xc0,0xad,0xbc,0xba,0xac,0x99,0x08,0x33,0x34,0x06,0x16,0xf8,0x27,0x00,
	0x53,0x11,0x12,0x88,0x90,0xa8,0xab,0x99,0x40,0x73,0x26,0x33,0x45,0x22,0x13,0x13,
	0x81,0x88,0xca,0xad,0xac,0xa8,0x9a,0x0a,0x13,0x22,0x54,0x33,0x12,0x32,0x14,0x08,
	0xc1,0x09,0x1e,0x00,0xaa,0x0f,0xac,0xc8,0x88,0x8a,0x38,0x10,0x82,0x50,0x88,0xad,
	0xce,0xea,0xaa,0xac,0x9c,0xb9,0x90,0x20,0x48,0x31,0x15,0x21,0x09,0x88,0xdc,0xda,
	0x9a,0x8a,0x8c,0x08,0x16,0xf3,0x27,0x00,0x22,0x23,0x25,0x22,0x17,0x11,0x00,0x99,
	0x90,0xba,0xa8,0x29,0x58,0x46,0x34,0x43,0x25,0x32,0x22,0x01,0x90,0xaa,0x9e,0xcc,
	0xa8,0x89,0x99,0x30,0x62,0x20,0x14,0x02,0xef,0x09,0x27,0x00,0x12,0x00,0x93,0x89,
	0x9e,0xc8,0x9a,0x8b,0x9b,0xa9,0x90,0x42,0x19,0xa8,0x1b,0xfe,0xfa,0xbb,0xda,0xbb,
	0xba,0x9a,0x09,0x31,0x34,0x33,0x34,0x04,0xb8,0xcb,0xec,0x0b,0xb7,0xf5,0x29,0x00,
	0xab,0xb9,0x9a,0x10,0x36,0x32,0x52,0x44,0x21,0x11,0x18,0x80,0xb0,0xaa,0x19,0x6b,
	0x52,0x43,0x25,0x44,0x22,0x13,0x02,0x80,0xb9,0xaf,0xbb,0xdb,0x9b,0x89,0x18,0x03,
	0xe9,0x00,0x24,0x00,0x26,0x53,0x32,0x42,0x21,0x82,0x82,0xc8,0x8a,0xab,0xdb,0x8c,
	0xaa,0x80,0xab,0xb4,0x2a,0xd8,0x89,0xcf,0xc9,0x9b,0xbd,0xba,0xc8,0x90,0x20,0x41,
	0x50,0x82,0x12,0x00,0xb1,0xfb,0x26,0x00,0xb8,0xbd,0xbc,0xad,0xa9,0x89,0x80,0x43,
	0x41,0x24,0x32,0x14,0x21,0x01,0x81,0x18,0x81,0x38,0x72,0x35,0x52,0x24,0x34,0x12,
	0x32,0x20,0x80,0xad,0xcd,0xab,0xbc,0x0a,0x6b,0xfd,0x29,0x00,0xab,0x81,0x52,0x43,
	0x53,0x43,0x33,0x23,0x23,0x11,0xa0,0xb9,0x9d,0xc9,0xaa,0x9c,0xaa,0x81,0xd1,0xc9,
	0x0a,0xca,0x9e,0xcc,0xaa,0xbb,0xbc,0x9b,0xab,0x01,0x40,0x01,0x32,0xf7,0x23,0x00,
	0x24,0x13,0xb8,0xd1,0xcb,0xbd,0xcb,0x9b,0x99,0x00,0x32,0x43,0x36,0x51,0x10,0x32,
	0x11,0x85,0x20,0x32,0x43,0x22,0x34,0x73,0x23,0x24,0x20,0x33,0x12,0xa0,0xfa,0x0a,
	0x68,0x06,0x26,0x00,0xbc,0xae,0xca,0x99,0x09,0x18,0x33,0x27,0x33,0x35,0x22,0x23,
	0x22,0x92,0x89,0x9b,0xf8,0x8a,0xab,0xcb,0x9a,0x90,0xd9,0xaa,0x88,0xbd,0xda,0xbc,
	0xcb,0xbc,0xda,0x0a,0x5a,0xf6,0x2b,0x00,0x99,0x00,0x28,0x10,0x22,0x94,0xb9,0xbe,
	0xba,0xad,0xcb,0xab,0x81,0x13,0x53,0x31,0x35,0x42,0x03,0x32,0x25,0x42,0x20,0x44,
	0x32,0x16,0x11,0x32,0x34,0x01,0x02,0x02,0x59,0x0a,0x23,0x00,0x98,0xcb,0xf9,0xac,
	0xca,0xba,0x9d,0x89,0x80,0x11,0x73,0x43,0x23,0x42,0x32,0x33,0x80,0x11,0xb8,0xc8,
	0x9b,0x9e,0xba,0xa9,0xc8,0x99,0x8b,0xcb,0x8e,0xca,0xb8,0x0f,0x7d,0xff,0x2d,0x00,
	0xaa,0xba,0xbb,0x9b,0xb9,0x9a,0xa8,0x06,0x99,0x90,0xb8,0xac,0x9f,0xab,0x98,0x9a,
	0x83,0x48,0x72,0x24,0x03,0x43,0x33,0x53,0x21,0x15,0x32,0x43,0x44,0x21,0x11,0x03,
	0xbc,0x08,0x26,0x00,0x22,0x12,0x99,0xe8,0x89,0xda,0xea,0xaa,0xaa,0xbb,0xac,0x19,
	0x12,0x44,0x72,0x34,0x22,0x33,0x24,0x22,0x01,0x90,0xc9,0x8b,0xb9,0xbe,0xba,0x00,
	0xcb,0x99,0xac,0x00,0x3b,0x07,0x22,0x00,0x9b,0xbd,0xfa,0x9b,0xb9,0xeb,0x9b,0xa9,
	0xb8,0x8c,0xb9,0x99,0xab,0xfa,0xaa,0x9c,0xb9,0x9b,0x9a,0x82,0x58,0x43,0x46,0x12,
	0x23,0x54,0x12,0x12,0x42,0x31,0x33,0x03,0xcc,0x02,0x24,0x00,0x33,0x25,0x02,0x21,
	0x20,0xc1,0xb9,0xbf,0xb9,0xba,0xcc,0x9c,0xb9,0x91,0x89,0x70,0x33,0x16,0x52,0x23,
	0x24,0x31,0x11,0x01,0x08,0xb9,0xdb,0xc9,0x9a,0xad,0x9a,0x0a,0xd1,0x07,0x24,0x00,
	0xc9,0xb8,0x09,0xa0,0xa8,0x9e,0x9c,0xbd,0xa8,0xbc,0xae,0x99,0xba,0xba,0x9d,0xb8,
	0xcb,0xac,0xe8,0xa9,0x8b,0xb9,0x18,0x1a,0x24,0x35,0x35,0x43,0x42,0x13,0x33,0x03,
	0x80,0xfb,0x26,0x00,0x33,0x34,0x25,0x33,0x43,0x22,0x29,0xa2,0x81,0xed,0x8a,0xbb,
	0xca,0x8b,0xbb,0xaa,0x12,0x90,0x33,0x77,0x51,0x02,0x43,0x32,0x23,0x22,0x13,0x81,
	0xa1,0xaa,0xdb,0x0b,0xf9,0x0c,0x20,0x00,0xfa,0xba,0x8c,0xa9,0xba,0xad,0x89,0x08,
	0xc9,0x09,0x9d,0xa8,0xaa,0xfb,0xae,0x9a,0xab,0x9d,0xab,0xaa,0xba,0xbc,0xbb,0x9e,
	0xb9,0x89,0x98,0x61,0x43,0x42,0x34,0x04,0xe8,0xf4,0x2c,0x00,0x13,0x42,0x22,0x23,
	0x22,0x22,0x33,0x25,0x12,0x01,0x20,0xb3,0xc8,0x9f,0x99,0x8c,0xca,0x90,0x90,0x02,
	0x58,0x30,0x27,0x53,0x32,0x44,0x14,0x02,0x22,0x01,0x19,0x0a,0x60,0x10,0x23,0x00,
	0xa9,0xba,0xbc,0x8a,0xcc,0xc1,0x19,0x9b,0xbb,0xad,0xf8,0x89,0xa9,0x9a,0x0d,0x89,
	0x89,0xce,0xc9,0xba,0xeb,0xbb,0xbc,0xba,0xac,0xca,0x9a,0x8a,0x9a,0x01,0x62,0x02,
	0x32,0xec,0x27,0x00,0x26,0x53,0x22,0x24,0x22,0x32,0x32,0x02,0x81,0x20,0x80,0xba,
	0xbb,0xea,0x8a,0xb9,0xbb,0xb9,0xc1,0x8a,0xca,0x14,0x41,0x32,0x77,0x41,0x23,0x35,
	0x34,0x42,0x10,0x01,0xda,0x12,0x2a,0x00,0x00,0xa9,0xba,0xbc,0x9b,0xb9,0xd9,0x00,
	0x21,0xb0,0x09,0x8c,0xbd,0xce,0xa9,0x99,0x9a,0xa1,0x3a,0x22,0xc4,0xbf,0xac,0xc9,
	0xcd,0xbc,0xa9,0xab,0xab,0xac,0x98,0x00,0x29,0xe8,0x28,0x00,0x38,0x11,0x72,0x32,
	0x34,0x42,0x24,0x34,0x32,0x43,0x22,0x01,0x00,0x90,0x9c,0xb9,0xcb,0xac,0xba,0x9a,
	0xba,0x8a,0x80,0x84,0x69,0x81,0x52,0x14,0x34,0x34,0x55,0x02,0x5f,0x09,0x2c,0x00,
	0x23,0x32,0x21,0x01,0xb8,0xd9,0xab,0xbb,0xa9,0x8c,0x28,0x13,0x86,0x20,0xb0,0xba,
	0xdf,0xbb,0x9c,0xb9,0x89,0x9a,0x84,0x40,0xeb,0xaa,0xad,0xeb,0xbc,0xbb,0xbb,0x0c,
	0xaf,0xed,0x2c,0x00,0xaa,0x9a,0x08,0x11,0x01,0x32,0x37,0x24,0x42,0x53,0x33,0x24,
	0x33,0x43,0x21,0x82,0x90,0x9b,0xb9,0xbe,0xad,0xaa,0xc9,0x8a,0x00,0x00,0x24,0x61,
	0x02,0x43,0x11,0x03,0x44,0x01,0x23,0x00,0x34,0x34,0x52,0x31,0x23,0x23,0x18,0x91,
	0xaa,0xeb,0xc8,0x80,0x1c,0x11,0x23,0x27,0x31,0x80,0x02,0xaa,0xdb,0x9f,0xaa,0xaa,
	0xca,0xd8,0x0b,0xda,0xcb,0xcb,0xac,0x0c,0xbc,0xf7,0x2c,0x00,0xca,0xa9,0xbb,0x99,
	0x0b,0x89,0x11,0x31,0x25,0x44,0x32,0x35,0x52,0x33,0x24,0x32,0x13,0x04,0x12,0x88,
	0xba,0x8c,0xad,0xba,0xf9,0x99,0xaa,0x81,0x88,0x10,0x52,0x05,0x6c,0xfd,0x26,0x00,
	0x22,0x53,0x12,0x35,0x31,0x11,0x13,0x21,0x80,0xba,0xc0,0x91,0x9a,0xa9,0x79,0x25,
	0x13,0x11,0x46,0x51,0x80,0x10,0x20,0x02,0x09,0xf9,0x91,0xba,0xbc,0xcf,0xaa,0x0c,
	0x9d,0x01,0x2c,0x00,0xbb,0xad,0xaa,0xd9,0x99,0x89,0x88,0x8b,0x80,0x00,0x83,0x11,
	0x43,0x74,0x21,0x12,0x25,0x24,0x32,0x32,0x40,0x12,0x81,0x90,0xca,0xb9,0x9c,0xfa,
	0x8c,0xaa,0x88,0x09,0xcf,0xfa,0x23,0x00,0x08,0x22,0x45,0x43,0x42,0x24,0x31,0x33,
	0x13,0x01,0x11,0x89,0xfc,0x09,0x99,0x88,0x19,0x81,0x16,0x24,0x02,0x42,0x52,0x84,
	0x13,0x30,0x11,0x73,0xa8,0xa0,0xac,0x08,0xd5,0x0b,0x22,0x00,0xbf,0xac,0xbc,0xcb,
	0xbb,0xcb,0xbb,0xaa,0x8a,0xab,0xa8,0x80,0x39,0xa3,0x73,0x02,0x26,0x51,0x31,0x31,
	0x43,0x24,0x11,0x32,0x08,0x12,0x29,0xf1,0x9a,0xaa,0xb0,0x0e,0x33,0xfc,0x23,0x00,
	0xaa,0x8a,0x9a,0x20,0x18,0x37,0x56,0x21,0x53,0x22,0x23,0x22,0x93,0xa8,0x89,0xaf,
	0xba,0x99,0x9e,0x88,0x22,0x19,0x32,0x73,0x20,0x23,0x35,0x23,0x53,0x62,0x10,0x02,
	0x92,0x10,0x28,0x00,0x18,0xca,0xba,0xcd,0xdb,0xba,0x9c,0xac,0x9c,0xb9,0xa9,0xab,
	0xa8,0x98,0x08,0x48,0x21,0x34,0x25,0x13,0x23,0x54,0x11,0x00,0x43,0x12,0x01,0x21,
	0x40,0xa8,0xa2,0x0c,0x67,0xfd,0x1e,0x00,0xfb,0x8b,0xcb,0xaa,0xb9,0x88,0x15,0x58,
	0x43,0x43,0x34,0x34,0x33,0x52,0x31,0x93,0x88,0x99,0x88,0xbf,0xba,0xba,0xbc,0x89,
	0x09,0x08,0x25,0x63,0x21,0x55,0x33,0x01,0x23,0x0b,0x28,0x00,0x43,0x43,0x21,0x28,
	0xc9,0xa9,0xad,0xdc,0xab,0xac,0xbb,0xeb,0x9a,0xaa,0xba,0xba,0x8a,0x99,0x88,0x28,
	0x14,0x43,0x23,0x36,0x23,0x44,0x51,0x12,0x31,0x21,0x82,0x08,0x13,0xff,0x21,0x00,
	0x10,0xe0,0x98,0x9a,0xeb,0xbb,0x09,0xa8,0x99,0x69,0x21,0x53,0x42,0x25,0x52,0x32,
	0x33,0x11,0x34,0x02,0x99,0xac,0xb8,0xdc,0xeb,0x89,0x8c,0x99,0x18,0x19,0x34,0x03,
	0x0f,0x03,0x24,0x00,0x25,0x35,0x53,0x22,0x32,0x23,0x22,0x99,0xf1,0xa9,0xdb,0xcb,
	0xcb,0xbb,0xac,0xdb,0xaa,0x9b,0xca,0xa9,0xaa,0x08,0x08,0x00,0x23,0x44,0x33,0x44,
	0x20,0x15,0x41,0x01,0xbf,0xfa,0x27,0x00,0x12,0x38,0x84,0x49,0x18,0x08,0x88,0xca,
	0xba,0x1b,0xc9,0xb1,0x0a,0x57,0x41,0x10,0x43,0x35,0x23,0x13,0x62,0x81,0x14,0x08,
	0xba,0x88,0xda,0xcd,0xab,0xaa,0xbc,0x0b,0xb3,0xfb,0x27,0x00,0x81,0x11,0x54,0x53,
	0x22,0x35,0x32,0x13,0x34,0x12,0x01,0x80,0xba,0xaf,0xaa,0xcc,0xad,0xab,0xbb,0xbe,
	0xaa,0xab,0x9a,0xb9,0xa8,0x20,0x01,0x81,0x52,0x14,0x31,0x09,0x8c,0xf5,0x20,0x00,
	0x35,0x23,0x33,0x32,0x73,0x12,0x91,0x82,0x00,0x0b,0xcf,0xa9,0x39,0xc3,0x20,0x40,
	0x63,0x42,0x41,0x22,0x35,0x42,0x23,0x21,0x13,0x03,0x19,0xdc,0xba,0x9d,0xcc,0x0b,
	0x24,0x01,0x29,0x00,0xbb,0xbc,0xa9,0xaa,0x18,0x41,0x34,0x46,0x42,0x24,0x32,0x33,
	0x25,0x11,0x11,0x99,0xc9,0xca,0xbb,0xaf,0xaa,0xbb,0xbc,0xdb,0xb9,0xac,0x9a,0x99,
	0x9a,0x90,0x11,0x01,0x09,0xf2,0x22,0x00,0x26,0x12,0x12,0x53,0x23,0x39,0x21,0x33,
	0x17,0x12,0x12,0x30,0x95,0x0a,0xac,0xa8,0xc8,0x9a,0x4a,0x04,0x5b,0x32,0x34,0x26,
	0x33,0x53,0x33,0x33,0x31,0x91,0x03,0x0c,0xde,0x0a,0x20,0x00,0xdf,0xa9,0xbb,0xae,
	0xaa,0xab,0xa9,0x1a,0x91,0x34,0x74,0x22,0x33,0x26,0x22,0x23,0x24,0x22,0x08,0x88,
	0x9d,0xda,0xba,0xcc,0xbb,0xac,0xcb,0xbb,0xca,0x9a,0x8a,0x0a,0x1e,0xf1,0x28,0x00,
	0x88,0x29,0x32,0x73,0x02,0x11,0x12,0x12,0x18,0x20,0x3a,0x53,0x27,0x14,0x31,0x43,
	0x12,0x02,0x08,0xad,0x98,0x98,0x10,0x8b,0x26,0x54,0x22,0x54,0x20,0x22,0x12,0x02,
	0xa1,0x08,0x22,0x00,0x00,0x9a,0xcb,0xfb,0xea,0x9a,0xac,0xbb,0xbc,0xb8,0x99,0x99,
	0x43,0x62,0x63,0x31,0x24,0x34,0x23,0x33,0x34,0x32,0x90,0xa8,0xc9,0xae,0xdb,0xcb,
	0xca,0xb9,0xca,0x0b,0xc3,0xf8,0x2e,0x00,0x9b,0x9b,0xa9,0xa8,0x98,0x88,0x63,0x28,
	0x10,0x34,0x11,0x23,0x31,0x62,0x10,0x13,0x64,0x82,0x34,0x31,0x14,0x42,0x81,0x00,
	0x31,0x01,0xc9,0x09,0x73,0x81,0x2a,0x04,0xc5,0x05,0x22,0x00,0x24,0x48,0x91,0x22,
	0xaa,0xf9,0xbc,0xbc,0xbc,0xcc,0xab,0xaa,0xab,0xcb,0x18,0x30,0x14,0x35,0x36,0x34,
	0x42,0x33,0x44,0x21,0x32,0x11,0xa1,0x98,0xd9,0xbc,0xad,0x0c,0xd1,0x06,0x2f,0x00,
	0xbb,0xca,0xba,0xcb,0xa8,0x99,0x8a,0x0a,0x19,0x81,0x82,0x90,0x28,0x34,0xb0,0x9a,
	0x29,0x34,0x69,0x82,0x57,0x40,0x24,0x52,0x33,0x14,0x32,0x22,0x33,0x80,0xa0,0x08,
	0x9d,0x07,0x1f,0x00,0xbb,0x1a,0x89,0xb8,0x67,0x11,0x28,0x11,0xb2,0xaf,0xbc,0xae,
	0xdb,0xbb,0xba,0xbb,0xba,0x9a,0x00,0x11,0x74,0x21,0x17,0x42,0x22,0x43,0x14,0x33,
	0x22,0x22,0x90,0x00,0x90,0x12,0x26,0x00,0xad,0xdc,0xba,0xca,0xba,0xab,0x9d,0x99,
	0xa8,0x0a,0x9a,0x9a,0x08,0xa0,0xc0,0x0a,0x31,0x80,0x0a,0x0e,0xeb,0x88,0xc1,0x19,
	0x4b,0x74,0x22,0x35,0x34,0x34,0x23,0x03,0xa5,0x08,0x2a,0x00,0x23,0x12,0x9a,0xa8,
	0x9a,0xf0,0xa9,0x0b,0x10,0xa8,0x92,0x39,0xbd,0xa9,0xde,0xcb,0xbb,0xcd,0xaa,0xac,
	0xa8,0x9a,0x1a,0x32,0x22,0x27,0x64,0x22,0x43,0x42,0x22,0x03,0x04,0x0f,0x2c,0x00,
	0x21,0x80,0x88,0xb0,0xbd,0xbe,0xaa,0xab,0xdb,0xbb,0xab,0x9b,0xca,0xaa,0xbd,0x18,
	0x98,0x9a,0x0c,0x10,0xa2,0x89,0x2e,0xcb,0xa0,0xa9,0xc9,0x49,0x52,0x35,0x44,0x05,
	0x1d,0xfd,0x2e,0x00,0x34,0x32,0x34,0x32,0x21,0x81,0x98,0x9a,0xbd,0xcc,0xa9,0x9b,
	0x9a,0xbb,0x08,0x00,0xbb,0x9c,0x08,0xfb,0xae,0x99,0xad,0x99,0x99,0xb9,0x58,0x01,
	0x14,0x51,0x26,0x02,0xf5,0x02,0x2c,0x00,0x21,0x45,0x11,0x02,0x21,0xb0,0x80,0xab,
	0xbd,0xad,0xaa,0xc9,0xab,0xcc,0xb9,0x9a,0xaa,0xab,0x9d,0x90,0x01,0xb9,0x9c,0x19,
	0xdb,0xcb,0x9e,0xb9,0xa9,0x8a,0x10,0x02,0x13,0xef,0x1f,0x00,0x57,0x34,0x44,0x33,
	0x25,0x23,0x24,0x23,0x11,0x01,0x80,0xd8,0xba,0xbc,0xad,0xac,0xb9,0xab,0x9b,0x90,
	0x09,0x89,0x12,0x91,0x9c,0xa9,0xdb,0xca,0xa9,0xa9,0x34,0x04,0x91,0xfb,0x20,0x00,
	0x15,0x72,0x24,0x14,0x12,0x33,0x12,0x83,0x81,0xc0,0x18,0x9d,0xc9,0x9c,0xa9,0xc8,
	0xdb,0xbb,0xdb,0x9a,0xab,0xbb,0x9d,0xa0,0x02,0xda,0x99,0x8a,0x9d,0xcc,0x9c,0x0a,
	0x8c,0xed,0x28,0x00,0xa9,0x99,0x01,0x61,0x35,0x35,0x34,0x44,0x33,0x43,0x32,0x24,
	0x11,0x01,0x00,0xb9,0xbc,0xbd,0xbc,0xbc,0xba,0x9c,0x9a,0x88,0x88,0x18,0x00,0xa2,
	0x0b,0xbb,0xca,0x0b,0xd7,0xf9,0x1d,0x00,0xa9,0x28,0x57,0x52,0x12,0x34,0x34,0x15,
	0x11,0x12,0x12,0x08,0xa1,0x99,0x08,0xab,0xf8,0xb9,0x8a,0xfb,0xcb,0xac,0xbc,0xaa,
	0xba,0xac,0x8b,0x98,0x82,0xfb,0x99,0x0b,0x12,0xf5,0x23,0x00,0x9d,0xcc,0xbb,0xba,
	0xaa,0xa8,0x21,0x72,0x35,0x45,0x23,0x35,0x43,0x33,0x43,0x23,0x22,0x11,0x81,0xb9,
	0xcd,0xcb,0xbc,0xcb,0xba,0xab,0xa9,0x98,0x90,0x20,0x00,0x02,0x8e,0xfc,0x21,0x00,
	0x0b,0xdb,0xb8,0xba,0x09,0x78,0x44,0x52,0x21,0x15,0x32,0x04,0x20,0x80,0x02,0x0a,
	0x90,0x1c,0x81,0x90,0xa0,0xb3,0x0f,0xdc,0xca,0xcb,0xbc,0x9a,0xc9,0xb9,0x19,0x08,
	0x6c,0xf9,0x23,0x00,0x18,0xda,0xbb,0xbd,0xbc,0xdc,0xbb,0x99,0x9a,0x88,0x30,0x45,
	0x34,0x26,0x34,0x34,0x43,0x43,0x42,0x23,0x22,0x11,0x01,0xa9,0xcd,0xcb,0xac,0xcb,
	0xaa,0xba,0x89,0x0a,0x57,0xfa,0x2b,0x00,0x81,0x10,0x08,0x80,0x98,0xb9,0x8a,0x9b,
	0x60,0x71,0x23,0x34,0x25,0x23,0x12,0x21,0x88,0x9a,0x9a,0x12,0xae,0x82,0x43,0x05,
	0x30,0x0a,0xb0,0xbf,0xeb,0xca,0x9c,0x09,0xdd,0xfc,0x29,0x00,0xba,0x09,0x19,0xb9,
	0x8a,0xda,0xbc,0xcd,0xaa,0xbb,0xbd,0xa9,0x0a,0x98,0x42,0x53,0x45,0x53,0x24,0x43,
	0x34,0x42,0x23,0x24,0x11,0x01,0x98,0xb9,0xcc,0xbd,0xca,0x0c,0x74,0x03,0x34,0x00,
	0xb9,0xa9,0x9a,0x08,0x19,0x98,0x10,0x38,0xa2,0x8b,0x84,0x23,0x43,0x37,0x60,0x23,
	0x23,0x11,0x42,0x89,0xb8,0x0c,0xb9,0x8b,0x0d,0x00,0x12,0x05,0x60,0x90,0x01,0x0c,
	0xff,0x03,0x25,0x00,0xca,0xbb,0xe9,0xba,0x9b,0x09,0xab,0xeb,0xc9,0xa9,0xb9,0xcc,
	0x8c,0x9a,0x98,0x9d,0x91,0x40,0x02,0x71,0x24,0x44,0x42,0x43,0x33,0x34,0x24,0x22,
	0x11,0x00,0xaa,0x0b,0x19,0x17,0x29,0x00,0xbe,0xcc,0xab,0xbb,0xca,0xaa,0xa9,0x89,
	0x9a,0x89,0xa9,0x08,0xb0,0x30,0x61,0x26,0x73,0x21,0x43,0x32,0x02,0x11,0x91,0x08,
	0xbd,0xb9,0x8a,0x9a,0xc2,0x01,0x72,0x00,0x51,0x05,0x25,0x00,0x82,0x01,0x8b,0x9a,
	0xcc,0xcd,0xc9,0xab,0x8b,0xad,0xca,0xdb,0xa8,0x8b,0xda,0x8a,0xb9,0x82,0x0b,0x90,
	0x40,0x23,0x36,0x54,0x24,0x73,0x33,0x53,0x32,0x24,0x33,0x02,0xa9,0x1b,0x2f,0x00,
	0x11,0x90,0xa9,0xad,0xbd,0xbc,0xbb,0xbc,0xbb,0xaa,0xca,0xa9,0x89,0xaa,0x9a,0x10,
	0xa9,0x35,0x78,0x43,0x33,0x34,0x34,0x22,0x13,0x81,0x8a,0xaa,0x9f,0xaa,0xa8,0x08,
	0xec,0x01,0x23,0x00,0x21,0x12,0x53,0x24,0x20,0xa2,0x8b,0xe9,0xda,0x9b,0xca,0x9c,
	0xc9,0xc9,0xad,0xba,0xba,0xae,0xaa,0xaa,0x99,0x09,0x80,0x10,0x72,0x24,0x42,0x53,
	0x53,0x33,0x35,0x03,0x2b,0x08,0x2e,0x00,0x34,0x24,0x23,0x12,0x01,0x98,0xca,0xdb,
	0xcb,0xbb,0xbc,0xcb,0xaa,0xbb,0xab,0x9c,0xca,0xaa,0x8b,0xa0,0x29,0x12,0x37,0x44,
	0x24,0x23,0x33,0x33,0x82,0xaa,0x9b,0x08,0x0c,0x03,0x1e,0x00,0xaf,0xab,0x81,0x09,
	0x03,0x71,0x12,0x33,0x80,0xa8,0x20,0xf2,0x8d,0x9a,0x88,0xeb,0xaa,0xad,0xfb,0xa9,
	0xba,0xca,0x8b,0xaa,0x88,0x18,0x32,0x31,0x46,0x25,0x24,0x04,0xb0,0xfb,0x2c,0x00,
	0x43,0x24,0x33,0x24,0x43,0x22,0x22,0x02,0x88,0x98,0xdb,0xdb,0xba,0xcc,0xba,0xbb,
	0xcb,0xbc,0xab,0xca,0xba,0xbb,0x00,0x2a,0x30,0x55,0x34,0x44,0x22,0x32,0x22,0x01,
	0xbc,0x05,0x25,0x00,0x8c,0xc9,0x0b,0xae,0x98,0x88,0x03,0x11,0x58,0x58,0x80,0xb8,
	0xb0,0xa9,0xb8,0xc0,0x09,0x71,0x00,0xb8,0x89,0xce,0xbc,0xca,0xae,0xb9,0x8a,0xab,
	0x88,0x03,0x22,0x06,0x02,0xf3,0x27,0x00,0x44,0x53,0x42,0x32,0x24,0x33,0x14,0x22,
	0x22,0x11,0x18,0x90,0xc0,0xb9,0xaa,0xca,0xce,0xba,0xac,0xcb,0xcc,0xaa,0xbb,0x9a,
	0xab,0x9b,0x90,0x24,0x60,0x33,0x25,0x02,0xc4,0xff,0x27,0x00,0x33,0x22,0x98,0xcc,
	0xa9,0xcc,0xaa,0x8d,0x80,0x32,0x41,0x21,0x05,0x05,0x80,0x99,0x0b,0xb9,0xba,0xab,
	0x29,0x40,0xb5,0x82,0x9a,0xef,0x99,0xbd,0xbc,0x9b,0xbb,0x0a,0x48,0xee,0x26,0x00,
	0xb9,0x34,0x72,0x43,0x42,0x43,0x43,0x32,0x32,0x32,0x23,0x22,0x12,0x20,0xa0,0x92,
	0xbc,0xbc,0xdb,0xdc,0xaa,0xbc,0xbb,0xcc,0xaa,0xbb,0xbb,0xbb,0x9b,0xb1,0x12,0x04,
	0x3a,0xfb,0x1e,0x00,0x56,0x33,0x62,0x21,0x12,0x91,0xc9,0xbb,0xbd,0xda,0xab,0x8a,
	0x30,0x02,0x23,0x16,0x24,0x01,0x2a,0x9b,0x8c,0x99,0xda,0x98,0x12,0x32,0x2a,0xa0,
	0xed,0x9b,0xfd,0x0b,0x95,0xf6,0x2b,0x00,0xcb,0xb8,0x9b,0x8a,0x28,0x53,0x34,0x36,
	0x34,0x34,0x33,0x24,0x23,0x21,0x12,0x02,0x80,0x91,0x19,0x9b,0xcb,0xa9,0xec,0xac,
	0xbc,0xcb,0xcc,0xba,0xbb,0xac,0xba,0x08,0x13,0xf9,0x26,0x00,0x89,0x28,0x13,0x35,
	0x45,0x22,0x42,0x12,0x93,0xb9,0xbc,0xbb,0xbf,0xca,0x88,0x28,0x12,0x14,0x52,0x50,
	0x10,0x99,0xa9,0xa8,0xab,0xbb,0x9b,0x92,0x56,0x2a,0x00,0x08,0xc4,0xfc,0x1f,0x00,
	0xab,0xfc,0xaf,0xba,0xa9,0x9c,0x99,0x2b,0x23,0x37,0x23,0x36,0x43,0x24,0x12,0x22,
	0x22,0x12,0x10,0x81,0x01,0x3b,0xd0,0xa9,0x9b,0xdc,0x9c,0xca,0xbb,0xdb,0xab,0x0a,
	0x2d,0x00,0x26,0x00,0xac,0xaa,0x9b,0x89,0x19,0x40,0x25,0x35,0x84,0x25,0x21,0x08,
	0xa9,0xcc,0xac,0xcb,0xda,0x9a,0x08,0x11,0x20,0x53,0x32,0x33,0x93,0xa2,0xd9,0x98,
	0xaa,0x9f,0x89,0x00,0xa7,0xfb,0x23,0x00,0x03,0x13,0x12,0x89,0xc1,0xff,0xcb,0xab,
	0xca,0xba,0xaa,0x32,0x63,0x63,0x43,0x43,0x33,0x33,0x23,0x12,0x11,0x00,0x88,0x19,
	0xaa,0x82,0x98,0x9c,0xb9,0xce,0xcb,0x0d,0xf9,0x09,0x28,0x00,0xbc,0xbb,0xbc,0xcb,
	0xba,0x9a,0x9b,0x90,0x30,0x43,0x64,0x43,0x21,0x23,0x23,0xb8,0xdb,0xbd,0xea,0xab,
	0xbb,0x9b,0x10,0x12,0x21,0x16,0x34,0x11,0x1a,0xaa,0x8d,0x0a,0x94,0xfa,0x22,0x00,
	0xca,0xaa,0x08,0x35,0x58,0x12,0x22,0x91,0xc2,0xbf,0xcd,0xa9,0xbb,0xbb,0x19,0x32,
	0x65,0x34,0x44,0x33,0x24,0x23,0x21,0x11,0x00,0x90,0x89,0xa8,0x18,0x00,0xb9,0x02,
	0x33,0x10,0x1c,0x00,0x89,0xcf,0xeb,0xca,0xbb,0xbd,0xbb,0xcb,0xaa,0xb9,0x89,0x19,
	0x23,0x53,0x54,0x23,0x22,0x33,0x03,0xba,0xdd,0xba,0xbd,0xcb,0xab,0x8a,0x01,0x01,
	0x41,0x50,0x03,0x00,0x82,0xfb,0x22,0x00,0x98,0x9e,0xb8,0xab,0xbc,0x88,0x68,0x82,
	0x34,0x12,0x15,0x39,0xe8,0xb9,0xad,0xda,0x9a,0x99,0x18,0x41,0x36,0x34,0x35,0x53,
	0x32,0x11,0x12,0x01,0x00,0x99,0x99,0x08,0x9f,0x0f,0x24,0x00,0x00,0x81,0x3b,0x11,
	0xe3,0xbd,0xbc,0xdc,0xcb,0xbc,0xca,0x9a,0xaa,0x8a,0x9a,0x22,0x30,0x43,0x25,0x34,
	0x20,0x22,0x21,0xe9,0x99,0xad,0xb9,0xac,0xca,0x09,0x09,0x08,0xcb,0xf8,0x22,0x00,
	0xb1,0x12,0x33,0xab,0xef,0x90,0x89,0xca,0x1a,0x19,0x22,0x13,0x36,0x42,0x23,0xb1,
	0x99,0x9f,0xca,0xdb,0x88,0x00,0x33,0x65,0x33,0x45,0x32,0x43,0x02,0x13,0x01,0x08,
	0x9a,0x0e,0x28,0x00,0x98,0xca,0x9a,0x81,0x89,0x01,0x51,0x22,0x40,0xbc,0xda,0xca,
	0xcd,0xac,0xbb,0xba,0xab,0xaa,0x09,0x12,0x13,0x26,0x41,0x22,0x80,0xc1,0x0a,0xdb,
	0xca,0xcb,0x89,0x08,0x29,0xf8,0x22,0x00,0x89,0x28,0x25,0x12,0x01,0xa8,0xda,0xbd,
	0x9f,0x9a,0x99,0x80,0x23,0x46,0x42,0x34,0x43,0x32,0x21,0x00,0x88,0xa8,0xbb,0x8a,
	0x58,0x83,0x71,0x24,0x15,0x32,0x83,0x02,0x6d,0x0b,0x24,0x00,0x28,0xb8,0xcc,0x9c,
	0xab,0xdb,0xa9,0x09,0x10,0x30,0x52,0x33,0x24,0x90,0x0a,0xcf,0xdb,0xcb,0xcb,0x9b,
	0x9a,0xa9,0x08,0x32,0x43,0x31,0x22,0x90,0xd0,0xec,0x99,0x0b,0x7c,0xf8,0x24,0x00,
	0x9a,0x2c,0x00,0x13,0x43,0x16,0x10,0x01,0xba,0xdc,0xba,0xcc,0x8a,0x08,0x22,0x30,
	0x57,0x42,0x22,0x33,0x53,0x23,0x33,0x32,0x04,0x23,0x12,0x10,0x59,0x10,0x08,0x02,
	0x1a,0x10,0x1e,0x00,0x33,0x06,0x90,0xc0,0xf9,0xbe,0xcb,0xcb,0xac,0xaa,0x9a,0x98,
	0x22,0x01,0x34,0x35,0x18,0x08,0xa0,0xac,0xda,0xaa,0xca,0x00,0x18,0x90,0x78,0x81,
	0x18,0xba,0xc0,0x0e,0xf1,0xf8,0x28,0x00,0xb9,0x8b,0xbb,0x21,0x3a,0x05,0x36,0x21,
	0x22,0x03,0xb2,0x8c,0xeb,0x8a,0xab,0x0a,0x48,0x36,0x01,0x32,0x36,0x42,0x42,0x32,
	0x43,0x46,0x11,0x22,0x43,0x03,0x00,0x09,0xe6,0x10,0x26,0x00,0x01,0x88,0x8a,0x13,
	0x72,0x82,0xa0,0x9e,0xca,0xec,0xbc,0xab,0xba,0xac,0xa9,0x00,0x01,0x21,0x33,0x33,
	0x20,0x81,0xbb,0x9e,0xb8,0xdb,0x9b,0x30,0xf8,0x2a,0x42,0x01,0xb1,0xfb,0x22,0x00,
	0x8c,0xa1,0x8d,0xba,0xbc,0xab,0xbb,0x30,0x22,0x20,0x67,0x33,0x08,0x34,0x01,0xc8,
	0x10,0x89,0xba,0x78,0x01,0x11,0x21,0x92,0x40,0x73,0x13,0x58,0x44,0x25,0x83,0x03,
	0xbd,0x0a,0x29,0x00,0x42,0x13,0x28,0x21,0x82,0x83,0x19,0x41,0x14,0x8a,0xdf,0x9a,
	0xfb,0xcb,0xbb,0xba,0xaa,0xbb,0x0a,0x00,0x22,0x05,0x02,0x30,0x81,0xb9,0xaf,0x80,
	0x9a,0xac,0x15,0x00,0x19,0xfa,0x23,0x00,0x99,0x71,0x81,0x88,0x9b,0xa9,0xab,0xfa,
	0xdb,0x0a,0x39,0x88,0x00,0x72,0x14,0x40,0x00,0x33,0x81,0x23,0x2a,0x11,0x02,0xa5,
	0x90,0xc9,0x11,0xaf,0x81,0x58,0x82,0x01,0x62,0xff,0x20,0x00,0x37,0x24,0x32,0x45,
	0x12,0x22,0x42,0x10,0x22,0x12,0x15,0x31,0x80,0xb0,0xdf,0xa9,0xbd,0xcc,0xaa,0xbb,
	0xb9,0x9b,0x99,0x00,0x30,0x02,0x08,0x92,0x12,0x0f,0xb9,0x0a,0x34,0xf9,0x1f,0x00,
	0xa3,0x72,0x01,0x13,0x3a,0x85,0x01,0x9c,0xdd,0x88,0xaa,0xac,0xab,0x08,0x82,0xc8,
	0x62,0x32,0x52,0x22,0x34,0x62,0x02,0x00,0x24,0x11,0x98,0xb8,0x3c,0xf8,0xa9,0x0a,
	0xbe,0xfd,0x26,0x00,0x00,0x8a,0x31,0x51,0x16,0x41,0x24,0x32,0x53,0x22,0x11,0x33,
	0x12,0x32,0x31,0x82,0x83,0xfd,0xaa,0xbe,0xdb,0xca,0xbb,0xbb,0xaa,0xcb,0x98,0x09,
	0x12,0x1a,0xd8,0x02,0x0b,0xfa,0x23,0x00,0x8b,0xd0,0x8b,0xb8,0x24,0x1a,0x33,0x34,
	0x25,0x02,0x23,0xab,0xa9,0xfb,0xcc,0x9b,0xab,0x9d,0xa8,0xa0,0x72,0x21,0x53,0x43,
	0x53,0x13,0x22,0x33,0x22,0x02,0x9a,0x0b,0xef,0x03,0x1e,0x00,0xca,0xec,0x8a,0x9a,
	0x88,0xa8,0x42,0x53,0x13,0x52,0x24,0x25,0x43,0x10,0x33,0x43,0x12,0x22,0x11,0x11,
	0xcb,0xec,0xbc,0xdb,0xac,0xcb,0xa9,0x9a,0xaa,0x08,0x80,0x00,0xb9,0xfc,0x22,0x00,
	0xaa,0xba,0xd9,0xad,0xbb,0xac,0x18,0x81,0x99,0x72,0x13,0x11,0x12,0x02,0x28,0x92,
	0x8a,0xda,0x80,0x9f,0xc9,0x9a,0x89,0x89,0x44,0x65,0x33,0x44,0x33,0x34,0x33,0x01,
	0x6b,0x05,0x25,0x00,0x00,0x83,0xbc,0xba,0x9c,0xc9,0xaa,0x98,0x89,0x88,0x20,0x35,
	0x66,0x42,0x24,0x34,0x33,0x22,0x31,0x01,0x98,0x8a,0xbc,0xca,0xdc,0xba,0xac,0xcc,
	0xac,0xaa,0xcb,0x0b,0xe7,0xfc,0x28,0x00,0xba,0x90,0x8a,0x88,0x1a,0x80,0x9a,0xfc,
	0x9b,0x88,0xca,0xac,0x29,0x11,0x48,0x32,0x17,0x22,0x24,0x21,0x9a,0x13,0xd8,0xcc,
	0x88,0x99,0x19,0x31,0x36,0x73,0x43,0x03,0x6f,0x00,0x28,0x00,0x43,0x23,0x04,0x20,
	0x28,0xa0,0xa8,0xad,0xe8,0x98,0xba,0x8b,0xaa,0x1a,0x3c,0x14,0x37,0x23,0x27,0x32,
	0x33,0x22,0x81,0x01,0x1a,0xa8,0xcc,0xbd,0xa2,0x9e,0xca,0x0b,0x2c,0x06,0x28,0x00,
	0xcb,0xca,0xab,0xdb,0xa9,0x8a,0x9a,0x8a,0x98,0xda,0x99,0x1a,0xac,0xbd,0x00,0x18,
	0x1b,0x31,0x27,0x24,0x25,0x32,0x30,0x10,0x11,0xab,0xe2,0x18,0xc9,0x23,0x52,0x01,
	0xfd,0xfb,0x21,0x00,0x70,0x42,0x01,0x13,0x25,0x12,0x20,0x53,0x10,0x88,0x02,0xf2,
	0xa8,0xaa,0x99,0xaf,0x98,0x1b,0x9b,0x21,0x24,0x24,0x45,0x42,0x31,0x31,0x11,0x90,
	0x11,0x00,0xce,0x08,0x37,0x0a,0x25,0x00,0x90,0xac,0xad,0x9a,0xda,0xca,0xa9,0x9c,
	0xac,0xb9,0x9c,0xaa,0xb9,0xbb,0xc9,0x18,0xcb,0xab,0x1a,0xb2,0x22,0x7b,0x33,0x47,
	0x22,0x42,0x21,0x22,0x28,0xa3,0x92,0x00,0xd1,0xfb,0x1d,0x00,0x22,0x41,0x35,0x40,
	0x11,0x63,0x30,0x15,0x32,0x72,0x31,0x33,0x22,0x05,0x81,0x98,0xcb,0xea,0xbb,0xaa,
	0xae,0x89,0x10,0x98,0x33,0x54,0x11,0x51,0x11,0x81,0x18,0x03,0x48,0x09,0x21,0x00,
	0xb8,0x0d,0x80,0xa8,0xae,0xaa,0x9a,0xda,0xbb,0xfa,0x8a,0xab,0xbd,0xbb,0xc9,0xca,
	0xcb,0x99,0xab,0xbb,0x8c,0xba,0x98,0x99,0x31,0x36,0x53,0x45,0x42,0x20,0x13,0x03,
	0x41,0xfa,0x24,0x00,0x20,0x22,0x30,0x33,0x37,0x13,0x31,0x14,0x01,0x92,0x72,0x04,
	0x21,0x36,0x33,0x33,0x35,0x00,0x83,0x8a,0xcd,0xbb,0xac,0xbc,0xc8,0x09,0x8a,0x88,
	0x10,0x12,0x4a,0x02,0xe1,0x04,0x1d,0x00,0x85,0x82,0x37,0x08,0x00,0x03,0x98,0xbe,
	0xca,0x9d,0xc9,0xb9,0x9c,0x89,0x98,0xdb,0x9a,0x8c,0xec,0xa9,0xab,0xba,0xab,0xa9,
	0x19,0x11,0x25,0x10,0x45,0x13,0x01,0x08,0x2a,0xf6,0x20,0x00,0x22,0x84,0x15,0x28,
	0x34,0x45,0x12,0x43,0x31,0x42,0x98,0x12,0x03,0x00,0x31,0x57,0x23,0x24,0x30,0x25,
	0x12,0x01,0xa0,0x2a,0xfc,0xb9,0xa9,0x9c,0xaa,0xcb,0xa9,0x00,0xf8,0x02,0x22,0x00,
	0x9a,0x1c,0x94,0x02,0x02,0x43,0x32,0x4b,0x97,0x01,0x9c,0x01,0x8c,0xd0,0x89,0x8c,
	0x88,0xbb,0xfa,0x8c,0x9a,0xcb,0xad,0x9a,0x9b,0x9d,0xa0,0x88,0x81,0x40,0x10,0x02,
	0xcf,0xf1,0x22,0x00,0x32,0x03,0x2a,0x56,0x00,0x01,0x35,0x20,0x44,0x33,0x24,0x32,
	0x35,0x11,0x91,0x54,0x10,0x00,0x41,0x22,0x16,0x09,0x42,0x08,0x91,0x11,0x9b,0x18,
	0xfa,0xab,0x90,0x0a,0xd6,0x08,0x20,0x00,0xaf,0x9a,0x9a,0xe8,0x8a,0x89,0x90,0x02,
	0x1b,0x84,0x60,0x91,0x14,0xaa,0x20,0x8d,0xa8,0xa0,0xcc,0x80,0x0a,0xe0,0xaa,0x9e,
	0xc8,0x9d,0xc9,0xbb,0xab,0xb8,0x8c,0x00,0x60,0xf0,0x25,0x00,0x20,0x01,0x05,0x38,
	0xa1,0x39,0x39,0xa0,0x42,0x54,0x14,0x26,0x44,0x22,0x53,0x31,0x23,0x32,0x23,0x42,
	0x02,0x33,0x04,0x10,0x29,0x96,0x1a,0xb2,0x69,0x99,0x12,0x0b,
};

real delta_z= 5.f;
real num_layers= 40.f;
static real blur_offset= 0.1f;
static boolean progress_bar_restart= TRUE;
static struct progress_bar_globals progress_bar_globals= {0};
struct progress_bar_mode progress_bar_mode= {0};
real last_t= 0.f;
static real wobble_phase= 0.f;

/* ---------- public code */

void tgaLoadHeader(
	FILE *file,
	struct tga_image *image)
{
	unsigned char ignored_byte;
	short ignored_short;

	fread(&ignored_byte, 1, 1, file);
	fread(&ignored_byte, 1, 1, file);
	fread(&image->image_type, 1, 1, file);
	fread(&ignored_short, 2, 1, file);
	fread(&ignored_short, 2, 1, file);
	fread(&ignored_byte, 1, 1, file);
	fread(&ignored_short, 2, 1, file);
	fread(&ignored_short, 2, 1, file);
	fread(&image->width, 2, 1, file);
	fread(&image->height, 2, 1, file);
	fread(&image->pixel_depth, 1, 1, file);
	fread(&ignored_byte, 1, 1, file);

	return;
}

void tgaLoadImageData(
	FILE *file,
	struct tga_image *image)
{
	long y;

	for (y= 0; y<image->height; y++)
	{
		long x;
		unsigned long *pixel;

		pixel= image->pixels + (image->height - y - 1)*image->width;
		for (x= 0; x<image->width; x++)
		{
			unsigned char color[3];
			unsigned long intensity;

			fread(color, 1, 3, file);
			intensity= color[0];
			*pixel= ((intensity<<9) | (intensity & ~1))<<7 | intensity>>2;
			pixel++;
		}
	}

	return;
}

void tgaLoad(
	const char *path,
	unsigned long *pixels)
{
	struct tga_image image;
	FILE *file;

	file= fopen(path, "rb");
	if (file)
	{
		tgaLoadHeader(file, &image);
		image.pixels= pixels;
		tgaLoadImageData(file, &image);
		fclose(file);
	}

	return;
}

void progress_bar_initialize(
	void)
{
	char destination_directory[40];
	char map_directory[40];
	char destination_path[40];
	char source_path[40];

	csstrcpy(map_directory, cache_files_map_directory());
	sprintf(source_path, "d%sloading.tga", map_directory + 1);
	sprintf(destination_path, "z%sloading.tga", map_directory + 1);
	sprintf(destination_directory, "z%s", map_directory + 1);
	destination_directory[csstrlen(destination_directory) - 1]= 0;
	CreateDirectoryA(destination_directory, NULL);
	CopyFileA(source_path, destination_path, TRUE);

	return;
}

void progress_bar_dispose(
	void)
{
	return;
}

void progress_bar_begin(
	boolean skip_frame_capture)
{
	progress_bar_mode.capture_frame= !skip_frame_capture;
	progress_bar_mode.active= TRUE;
	SetThreadPriority((void *)-2, 2);

	return;
}

void progress_bar_end(
	void)
{
	progress_bar_mode.active= FALSE;
	SetThreadPriority((void *)-2, 0);

	return;
}

boolean progress_bar_is_active(
	void)
{
	return progress_bar_mode.active;
}

void progress_bar_enable(
	boolean enabled)
{
	progress_bar_rendering_enabled= enabled;

	return;
}

void SetRenderStateSmart(
	D3DRENDERSTATETYPE state,
	unsigned long value)
{
	if (state < D3DRS_SIMPLE_MAX)
	{
		D3DDevice_SetRenderState_Simple(D3DSIMPLERENDERSTATEENCODE[state], value);
		D3D__RenderState[state]= value;
	}
	else if (state < D3DRS_DEFERRED_MAX)
	{
		D3DDevice_SetRenderState_Deferred(state, value);
	}
	else if (state == D3DRS_PSTEXTUREMODES)
	{
		D3DDevice_SetRenderState_PSTextureModes(value);
	}
	else if (state == D3DRS_VERTEXBLEND)
	{
		D3DDevice_SetRenderState_VertexBlend(value);
	}
	else if (state == D3DRS_FOGCOLOR)
	{
		D3DDevice_SetRenderState_FogColor(value);
	}
	else if (state == D3DRS_FILLMODE)
	{
		D3DDevice_SetRenderState_FillMode(value);
	}
	else if (state == D3DRS_BACKFILLMODE)
	{
		D3DDevice_SetRenderState_BackFillMode(value);
	}
	else if (state == D3DRS_TWOSIDEDLIGHTING)
	{
		D3DDevice_SetRenderState_TwoSidedLighting(value);
	}
	else if (state == D3DRS_NORMALIZENORMALS)
	{
		D3DDevice_SetRenderState_NormalizeNormals(value);
	}
	else if (state == D3DRS_ZENABLE)
	{
		D3DDevice_SetRenderState_ZEnable(value);
	}
	else if (state == D3DRS_STENCILENABLE)
	{
		D3DDevice_SetRenderState_StencilEnable(value);
	}
	else if (state == D3DRS_STENCILFAIL)
	{
		D3DDevice_SetRenderState_StencilFail(value);
	}
	else if (state == D3DRS_CULLMODE)
	{
		D3DDevice_SetRenderState_CullMode(value);
	}
	else if (state == D3DRS_FRONTFACE)
	{
		D3DDevice_SetRenderState_FrontFace(value);
	}
	else if (state == D3DRS_TEXTUREFACTOR)
	{
		D3DDevice_SetRenderState_TextureFactor(value);
	}
	else if (state == D3DRS_ZBIAS)
	{
		D3DDevice_SetRenderState_ZBias(value);
	}
	else if (state == D3DRS_LOGICOP)
	{
		D3DDevice_SetRenderState_LogicOp(value);
	}
	else if (state == D3DRS_EDGEANTIALIAS)
	{
		D3DDevice_SetRenderState_EdgeAntiAlias(value);
	}
	else if (state == D3DRS_MULTISAMPLEANTIALIAS)
	{
		D3DDevice_SetRenderState_MultiSampleAntiAlias(value);
	}
	else if (state == D3DRS_MULTISAMPLEMASK)
	{
		D3DDevice_SetRenderState_MultiSampleMask(value);
	}
	else if (state == D3DRS_MULTISAMPLETYPE)
	{
		D3DDevice_SetRenderState_MultiSampleType(value);
	}
	else if (state == D3DRS_SHADOWFUNC)
	{
		D3DDevice_SetRenderState_ShadowFunc(value);
	}
	else if (state == D3DRS_LINEWIDTH)
	{
		D3DDevice_SetRenderState_LineWidth(value);
	}
	else if (state == D3DRS_DXT1NOISEENABLE)
	{
		D3DDevice_SetRenderState_Dxt1NoiseEnable(value);
	}
	else if (state == D3DRS_YUVENABLE)
	{
		D3DDevice_SetRenderState_YuvEnable(value);
	}
	else if (state == D3DRS_OCCLUSIONCULLENABLE)
	{
		D3DDevice_SetRenderState_OcclusionCullEnable(value);
	}
	else if (state == D3DRS_STENCILCULLENABLE)
	{
		D3DDevice_SetRenderState_StencilCullEnable(value);
	}
	else if (state == D3DRS_ROPZCMPALWAYSREAD)
	{
		D3DDevice_SetRenderState_RopZCmpAlwaysRead(value);
	}
	else if (state == D3DRS_ROPZREAD)
	{
		D3DDevice_SetRenderState_RopZRead(value);
	}
	else if (state == D3DRS_DONOTCULLUNCOMPRESSED)
	{
		D3DDevice_SetRenderState_DoNotCullUncompressed(value);
	}

	return;
}

void SetTextureStageStateSmart(
	unsigned long stage,
	D3DTEXTURESTAGESTATETYPE type,
	unsigned long value)
{
	if (type < D3DTSS_DEFERRED_MAX)
	{
		D3DDevice_SetTextureState_Deferred(stage, type, value);
	}
	else if (type == D3DTSS_TEXCOORDINDEX)
	{
		D3DDevice_SetTextureState_TexCoordIndex(stage, value);
	}
	else if (type == D3DTSS_BORDERCOLOR)
	{
		D3DDevice_SetTextureState_BorderColor(stage, value);
	}
	else if (type == D3DTSS_COLORKEYCOLOR)
	{
		D3DDevice_SetTextureState_ColorKeyColor(stage, value);
	}
	else if ((type >= D3DTSS_BUMPENVMAT00) && (type <= D3DTSS_BUMPENVLOFFSET))
	{
		D3DDevice_SetTextureState_BumpEnv(stage, type, value);
	}

	return;
}

void progress_bar_eachframe(
	void)
{
	unsigned long time= GetTickCount();
	long sound_index;

	if (progress_bar_restart)
	{
		progress_bar_globals.start_time= GetTickCount();
		progress_bar_restart= FALSE;
		progress_bar_mode.state= 1;
	}

	if (time - progress_bar_globals.start_time>1000)
	{
		last_t= 0;
		if (progress_bar_mode.texture0)
		{
			IDirect3DResource8_Release((D3DResource *)progress_bar_mode.texture0);
			progress_bar_mode.texture0= NULL;
		}
		if (progress_bar_mode.texture1)
		{
			IDirect3DResource8_Release((D3DResource *)progress_bar_mode.texture1);
			progress_bar_mode.texture1= NULL;
		}
		if (progress_bar_mode.texture0)
		{
			IDirect3DResource8_Release((D3DResource *)progress_bar_mode.texture0);
			progress_bar_mode.texture0= NULL;
		}
		for (sound_index= 0; sound_index<NUMBER_OF_PROGRESS_BAR_SOUNDS; sound_index++)
		{
			if (progress_bar_globals.sounds[sound_index])
			{
				IDirectSoundBuffer_Stop(progress_bar_globals.sounds[sound_index]);
				IDirectSoundBuffer_Release(progress_bar_globals.sounds[sound_index]);
				progress_bar_globals.sounds[sound_index]= NULL;
			}
		}
	}

	return;
}

void progress_bar_display(
	real progress)
{
#line 827 "c:\\halo\\SOURCE\\interface\\progress_bar.c"
	match_assert(__FILE__, __LINE__, (progress>=0.f) && (progress<=1.f));

	if (progress_bar_mode.active && progress>0.f)
	{
		if (!progress_bar_mode.texture0)
		{
			progress_bar_setup();
			progress_bar_globals.initial_progress= progress;
		}

		if (progress_bar_rendering_enabled)
		{
			progress_bar_draw((progress - progress_bar_globals.initial_progress) /
				(1.f - progress_bar_globals.initial_progress));
		}
	}

	return;
}

/* ---------- private code */

void to_screen(
	real x,
	real y,
	real z,
	real *screen_x,
	real *screen_y)
{
	D3DXVECTOR4 input;
	D3DXVECTOR4 output;

	input.x = x;
	input.y = y;
	input.z = z;
	input.w = 1.0f;
	D3DXVec4Transform(&output, &input, &progress_bar_globals.screen_transform);
	*screen_x = output.x / output.w;
	*screen_y = output.y / output.w;
	return;
}

static void draw_gravy_layer(
	struct gravy_layer const *layer,
	real_rgb_color const *color,
	real alpha,
	real progress)
{
	struct gravy_rectangle2d rect;
	real half_width= layer->texture_width*0.5f;
	real half_height= layer->texture_height*0.5f;

	generate_gravy_rect(layer, &rect);
	IDirect3DDevice8_Begin(global_d3d_device, D3DPT_TRIANGLEFAN);
	IDirect3DDevice8_SetVertexData4f(global_d3d_device, D3DVSDE_DIFFUSE,
		color->red, color->green, color->blue, alpha);
	gen_mask_coord(0.f, 0.f, progress);
	IDirect3DDevice8_SetVertexData2f(global_d3d_device, D3DVSDE_TEXCOORD0, 0.f, half_height);
	IDirect3DDevice8_SetVertexData4f(global_d3d_device, D3DVSDE_VERTEX, rect.x0, rect.y0, 0.5f, 1.f);
	gen_mask_coord(640.f, 0.f, progress);
	IDirect3DDevice8_SetVertexData2f(global_d3d_device, D3DVSDE_TEXCOORD0, half_width, half_height);
	IDirect3DDevice8_SetVertexData4f(global_d3d_device, D3DVSDE_VERTEX, rect.x1, rect.y0, 0.5f, 1.f);
	gen_mask_coord(640.f, 480.f, progress);
	IDirect3DDevice8_SetVertexData2f(global_d3d_device, D3DVSDE_TEXCOORD0, half_width, 0.f);
	IDirect3DDevice8_SetVertexData4f(global_d3d_device, D3DVSDE_VERTEX, rect.x1, rect.y1, 0.5f, 1.f);
	gen_mask_coord(0.f, 480.f, progress);
	IDirect3DDevice8_SetVertexData2f(global_d3d_device, D3DVSDE_TEXCOORD0, 0.f, 0.f);
	IDirect3DDevice8_SetVertexData4f(global_d3d_device, D3DVSDE_VERTEX, rect.x0, rect.y1, 0.5f, 1.f);
	IDirect3DDevice8_End(global_d3d_device);

	return;
}

void draw_gravy_screen_layer(
	real distance,
	real alpha,
	real_rgb_color const *color,
	real progress)
{
	struct gravy_layer layer;

	layer.texture_width= 640.f;
	layer.texture_height= 480.f;
	layer.x= 0.f;
	layer.y= 0.f;
	layer.half_width= (real)fabs(640.0/2.0);
	layer.half_height= (real)fabs(480.0/2.0);
	layer.distance= distance;
	draw_gravy_layer(&layer, color, alpha, progress);

	return;
}

static void draw_gravy_base_layer(
	real_rgb_color const *color,
	real progress)
{
	struct gravy_layer layer;

	layer.texture_width= 640.f;
	layer.texture_height= 480.f;
	layer.x= 0.f;
	layer.y= 0.f;
	layer.half_width= (real)fabs(640.0/2.0);
	layer.half_height= (real)fabs(480.0/2.0);
	layer.distance= 0.f;
	draw_gravy_layer(&layer, color, 1.f, progress);

	return;
}

void set_blur_texture_coordinates(
	real x,
	real y)
{
	D3DDevice_SetVertexData2f(D3DVSDE_TEXCOORD0, x - blur_offset, blur_offset + y);
	D3DDevice_SetVertexData2f(D3DVSDE_TEXCOORD1, x - blur_offset, y - blur_offset);
	D3DDevice_SetVertexData2f(D3DVSDE_TEXCOORD2, blur_offset + x, y - blur_offset);
	D3DDevice_SetVertexData2f(D3DVSDE_TEXCOORD3, blur_offset + x, blur_offset + y);

	return;
}

void draw_fullscreen_blur(
	real x_offset,
	real y_offset,
	real alpha)
{
	real left, right, top, bottom;

	IDirect3DDevice8_Begin(global_d3d_device, D3DPT_TRIANGLEFAN);
	IDirect3DDevice8_SetVertexData4f(global_d3d_device, D3DVSDE_DIFFUSE,
		254.f/255.f, 254.f/255.f, 1.f, alpha);
	set_blur_texture_coordinates(3.f, 0.f);
	top= 1.f + (1.f - y_offset)/128.f;
	left= (-1.f - x_offset)/128.f - 1.f;
	IDirect3DDevice8_SetVertexData4f(global_d3d_device, D3DVSDE_VERTEX, left, top, 0.5f, 1.f);
	set_blur_texture_coordinates(637.f, 0.f);
	right= 1.f + (1.f - x_offset)/128.f;
	IDirect3DDevice8_SetVertexData4f(global_d3d_device, D3DVSDE_VERTEX, right, top, 0.5f, 1.f);
	set_blur_texture_coordinates(637.f, 480.f);
	bottom= (-1.f - y_offset)/128.f - 1.f;
	IDirect3DDevice8_SetVertexData4f(global_d3d_device, D3DVSDE_VERTEX, right, bottom, 0.5f, 1.f);
	set_blur_texture_coordinates(3.f, 480.f);
	IDirect3DDevice8_SetVertexData4f(global_d3d_device, D3DVSDE_VERTEX, left, bottom, 0.5f, 1.f);
	IDirect3DDevice8_End(global_d3d_device);

	return;
}

void generate_gravy_rect(
	struct gravy_layer const *layer,
	struct gravy_rectangle2d *rect)
{
	to_screen(layer->x - layer->half_width, layer->y - layer->half_height,
		1000.f - layer->distance, &rect->x0, &rect->y0);
	to_screen(layer->x + layer->half_width, layer->y + layer->half_height,
		1000.f - layer->distance, &rect->x1, &rect->y1);
#line 898 "c:\\halo\\SOURCE\\interface\\progress_bar.c"
	match_assert(__FILE__, __LINE__, rect->x0 < rect->x1);
	match_assert(__FILE__, __LINE__, rect->y0 < rect->y1);

	return;
}

static void progress_bar_alias_surface_texture(
	D3DBaseTexture *texture,
	D3DSurface const *surface)
{
	texture->Common= 0x00040005;
	texture->Data= surface->Data;
	texture->Lock= 0;
	texture->Size= 0x271df27f;
	texture->Format= 0x00011229;

	return;
}

static void progress_bar_draw(
	real progress)
{
	real ranges[NUMBER_OF_PROGRESS_BAR_SOUNDS][2]= {{0.f, 1.f}, {0.4f, 1.f}, {0.5f, 1.f}, {0.55f, 1.f}};
	real volumes[NUMBER_OF_PROGRESS_BAR_SOUNDS]= {3500.f, 4500.f, 3500.f, 4500.f};
	D3DBaseTexture back_buffer_texture;
	real_rgb_color color;
	D3DSurface *back_buffer;
	real t;
	long sound_index;
	long stage;

	wobble_phase+= 0.01f;
	progress= (real)((sin(wobble_phase)*0.05 + progress - last_t)*0.2 + last_t);
	if (progress>1.0)
		progress= 1.f;
	last_t= progress;
	color.red= color.green= color.blue= (real)pow(sin(progress*3.14159), 0.9f);
	for (sound_index= 0; sound_index<NUMBER_OF_PROGRESS_BAR_SOUNDS; sound_index++)
	{
		if (progress<ranges[sound_index][0])
			t= 0.f;
		else if (progress>ranges[sound_index][1])
			t= 0.f;
		else
			t= (progress - ranges[sound_index][0])/(ranges[sound_index][1] - ranges[sound_index][0]);
		if (progress_bar_globals.sounds[sound_index])
		{
			IDirectSoundBuffer_SetVolume(progress_bar_globals.sounds[sound_index],
				(long)((real)pow(sin(t*3.1415), 0.3f)*volumes[sound_index] - 5000.f));
		}
	}

	current_time= GetTickCount();
	IDirect3DDevice8_GetTransform(global_d3d_device, D3DTS_WORLD, &progress_bar_globals.saved_world);
	IDirect3DDevice8_GetTransform(global_d3d_device, D3DTS_VIEW, &progress_bar_globals.saved_view);
	IDirect3DDevice8_GetTransform(global_d3d_device, D3DTS_PROJECTION, &progress_bar_globals.saved_projection);
	IDirect3DDevice8_SetTransform(global_d3d_device, D3DTS_WORLD, &progress_bar_globals.world);
	IDirect3DDevice8_SetTransform(global_d3d_device, D3DTS_VIEW, &progress_bar_globals.view);
	IDirect3DDevice8_SetTransform(global_d3d_device, D3DTS_PROJECTION, &progress_bar_globals.projection);
	IDirect3DDevice8_SetRenderState(global_d3d_device, D3DRS_ALPHABLENDENABLE, TRUE);
	IDirect3DDevice8_SetRenderState(global_d3d_device, D3DRS_SRCBLEND, D3DBLEND_SRCALPHA);
	IDirect3DDevice8_SetRenderState(global_d3d_device, D3DRS_DESTBLEND, D3DBLEND_ONE);
	IDirect3DDevice8_SetRenderState(global_d3d_device, D3DRS_CULLMODE, D3DCULL_NONE);
	IDirect3DDevice8_SetRenderState(global_d3d_device, D3DRS_ZENABLE, FALSE);
	IDirect3DDevice8_SetRenderState(global_d3d_device, D3DRS_LIGHTING, FALSE);
	IDirect3DDevice8_SetTextureStageState(global_d3d_device, 0, D3DTSS_MINFILTER, D3DTEXF_LINEAR);
	IDirect3DDevice8_SetTextureStageState(global_d3d_device, 0, D3DTSS_MAGFILTER, D3DTEXF_LINEAR);
	IDirect3DDevice8_SetTextureStageState(global_d3d_device, 0, D3DTSS_MIPFILTER, D3DTEXF_POINT);
	IDirect3DDevice8_SetTextureStageState(global_d3d_device, 0, D3DTSS_ADDRESSU, D3DTADDRESS_CLAMP);
	IDirect3DDevice8_SetTextureStageState(global_d3d_device, 0, D3DTSS_ADDRESSV, D3DTADDRESS_CLAMP);
	IDirect3DDevice8_SetTextureStageState(global_d3d_device, 1, D3DTSS_MINFILTER, D3DTEXF_LINEAR);
	IDirect3DDevice8_SetTextureStageState(global_d3d_device, 1, D3DTSS_MAGFILTER, D3DTEXF_LINEAR);
	IDirect3DDevice8_SetTextureStageState(global_d3d_device, 1, D3DTSS_MIPFILTER, D3DTEXF_POINT);
	IDirect3DDevice8_SetTextureStageState(global_d3d_device, 1, D3DTSS_ADDRESSU, D3DTADDRESS_WRAP);
	IDirect3DDevice8_SetTextureStageState(global_d3d_device, 1, D3DTSS_ADDRESSV, D3DTADDRESS_WRAP);
	IDirect3DDevice8_SetTextureStageState(global_d3d_device, 2, D3DTSS_MINFILTER, D3DTEXF_LINEAR);
	IDirect3DDevice8_SetTextureStageState(global_d3d_device, 2, D3DTSS_MAGFILTER, D3DTEXF_LINEAR);
	IDirect3DDevice8_SetTextureStageState(global_d3d_device, 2, D3DTSS_MIPFILTER, D3DTEXF_POINT);
	IDirect3DDevice8_SetTextureStageState(global_d3d_device, 2, D3DTSS_ADDRESSU, D3DTADDRESS_WRAP);
	IDirect3DDevice8_SetTextureStageState(global_d3d_device, 2, D3DTSS_ADDRESSV, D3DTADDRESS_WRAP);
	IDirect3DDevice8_SetTexture(global_d3d_device, 0, (D3DBaseTexture *)progress_bar_mode.texture0);
	IDirect3DDevice8_Clear(global_d3d_device, 0, NULL, 0xf0, 0, 1.f, 0);
	IDirect3DDevice8_SetVertexShader(global_d3d_device, 0);
	IDirect3DDevice8_SetPixelShaderProgram(global_d3d_device, (D3DPIXELSHADERDEF *)&blur_shader);
	IDirect3DDevice8_GetBackBuffer(global_d3d_device, -1, 0, &back_buffer);
	progress_bar_alias_surface_texture(&back_buffer_texture, back_buffer);
	for (stage= 0; stage<4; stage++)
	{
		IDirect3DDevice8_SetTextureStageState(global_d3d_device, stage, D3DTSS_MINFILTER, D3DTEXF_LINEAR);
		IDirect3DDevice8_SetTextureStageState(global_d3d_device, stage, D3DTSS_MAGFILTER, D3DTEXF_LINEAR);
		IDirect3DDevice8_SetTextureStageState(global_d3d_device, stage, D3DTSS_MIPFILTER, D3DTEXF_POINT);
		IDirect3DDevice8_SetTextureStageState(global_d3d_device, stage, D3DTSS_ADDRESSU, D3DTADDRESS_CLAMP);
		IDirect3DDevice8_SetTextureStageState(global_d3d_device, stage, D3DTSS_ADDRESSV, D3DTADDRESS_CLAMP);
		IDirect3DDevice8_SetTexture(global_d3d_device, stage, &back_buffer_texture);
	}

	if (progress<0.9f)
		draw_fullscreen_blur(0.f, 0.f, 0.9f);
	else
		draw_fullscreen_blur(0.f, 0.f, 0.9f - (progress - 0.9f)*9.f);
	IDirect3DDevice8_SetTexture(global_d3d_device, 0, (D3DBaseTexture *)progress_bar_mode.texture0);
	IDirect3DDevice8_SetTexture(global_d3d_device, 1, (D3DBaseTexture *)progress_bar_mode.texture1);
	IDirect3DDevice8_SetTextureStageState(global_d3d_device, 1, D3DTSS_BORDERCOLOR, 0x05050505);
	IDirect3DDevice8_SetTextureStageState(global_d3d_device, 1, D3DTSS_ADDRESSU, D3DTADDRESS_BORDER);
	IDirect3DDevice8_SetTextureStageState(global_d3d_device, 1, D3DTSS_ADDRESSV, D3DTADDRESS_CLAMP);
	IDirect3DDevice8_SetPixelShaderProgram(global_d3d_device, (D3DPIXELSHADERDEF *)&regular_shader);
	draw_gravy_base_layer(&color, progress);
	for (stage= 0; stage<4; stage++)
		IDirect3DDevice8_SetTexture(global_d3d_device, stage, NULL);
	IDirect3DDevice8_SetTransform(global_d3d_device, D3DTS_WORLD, &progress_bar_globals.saved_world);
	IDirect3DDevice8_SetTransform(global_d3d_device, D3DTS_VIEW, &progress_bar_globals.saved_view);
	IDirect3DDevice8_SetTransform(global_d3d_device, D3DTS_PROJECTION, &progress_bar_globals.saved_projection);
	IDirect3DDevice8_BlockUntilVerticalBlank(global_d3d_device);

	return;
}

/* January retains this private step with an empty body (name from the 2001-09-25
 * Xbox linker maps, where it sits between the loading and mask textures).
 */
static void progress_bar_create_noise_texture(
	void)
{
	return;
}

static void progress_bar_build_glow_texture(
	void)
{
	D3DLOCKED_RECT locked_rect;
	unsigned long *pixel;
	long x, y;

	IDirect3DDevice8_CreateTexture(global_d3d_device, 128, 16, 1, 0, D3DFMT_LIN_A8B8G8R8, 0,
		&progress_bar_mode.texture1);
	IDirect3DTexture8_LockRect(progress_bar_mode.texture1, 0, &locked_rect, NULL, 0);
	pixel= locked_rect.pBits;
	for (y= 0; y<16; y++)
	{
		double glow= pow(sin(3.1415f*(y*(1.f/15.f))), 0.75);

		for (x= 0; x<128; x++)
		{
			byte intensity= (byte)(((real)(sin(3.1415f*(x*(1.f/127.f)))*
				glow)*(250.f/255.f) + 5.f/255.f)*255.f);

			*pixel= (intensity<<24) | (intensity<<16) | (intensity<<8) | intensity;
			pixel++;
		}
	}
	IDirect3DTexture8_UnlockRect(progress_bar_mode.texture1, 0);

	return;
}

static void progress_bar_setup(
	void)
{
	DSBUFFERDESC buffer_description;
	XBOXADPCMWAVEFORMAT wave_format;
	IDirect3DSurface8 *front_buffer;
	IDirect3DSurface8 *back_buffer;
	IDirect3DSurface8 *depth_buffer;
	long sound_index;

	D3DXMatrixIdentity(&progress_bar_globals.world);
	D3DXMatrixIdentity(&progress_bar_globals.view);
	D3DXMatrixOrthoLH(&progress_bar_globals.projection, 2.f, 2.f, -1.f, 2.f);
	D3DXMatrixPerspectiveLH(&progress_bar_globals.screen_transform, 0.64f, 0.48f, 1.f, 1000.f);
	progress_bar_load_loading_texture(&progress_bar_mode.texture0);
	progress_bar_create_noise_texture();
	progress_bar_build_glow_texture();
	IDirect3DDevice8_SetRenderState(global_d3d_device, D3DRS_ALPHABLENDENABLE, TRUE);
	IDirect3DDevice8_SetRenderState(global_d3d_device, D3DRS_SRCBLEND, D3DBLEND_SRCALPHA);
	IDirect3DDevice8_SetRenderState(global_d3d_device, D3DRS_DESTBLEND, D3DBLEND_ONE);
	IDirect3DDevice8_SetRenderState(global_d3d_device, D3DRS_CULLMODE, D3DCULL_NONE);
	IDirect3DDevice8_SetRenderState(global_d3d_device, D3DRS_ZENABLE, FALSE);
	IDirect3DDevice8_SetRenderState(global_d3d_device, D3DRS_LIGHTING, FALSE);
	IDirect3DDevice8_SetTexture(global_d3d_device, 0, (D3DBaseTexture *)progress_bar_mode.texture0);
	IDirect3DDevice8_SetTextureStageState(global_d3d_device, 0, D3DTSS_MINFILTER, D3DTEXF_LINEAR);
	IDirect3DDevice8_SetTextureStageState(global_d3d_device, 0, D3DTSS_MAGFILTER, D3DTEXF_LINEAR);
	IDirect3DDevice8_SetTextureStageState(global_d3d_device, 0, D3DTSS_MIPFILTER, D3DTEXF_POINT);
	IDirect3DDevice8_SetTextureStageState(global_d3d_device, 0, D3DTSS_ADDRESSU, D3DTADDRESS_CLAMP);
	IDirect3DDevice8_SetTextureStageState(global_d3d_device, 0, D3DTSS_ADDRESSV, D3DTADDRESS_CLAMP);

	csmemset(&blur_shader, 0, sizeof(struct pixel_shader_definition));
	blur_shader.texture_modes= 0x8421;
	blur_shader.combiner_count= 3;
	blur_shader.rgb_inputs[0]= 0x08a009a0;
	blur_shader.rgb_outputs[0]= 0x00000c00;
	blur_shader.rgb_inputs[1]= 0x0aa00ba0;
	blur_shader.rgb_outputs[1]= 0x00000d00;
	blur_shader.rgb_inputs[2]= 0x0ca00da0;
	blur_shader.rgb_outputs[2]= 0x00000c00;
	blur_shader.alpha_inputs[0]= 0x14200000;
	blur_shader.alpha_outputs[0]= 0x000000c0;
	blur_shader.final_combiner_inputs_abcd= 0x0000000c;
	blur_shader.final_combiner_inputs_efg= 0x00001c00;

	csmemset(&regular_shader, 0, sizeof(struct pixel_shader_definition));
	regular_shader.texture_modes= 0x21;
	regular_shader.combiner_count= 1;
	regular_shader.rgb_inputs[0]= 0x08040000;
	regular_shader.rgb_outputs[0]= 0x000000c0;
	regular_shader.alpha_inputs[0]= 0x14190000;
	regular_shader.alpha_outputs[0]= 0x000000c0;
	regular_shader.final_combiner_inputs_abcd= 0x200c0000;
	regular_shader.final_combiner_inputs_efg= 0x00001c00;

	wave_format.wfx.wFormatTag= WAVE_FORMAT_XBOX_ADPCM;
	wave_format.wfx.wBitsPerSample= 4;
	wave_format.wfx.nChannels= 1;
	wave_format.wfx.nBlockAlign= 36;
	wave_format.wfx.nSamplesPerSec= 22050;
	wave_format.wfx.nAvgBytesPerSec= 12384;
	wave_format.wfx.cbSize= 2;
	wave_format.wSamplesPerBlock= 64;
	csmemset(&buffer_description, 0, sizeof(buffer_description));
	buffer_description.dwSize= sizeof(buffer_description);
	buffer_description.dwFlags= DSBCAPS_LOCDEFER|DSBCAPS_CTRLPOSITIONNOTIFY;
	buffer_description.dwBufferBytes= 0;
	buffer_description.lpwfxFormat= &wave_format.wfx;

	for (sound_index= 0; sound_index<NUMBER_OF_PROGRESS_BAR_SOUNDS; sound_index++)
	{
		if (DirectSoundCreateBuffer(&buffer_description, &progress_bar_globals.sounds[sound_index])<0)
			return;
		IDirectSoundBuffer_SetBufferData(progress_bar_globals.sounds[sound_index], compressed_monk_tone,
			sizeof(compressed_monk_tone));
		IDirectSoundBuffer_SetLoopRegion(progress_bar_globals.sounds[sound_index], 0,
			sizeof(compressed_monk_tone));
		IDirectSoundBuffer_SetCurrentPosition(progress_bar_globals.sounds[sound_index], 0);
		IDirectSoundBuffer_SetVolume(progress_bar_globals.sounds[sound_index], -5000);
		IDirectSoundBuffer_Play(progress_bar_globals.sounds[sound_index], 0, 0, DSBPLAY_LOOPING);
	}

	IDirectSoundBuffer_SetPitch(progress_bar_globals.sounds[0], -4681);
	IDirectSoundBuffer_SetPitch(progress_bar_globals.sounds[1], -6386);
	IDirectSoundBuffer_SetPitch(progress_bar_globals.sounds[2], -3999);
	IDirectSoundBuffer_SetPitch(progress_bar_globals.sounds[3], -8773);

	if (progress_bar_mode.capture_frame)
	{
		progress_bar_mode.capture_frame= FALSE;
		IDirect3DDevice8_GetDepthStencilSurface(global_d3d_device, &depth_buffer);
		IDirect3DDevice8_GetBackBuffer(global_d3d_device, 0, 0, &front_buffer);
		IDirect3DDevice8_GetBackBuffer(global_d3d_device, -1, 0, &back_buffer);
		IDirect3DDevice8_SetRenderTarget(global_d3d_device, back_buffer, depth_buffer);
		IDirect3DDevice8_Clear(global_d3d_device, 0, NULL, 0xf0, 0, 0.f, 0);
		IDirect3DDevice8_SetRenderTarget(global_d3d_device, front_buffer, depth_buffer);
	}

	return;
}

static void progress_bar_load_loading_texture(
	IDirect3DTexture8 **texture)
{
	D3DSURFACE_DESC surface_description;
	char map_directory[40];
	char source_path[40];
	struct tga_image image;
	D3DLOCKED_RECT locked_rect;
	unsigned long *pixels;
	FILE *file;

	IDirect3DDevice8_CreateTexture(global_d3d_device, 320, 240, 1, 0, D3DFMT_LIN_A8B8G8R8, 0, texture);
	IDirect3DTexture8_LockRect(*texture, 0, &locked_rect, NULL, 0);
	IDirect3DTexture8_GetLevelDesc(*texture, 0, &surface_description);
	pixels= locked_rect.pBits;
	csstrcpy(map_directory, cache_files_map_directory());
	sprintf(source_path, "z%sloading.tga", map_directory + 1);
	file= fopen(source_path, "rb");
	if (file)
	{
		tgaLoadHeader(file, &image);
		image.pixels= pixels;
		tgaLoadImageData(file, &image);
		fclose(file);
	}
	IDirect3DTexture8_UnlockRect(*texture, 0);

	return;
}

boolean progress_bar_screen_initialized(
	void)
{
	boolean result;

	result= progress_bar_mode.texture0 != NULL;

	return result;
}

void gen_cloud_coord(
	real x,
	real y,
	real offset)
{
	D3DDevice_SetVertexData2f(10, x*32.f + offset, y*20.f);

	return;
}

void gen_mask_coord(
	real x,
	real y,
	real mask_position)
{
	D3DDevice_SetVertexData2f(10, x - (mask_position*768.f - 64.f - 64.f), y*0.033333335f);

	return;
}
