/*
Generated from the January target object's immutable Xbox vertex-shader
microcode payload.  Size: 0x8744 bytes.  SHA-256:
ecd7c682d76eb1c72f5fac8b47893bedc278eccb3fa6bd68bded2ee1462b4dd6
*/
	0x00072078, 0x00000000, 0x00C0001B, 0x0836186C,
	0x20708800, 0x00000000, 0x00C0201B, 0x0836186C,
	0x20704800, 0x00000000, 0x00C0401B, 0x0836186C,
	0x20702800, 0x00000000, 0x00C0601B, 0x0836186C,
	0x20701800, 0x00000000, 0x0020121B, 0x0836106C,
	0x2070F818, 0x00000000, 0x0647401B, 0xC4361BFF,
	0x1078E800, 0x00000000, 0x0087601B, 0xC400286C,
	0x3070E801, 0x00000000, 0x000C2078, 0x00000000,
	0x00C0001B, 0x0836186C, 0x20708800, 0x00000000,
	0x00C0201B, 0x0836186C, 0x20704800, 0x00000000,
	0x00C0401B, 0x0836186C, 0x20702800, 0x00000000,
	0x00C0601B, 0x0836186C, 0x20701800, 0x00000000,
	0x0020081B, 0x0836106C, 0x2070C848, 0x00000000,
	0x0020121B, 0x0836106C, 0x2070F818, 0x00000000,
	0x00C1001B, 0x0836186C, 0x22800FF8, 0x00000000,
	0x0647401B, 0xC4361BFF, 0x1078E800, 0x00000000,
	0x012008AA, 0x85FE106C, 0x22800FF8, 0x00000000,
	0x004160AA, 0x8400186C, 0x22800FF8, 0x00000000,
	0x016008AA, 0x85FE106C, 0x20701820, 0x00000000,
	0x0087601B, 0xC400286C, 0x3070E801, 0x00000000,
	0x001C2078, 0x00000000, 0x00D7001B, 0x0836186C,
	0x28000FF8, 0x00000000, 0x00D7201B, 0x0836186C,
	0x24000FF8, 0x00000000, 0x00D7401B, 0x0836186C,
	0x22000FF8, 0x00000000, 0x00E2281B, 0x0836186C,
	0x20708850, 0x00000000, 0x02C1281B, 0x0436186C,
	0x2880C84C, 0x00000000, 0x00C0001B, 0x0436186C,
	0x20708800, 0x00000000, 0x00C0201B, 0x0436186C,
	0x20704800, 0x00000000, 0x00C0401B, 0x0436186C,
	0x20702800, 0x00000000, 0x00C0601B, 0x0436186C,
	0x20701800, 0x00000000, 0x00E2481B, 0x0836186C,
	0x20704850, 0x00000000, 0x02C1521B, 0x0436186C,
	0x2480F824, 0x00000000, 0x00C1001B, 0x0436186C,
	0x22800FF8, 0x00000000, 0x006008FF, 0x0836146E,
	0x1C800FF8, 0x00000000, 0x0647401B, 0xC4361BFF,
	0x1078E800, 0x00000000, 0x0140081B, 0x8554106C,
	0x2E800FF8, 0x00000000, 0x0040001B, 0x8437086C,
	0x2C800FF8, 0x00000000, 0x0120081B, 0x85FE106C,
	0x2E800FF8, 0x00000000, 0x00600000, 0x84361156,
	0x18800FF8, 0x00000000, 0x004160AA, 0x8400186C,
	0x22800FF8, 0x00000000, 0x0120081B, 0x85FE106C,
	0x28800FF8, 0x00000000, 0x006008FF, 0x0836146E,
	0x1C800FF8, 0x00000000, 0x0087601B, 0xC400286C,
	0x3070E800, 0x00000000, 0x0040001B, 0x8437086C,
	0x2C800FF8, 0x00000000, 0x00600055, 0x84361402,
	0x14800FF8, 0x00000000, 0x00816055, 0x0CAB0802,
	0x11800FF8, 0x00000000, 0x004160FF, 0x8554186C,
	0x21800FF8, 0x00000000, 0x0060091B, 0x843613FC,
	0x23800FF8, 0x00000000, 0x004000AA, 0x85FF086C,
	0x20701819, 0x00000000, 0x00162078, 0x00000000,
	0x00C3801B, 0x0836186C, 0x20708800, 0x00000000,
	0x00C3A01B, 0x0836186C, 0x20704800, 0x00000000,
	0x00C3C01B, 0x0836186C, 0x20702800, 0x00000000,
	0x00C3E01B, 0x0836186C, 0x20701800, 0x00000000,
	0x0020121B, 0x0836106C, 0x2070F818, 0x00000000,
	0x00444000, 0x0C2A106C, 0x2CA00FF8, 0x00000000,
	0x0084481B, 0x08AA1856, 0x9CA00FF8, 0x00000000,
	0x0647401B, 0xC4361BFF, 0x1078E800, 0x00000000,
	0x0044A015, 0xA42A186C, 0x2CA00FF8, 0x00000000,
	0x00646015, 0xA43612FC, 0x3CA00FF8, 0x00000000,
	0x0087601B, 0xC400286C, 0x3070E800, 0x00000000,
	0x00440015, 0xA42A186C, 0x2070C848, 0x00000000,
	0x004440AA, 0x0C2A106C, 0x2CA00FF8, 0x00000000,
	0x0084481B, 0x09FE1856, 0x9CA00FF8, 0x00000000,
	0x0044A015, 0xA57E186C, 0x2CA00FF8, 0x00000000,
	0x00648015, 0xA4361054, 0x3CA00FF8, 0x00000000,
	0x00442015, 0xA42A186C, 0x2070C850, 0x00000000,
	0x00446000, 0x0C2A106C, 0x2CA00FF8, 0x00000000,
	0x0084681B, 0x08AA1856, 0x9CA00FF8, 0x00000000,
	0x0044C015, 0xA42A186C, 0x2CA00FF8, 0x00000000,
	0x00648015, 0xA43612FC, 0x3CA00FF8, 0x00000000,
	0x00442015, 0xA57E186C, 0x2070C859, 0x00000000,
	0x00082078, 0x00000000, 0x00C3801B, 0x0836186C,
	0x20708800, 0x00000000, 0x00C3A01B, 0x0836186C,
	0x20704800, 0x00000000, 0x00C3C01B, 0x0836186C,
	0x20702800, 0x00000000, 0x00C3E01B, 0x0836186C,
	0x20701800, 0x00000000, 0x0020121B, 0x0836106C,
	0x2070F818, 0x00000000, 0x0044081B, 0x0836186C,
	0x2070C848, 0x00000000, 0x0647401B, 0xC4361BFF,
	0x1078E800, 0x00000000, 0x0087601B, 0xC400286C,
	0x3070E801, 0x00000000, 0x00172078, 0x00000000,
	0x0040EA1B, 0x09FE186C, 0x2C000FF8, 0x00000000,
	0x01A00000, 0x0436106C, 0x20700FF8, 0x00000000,
	0x00478C00, 0x0836186C, 0x2F400FFA, 0x00000000,
	0x0047AC00, 0x0836186C, 0x2F500FFA, 0x00000000,
	0x0047CC00, 0x0836186C, 0x2F600FFA, 0x00000000,
	0x01A00055, 0x0436106C, 0x20700FF8, 0x00000000,
	0x00600CFF, 0x08361400, 0x28900FF8, 0x00000000,
	0x00C1A81B, 0x0836186C, 0x20708850, 0x00000000,
	0x00878000, 0x9436186D, 0x1F400FFA, 0x00000000,
	0x0087A000, 0x9436186D, 0x5F500FFA, 0x00000000,
	0x0087C000, 0x9436186D, 0x9F600FFA, 0x00000000,
	0x00C0001B, 0x0836886C, 0x28000FF8, 0x00000000,
	0x00C0001B, 0x0836A86C, 0x24000FF8, 0x00000000,
	0x00C0001B, 0x0836C86C, 0x22000FF8, 0x00000000,
	0x00C1C81B, 0x0836186C, 0x20704850, 0x00000000,
	0x00C0001B, 0x0436186C, 0x20708800, 0x00000000,
	0x00C0201B, 0x0436186C, 0x20704800, 0x00000000,
	0x00C0401B, 0x0436186C, 0x20702800, 0x00000000,
	0x00C0601B, 0x0436186C, 0x20701800, 0x00000000,
	0x00C1801B, 0x0436186C, 0x20709828, 0x00000000,
	0x00C1801B, 0x0436186C, 0x20708848, 0x00000000,
	0x0647401B, 0xC4361BFF, 0x1078E800, 0x00000000,
	0x0087601B, 0xC400286C, 0x3070E801, 0x00000000,
	0x00092078, 0x00000000, 0x00C0001B, 0x0836186C,
	0x20708800, 0x00000000, 0x00C0201B, 0x0836186C,
	0x20704800, 0x00000000, 0x00C0401B, 0x0836186C,
	0x20702800, 0x00000000, 0x00C0601B, 0x0836186C,
	0x20701800, 0x00000000, 0x00C1001B, 0x0836186C,
	0x20708848, 0x00000000, 0x00C1201B, 0x0836186C,
	0x20704850, 0x00000000, 0x00C1401B, 0x0836186C,
	0x20708850, 0x00000000, 0x0647401B, 0xC4361BFF,
	0x1078E800, 0x00000000, 0x0087601B, 0xC400286C,
	0x3070E801, 0x00000000, 0x00182078, 0x00000000,
	0x00C0001B, 0x0836186C, 0x20708800, 0x00000000,
	0x00C0201B, 0x0836186C, 0x20704800, 0x00000000,
	0x00C0401B, 0x0836186C, 0x20702800, 0x00000000,
	0x00C0601B, 0x0836186C, 0x20701800, 0x00000000,
	0x0020021B, 0x0836106C, 0x2E200FF8, 0x00000000,
	0x0020041B, 0x0836106C, 0x2E300FF8, 0x00000000,
	0x0020061B, 0x0836106C, 0x2E400FF8, 0x00000000,
	0x0060811B, 0x0836106C, 0x3E500FF8, 0x00000000,
	0x0080A01B, 0x45FE1BFC, 0x3070E818, 0x00000000,
	0x02A00E1B, 0x5436A86C, 0x2160E854, 0x00000000,
	0x00A0001B, 0x5436886C, 0x20708848, 0x00000000,
	0x08200E1B, 0x083613FD, 0x9E810FF8, 0x00000000,
	0x00A0001B, 0x8437086C, 0x20701820, 0x00000000,
	0x0040001B, 0x55FE286C, 0x2E700FF8, 0x00000000,
	0x0080A01B, 0x75FE1BFC, 0x3070E820, 0x00000000,
	0x00A0001B, 0x5436686C, 0x20704848, 0x00000000,
	0x00A0001B, 0x5436486C, 0x28902848, 0x00000000,
	0x00A00E1B, 0x0836886C, 0x20708858, 0x00000000,
	0x00A00E1B, 0x0836686C, 0x20704858, 0x00000000,
	0x00A00E1B, 0x0836486C, 0x20702858, 0x00000000,
	0x00400000, 0x9436486C, 0x2EA00FF8, 0x00000000,
	0x0080801A, 0xA5FE1C6D, 0x5070E860, 0x00000000,
	0x0647401B, 0xC4361BFF, 0x1078E800, 0x00000000,
	0x0087601B, 0xC400286C, 0x3070E801, 0x00000000,
	0x00082078, 0x00000000, 0x00C0001B, 0x0836186C,
	0x20708800, 0x00000000, 0x00C0201B, 0x0836186C,
	0x20704800, 0x00000000, 0x00C0401B, 0x0836186C,
	0x20702800, 0x00000000, 0x00C0601B, 0x0836186C,
	0x20701800, 0x00000000, 0x00C1801B, 0x0836186C,
	0x20709828, 0x00000000, 0x00C1801B, 0x0836186C,
	0x20708848, 0x00000000, 0x0647401B, 0xC4361BFF,
	0x1078E800, 0x00000000, 0x0087601B, 0xC400286C,
	0x3070E801, 0x00000000, 0x002D2078, 0x00000000,
	0x0040EA1B, 0x09FE186C, 0x2C200FF8, 0x00000000,
	0x03A0081B, 0x243612A8, 0x2070181C, 0x00000000,
	0x00478C00, 0x0836186C, 0x2F300FFA, 0x00000000,
	0x0047AC00, 0x0836186C, 0x2F400FFA, 0x00000000,
	0x0047CC00, 0x0836186C, 0x2F500FFA, 0x00000000,
	0x01A00055, 0x2436106C, 0x20700FF8, 0x00000000,
	0x00600CFF, 0x08361400, 0x28600FF8, 0x00000000,
	0x00878000, 0x6436186C, 0xDF700FFA, 0x00000000,
	0x0087A000, 0x6436186D, 0x1F800FFA, 0x00000000,
	0x0087C000, 0x6436186D, 0x5F900FFA, 0x00000000,
	0x00C0001B, 0x0836E86C, 0x28A00FF8, 0x00000000,
	0x00C0001B, 0x0837086C, 0x24A00FF8, 0x00000000,
	0x00C0001B, 0x0837286C, 0x22A00FF8, 0x00000000,
	0x00A0021B, 0x0836E86C, 0x28B00FF8, 0x00000000,
	0x00A0021B, 0x0837086C, 0x24B00FF8, 0x00000000,
	0x00A0021B, 0x0837286C, 0x22B00FF8, 0x00000000,
	0x0060811B, 0xA436106C, 0x3E200FF8, 0x00000000,
	0x0041801B, 0xB5FE186C, 0x2E000FF8, 0x00000000,
	0x00A0001B, 0x2436086C, 0x28300FF8, 0x00000000,
	0x00A2E01B, 0x0636186C, 0x28600FF8, 0x00000000,
	0x00400000, 0x3436086C, 0x2E400FF8, 0x00000000,
	0x0080801A, 0x45FE1C6C, 0x9E500FF8, 0x00000000,
	0x00A3201B, 0x0636186C, 0x24800FF8, 0x00000000,
	0x0241C100, 0x6554186D, 0x5170E864, 0x00000000,
	0x01400000, 0x65FEE86C, 0x28800FF8, 0x00000000,
	0x0140081B, 0x8554106C, 0x2C900FF8, 0x00000000,
	0x0023601B, 0x0C36106C, 0x2EB00FF8, 0x00000000,
	0x00830000, 0x9436186E, 0xDE300FF8, 0x00000000,
	0x00834055, 0x9436186C, 0xD070E818, 0x00000000,
	0x00C0001B, 0xA436186C, 0x20708800, 0x00000000,
	0x00C0201B, 0xA436186C, 0x20704800, 0x00000000,
	0x00C0401B, 0xA436186C, 0x20702800, 0x00000000,
	0x00C0601B, 0xA436186C, 0x20701800, 0x00000000,
	0x00C1001B, 0xA436186C, 0x20709828, 0x00000000,
	0x00C1A81B, 0x0836186C, 0x28300FF8, 0x00000000,
	0x00C1C81B, 0x0836186C, 0x24300FF8, 0x00000000,
	0x0647401B, 0xC4361BFF, 0x1078E800, 0x00000000,
	0x02A0001B, 0x2436486C, 0xD120C84C, 0x00000000,
	0x0020001B, 0x3436106C, 0x2070C858, 0x00000000,
	0x0841801B, 0x34361BFC, 0x9011C850, 0x00000000,
	0x0087601B, 0xC400286C, 0x3070E800, 0x00000000,
	0x0040001B, 0x25FE286C, 0x2E300FF8, 0x00000000,
	0x00A0001B, 0x3436086C, 0x2F400FF8, 0x00000000,
	0x0041E01B, 0x4436186C, 0x2F500FF8, 0x00000000,
	0x0062001B, 0x5436106C, 0x3070F821, 0x00000000,
	0x00422078, 0x00000000, 0x0040EA1B, 0x09FE186C,
	0x2C200FF8, 0x00000000, 0x03A0081B, 0x243612A8,
	0x2070181C, 0x00000000, 0x00478C00, 0x0836186C,
	0x2F300FFA, 0x00000000, 0x0047AC00, 0x0836186C,
	0x2F400FFA, 0x00000000, 0x0047CC00, 0x0836186C,
	0x2F500FFA, 0x00000000, 0x01A00055, 0x2436106C,
	0x20700FF8, 0x00000000, 0x00600CFF, 0x08361400,
	0x28600FF8, 0x00000000, 0x00878000, 0x6436186C,
	0xDF700FFA, 0x00000000, 0x0087A000, 0x6436186D,
	0x1F800FFA, 0x00000000, 0x0087C000, 0x6436186D,
	0x5F900FFA, 0x00000000, 0x00C0001B, 0x0836E86C,
	0x28A00FF8, 0x00000000, 0x00C0001B, 0x0837086C,
	0x24A00FF8, 0x00000000, 0x00C0001B, 0x0837286C,
	0x22A00FF8, 0x00000000, 0x00A0021B, 0x0836E86C,
	0x28B00FF8, 0x00000000, 0x00A0021B, 0x0837086C,
	0x24B00FF8, 0x00000000, 0x00A0021B, 0x0837286C,
	0x22B00FF8, 0x00000000, 0x0060811B, 0xA436106C,
	0x3E200FF8, 0x00000000, 0x0041801B, 0xB5FE186C,
	0x2E000FF8, 0x00000000, 0x00A0001B, 0x2436086C,
	0x28300FF8, 0x00000000, 0x0062201B, 0x0C36146E,
	0x9E600FF8, 0x00000000, 0x00400000, 0x3436086C,
	0x2E400FF8, 0x00000000, 0x0080801A, 0x45FE1C6C,
	0x9E500FF8, 0x00000000, 0x0062801B, 0x0C36146E,
	0x9E300FF8, 0x00000000, 0x02A0001B, 0x6436C86D,
	0x5170E864, 0x00000000, 0x00A2E01B, 0x0636186C,
	0x22700FF8, 0x00000000, 0x08A0001B, 0x34366BFD,
	0xD1310FF8, 0x00000000, 0x008228FF, 0x77FE1BFC,
	0x28900FF8, 0x00000000, 0x0040001B, 0x65FE286C,
	0x2E800FF8, 0x00000000, 0x08A0001B, 0x84360BFC,
	0xD8B10FF8, 0x00000000, 0x00A2401B, 0x8636186C,
	0x21000FF8, 0x00000000, 0x0040001B, 0x35FE286C,
	0x2E400FF8, 0x00000000, 0x004240FF, 0x05FE186C,
	0x21200FF8, 0x00000000, 0x006260FF, 0x243613FC,
	0x32B00FF8, 0x00000000, 0x008288FF, 0x37FE1BFC,
	0x24900FF8, 0x00000000, 0x00A0001B, 0x4436086C,
	0x24B00FF8, 0x00000000, 0x00A2A01B, 0x4636186C,
	0x21500FF8, 0x00000000, 0x0041C1AA, 0x7554186C,
	0x21800FF8, 0x00000000, 0x0042A0FF, 0x55FE186C,
	0x21600FF8, 0x00000000, 0x0062C0FF, 0x643613FC,
	0x31B00FF8, 0x00000000, 0x014000AA, 0x75FF086C,
	0x22900FF8, 0x00000000, 0x00A3201B, 0x0636186C,
	0x21900FF8, 0x00000000, 0x0140081B, 0xB554106C,
	0x2F400FF8, 0x00000000, 0x0140081B, 0x9554106C,
	0x2F300FF8, 0x00000000, 0x0120081B, 0x45FE106C,
	0x2FB00FF8, 0x00000000, 0x0023601B, 0x0C36106C,
	0x2E400FF8, 0x00000000, 0x0040001B, 0x3437686C,
	0x2C600FF8, 0x00000000, 0x0040001B, 0x657F686C,
	0x2C700FF8, 0x00000000, 0x00826000, 0x7436186D,
	0x1E600FF8, 0x00000000, 0x0082C055, 0x7436186D,
	0x9E800FF8, 0x00000000, 0x008300AA, 0x3436186E,
	0x1E700FF8, 0x00000000, 0x008340FF, 0x3436186D,
	0xD070E818, 0x00000000, 0x00C0001B, 0xA436186C,
	0x20708800, 0x00000000, 0x00C0201B, 0xA436186C,
	0x20704800, 0x00000000, 0x00C0401B, 0xA436186C,
	0x20702800, 0x00000000, 0x00C0601B, 0xA436186C,
	0x20701800, 0x00000000, 0x00C1A81B, 0x0836186C,
	0x28800FF8, 0x00000000, 0x00C1C81B, 0x0836186C,
	0x24800FF8, 0x00000000, 0x0647401B, 0xC4361BFF,
	0x1078E800, 0x00000000, 0x02A0001B, 0x2436486E,
	0x1190C84C, 0x00000000, 0x0020001B, 0x8436106C,
	0x2070C858, 0x00000000, 0x0841801B, 0x84361BFE,
	0x5011C850, 0x00000000, 0x0087601B, 0xC400286C,
	0x3070E800, 0x00000000, 0x0040001B, 0x25FE286C,
	0x2EA00FF8, 0x00000000, 0x00A0001B, 0xA436086C,
	0x2FB00FF8, 0x00000000, 0x0041E01B, 0xB436186C,
	0x2F000FF8, 0x00000000, 0x0062001B, 0x0436106C,
	0x3070F821, 0x00000000, 0x001F2078, 0x00000000,
	0x0041F000, 0x0800186C, 0x24200FF8, 0x00000000,
	0x0BA00055, 0x24361154, 0x90140FF8, 0x00000000,
	0x0227921B, 0x0C36106C, 0x2F30E81E, 0x00000000,
	0x0041E055, 0x14AA186C, 0x24400FF8, 0x00000000,
	0x0BA00055, 0x44361155, 0x10140FF8, 0x00000000,
	0x0022A01B, 0x0C36106C, 0x2F500FFA, 0x00000000,
	0x0041E055, 0x14AA186C, 0x24600FF8, 0x00000000,
	0x01A00055, 0x6436106C, 0x20700FF8, 0x00000000,
	0x0022201B, 0x0C36106C, 0x2F700FFA, 0x00000000,
	0x0020001B, 0x0836106C, 0x2E800FF8, 0x00000000,
	0x00C0061B, 0x8436106C, 0x22800FF8, 0x00000000,
	0x002010AE, 0x0836106C, 0x2E000FF8, 0x00000000,
	0x0082041B, 0x8434186C, 0x2E900FF8, 0x00000000,
	0x0040A063, 0x050E186C, 0x2E200FF8, 0x00000000,
	0x0060801B, 0x9436146C, 0x3EA00FF8, 0x00000000,
	0x0080A087, 0x06C6186C, 0x9E400FF8, 0x00000000,
	0x00A0A01B, 0xA436186C, 0x21B00FF8, 0x00000000,
	0x00A0001B, 0x4436886C, 0x21400FF8, 0x00000000,
	0x008000FF, 0xB4AAA801, 0x50701818, 0x00000000,
	0x084000BF, 0x557EEBFD, 0x1C810FF8, 0x00000000,
	0x0040001B, 0x857E686C, 0x2CA00FF8, 0x00000000,
	0x0040001B, 0x47FE286C, 0x2E600FF8, 0x00000000,
	0x0080001B, 0x6401486E, 0x5E800FF8, 0x00000000,
	0x0080001B, 0x04AB486E, 0x1E900FF8, 0x00000000,
	0x00800015, 0x757E6854, 0xD070C848, 0x00000000,
	0x00C0001B, 0x9436186C, 0x20708800, 0x00000000,
	0x00C0201B, 0x9436186C, 0x20704800, 0x00000000,
	0x00C0401B, 0x9436186C, 0x20702800, 0x00000000,
	0x00C0601B, 0x9436186C, 0x20701800, 0x00000000,
	0x0647401B, 0xC4361BFF, 0x1078E800, 0x00000000,
	0x0087601B, 0xC400286C, 0x3070E801, 0x00000000,
	0x001D2078, 0x00000000, 0x00D7001B, 0x0836186C,
	0x28000FF8, 0x00000000, 0x00D7201B, 0x0836186C,
	0x24000FF8, 0x00000000, 0x00D7401B, 0x0836186C,
	0x22000FF8, 0x00000000, 0x02C1521B, 0x0436186C,
	0x2480F824, 0x00000000, 0x02C0081B, 0x0436186C,
	0x28A0C84C, 0x00000000, 0x00C0001B, 0x0436186C,
	0x20708800, 0x00000000, 0x00C0201B, 0x0436186C,
	0x24A04800, 0x00000000, 0x00C0401B, 0x0436186C,
	0x20702800, 0x00000000, 0x00C0601B, 0x0436186C,
	0x23A01800, 0x00000000, 0x00C1001B, 0x0436186C,
	0x22800FF8, 0x00000000, 0x02C1201B, 0x0436186E,
	0x98801854, 0x00000000, 0x00E2201B, 0xA436186C,
	0x20708850, 0x00000000, 0x00E2401B, 0xA436186C,
	0x20704850, 0x00000000, 0x006008FF, 0x0836146E,
	0x1C800FF8, 0x00000000, 0x0647401B, 0xC4361BFF,
	0x1078E800, 0x00000000, 0x0140081B, 0x8554106C,
	0x2E800FF8, 0x00000000, 0x0040001B, 0x8437086C,
	0x2C800FF8, 0x00000000, 0x0120081B, 0x85FE106C,
	0x2E800FF8, 0x00000000, 0x00600000, 0x84361156,
	0x18800FF8, 0x00000000, 0x004160AA, 0x8400186C,
	0x22800FF8, 0x00000000, 0x0120081B, 0x85FE106C,
	0x28800FF8, 0x00000000, 0x006008FF, 0x0836146E,
	0x1C800FF8, 0x00000000, 0x0087601B, 0xC400286C,
	0x3070E800, 0x00000000, 0x0040001B, 0x8437086C,
	0x2C800FF8, 0x00000000, 0x00600055, 0x84361402,
	0x14800FF8, 0x00000000, 0x00816055, 0x0CAB0802,
	0x11800FF8, 0x00000000, 0x004160FF, 0x8554186C,
	0x21800FF8, 0x00000000, 0x0060091B, 0x843613FC,
	0x23800FF8, 0x00000000, 0x004000AA, 0x85FF086C,
	0x20701819, 0x00000000, 0x00152078, 0x00000000,
	0x0040EA1B, 0x09FE186C, 0x2C000FF8, 0x00000000,
	0x01A00000, 0x0436106C, 0x20700FF8, 0x00000000,
	0x00478C00, 0x0836186C, 0x2F400FFA, 0x00000000,
	0x0047AC00, 0x0836186C, 0x2F500FFA, 0x00000000,
	0x0047CC00, 0x0836186C, 0x2F600FFA, 0x00000000,
	0x01A00055, 0x0436106C, 0x20700FF8, 0x00000000,
	0x00600CFF, 0x08361400, 0x28900FF8, 0x00000000,
	0x00C1A81B, 0x0836186C, 0x20708848, 0x00000000,
	0x00878000, 0x9436186D, 0x1F400FFA, 0x00000000,
	0x0087A000, 0x9436186D, 0x5F500FFA, 0x00000000,
	0x0087C000, 0x9436186D, 0x9F600FFA, 0x00000000,
	0x00C0001B, 0x0836886C, 0x28000FF8, 0x00000000,
	0x00C0001B, 0x0836A86C, 0x24000FF8, 0x00000000,
	0x00C0001B, 0x0836C86C, 0x22000FF8, 0x00000000,
	0x00C1C81B, 0x0836186C, 0x20704848, 0x00000000,
	0x00C0001B, 0x0436186C, 0x20708800, 0x00000000,
	0x00C0201B, 0x0436186C, 0x20704800, 0x00000000,
	0x00C0401B, 0x0436186C, 0x20702800, 0x00000000,
	0x00C0601B, 0x0436186C, 0x20701800, 0x00000000,
	0x0647401B, 0xC4361BFF, 0x1078E800, 0x00000000,
	0x0087601B, 0xC400286C, 0x3070E801, 0x00000000,
	0x002C2078, 0x00000000, 0x0040EA1B, 0x09FE186C,
	0x2C200FF8, 0x00000000, 0x01A00000, 0x2436106C,
	0x20700FF8, 0x00000000, 0x00478C00, 0x0836186C,
	0x2F300FFA, 0x00000000, 0x0047AC00, 0x0836186C,
	0x2F400FFA, 0x00000000, 0x0047CC00, 0x0836186C,
	0x2F500FFA, 0x00000000, 0x01A00055, 0x2436106C,
	0x20700FF8, 0x00000000, 0x00600CFF, 0x08361400,
	0x28600FF8, 0x00000000, 0x0081881B, 0x082A1AFC,
	0x3070C848, 0x00000000, 0x00878000, 0x6436186C,
	0xDF700FFA, 0x00000000, 0x0087A000, 0x6436186D,
	0x1F800FFA, 0x00000000, 0x0087C000, 0x6436186D,
	0x5F900FFA, 0x00000000, 0x00C0001B, 0x0836E86C,
	0x28A00FF8, 0x00000000, 0x00C0001B, 0x0837086C,
	0x24A00FF8, 0x00000000, 0x00C0001B, 0x0837286C,
	0x22A00FF8, 0x00000000, 0x00A0021B, 0x0836E86C,
	0x28B00FF8, 0x00000000, 0x00A0021B, 0x0837086C,
	0x24B00FF8, 0x00000000, 0x00A0021B, 0x0837286C,
	0x22B00FF8, 0x00000000, 0x00A0041B, 0x0836E86C,
	0x28300FF8, 0x00000000, 0x00A0001B, 0xB437686C,
	0x21000FF8, 0x00000000, 0x00A0041B, 0x0837286C,
	0x22300FF8, 0x00000000, 0x08A0041B, 0x08370BFC,
	0x14310FF8, 0x00000000, 0x00A0061B, 0x0836E86C,
	0x28600FF8, 0x00000000, 0x0040001B, 0xB5FE286C,
	0x2E200FF8, 0x00000000, 0x02A0001B, 0x34366800,
	0x91402854, 0x00000000, 0x02A0061B, 0x0837286C,
	0x92602864, 0x00000000, 0x08A0061B, 0x08370BFD,
	0x14610FF8, 0x00000000, 0x0060811B, 0xA436106C,
	0x3E900FF8, 0x00000000, 0x0240001B, 0x35FE2954,
	0x9E50285C, 0x00000000, 0x02A0001B, 0x6436C801,
	0x51704854, 0x00000000, 0x00C0201B, 0xA436186C,
	0x20704800, 0x00000000, 0x08C0001B, 0xA4361BFD,
	0xD0118800, 0x00000000, 0x00C0401B, 0xA436186C,
	0x20702800, 0x00000000, 0x0240001B, 0x65FE286D,
	0x5E80485C, 0x00000000, 0x00C0601B, 0xA436186C,
	0x20701800, 0x00000000, 0x00200000, 0x8436106C,
	0x20708850, 0x00000000, 0x00200055, 0x8436106C,
	0x20708858, 0x00000000, 0x002000AA, 0x8436106C,
	0x20708860, 0x00000000, 0x002000AA, 0x5436106C,
	0x20704860, 0x00000000, 0x00200000, 0x9436106C,
	0x20701850, 0x00000000, 0x00200055, 0x9436106C,
	0x20701858, 0x00000000, 0x002000AA, 0x9436106C,
	0x20701860, 0x00000000, 0x00C1001B, 0xA436186C,
	0x20709828, 0x00000000, 0x0647401B, 0xC4361BFF,
	0x1078E800, 0x00000000, 0x0087601B, 0xC400286C,
	0x3070E801, 0x00000000, 0x00362078, 0x00000000,
	0x0040EA1B, 0x09FE186C, 0x2C200FF8, 0x00000000,
	0x01A00000, 0x2436106C, 0x20700FF8, 0x00000000,
	0x00478C00, 0x0836186C, 0x2F300FFA, 0x00000000,
	0x0047AC00, 0x0836186C, 0x2F400FFA, 0x00000000,
	0x0047CC00, 0x0836186C, 0x2F500FFA, 0x00000000,
	0x01A00055, 0x2436106C, 0x20700FF8, 0x00000000,
	0x00600CFF, 0x08361400, 0x28600FF8, 0x00000000,
	0x00C1E01B, 0x0836186C, 0x20708848, 0x00000000,
	0x00878000, 0x6436186C, 0xDF700FFA, 0x00000000,
	0x0087A000, 0x6436186D, 0x1F800FFA, 0x00000000,
	0x0087C000, 0x6436186D, 0x5F900FFA, 0x00000000,
	0x00C0001B, 0x0836E86C, 0x28A00FF8, 0x00000000,
	0x00C0001B, 0x0837086C, 0x24A00FF8, 0x00000000,
	0x00C0001B, 0x0837286C, 0x22A00FF8, 0x00000000,
	0x00A0021B, 0x0836E86C, 0x28B00FF8, 0x00000000,
	0x00A0021B, 0x0837086C, 0x24B00FF8, 0x00000000,
	0x00A0021B, 0x0837286C, 0x22B00FF8, 0x00000000,
	0x0060811B, 0xA436106C, 0x3E300FF8, 0x00000000,
	0x00A0001B, 0xB437686C, 0x21000FF8, 0x00000000,
	0x00C2201B, 0x0836186C, 0x20702848, 0x00000000,
	0x08C2001B, 0x08361BFC, 0x10114848, 0x00000000,
	0x00C2401B, 0x0836186C, 0x20708850, 0x00000000,
	0x0040001B, 0xB5FE286C, 0x2E200FF8, 0x00000000,
	0x0081E01B, 0x2554186E, 0x9E400FF8, 0x00000000,
	0x00C2601B, 0x0836186C, 0x20704850, 0x00000000,
	0x00C0001B, 0x4436186C, 0x20708800, 0x00000000,
	0x00C0201B, 0x4436186C, 0x20704800, 0x00000000,
	0x00C0401B, 0x4436186C, 0x20702800, 0x00000000,
	0x00C0601B, 0x4436186C, 0x20701800, 0x00000000,
	0x00C2801B, 0x0836186C, 0x20702850, 0x00000000,
	0x00A0001B, 0x3436686C, 0x21500FF8, 0x00000000,
	0x00C1401B, 0x4436186C, 0x24900FF8, 0x00000000,
	0x08C1201B, 0x44361BFD, 0x58910FF8, 0x00000000,
	0x00C1001B, 0x4436186C, 0x22A00FF8, 0x00000000,
	0x0040001B, 0x35FE286C, 0x2E600FF8, 0x00000000,
	0x00A0001B, 0x6436486C, 0x2F700FF8, 0x00000000,
	0x006008FF, 0x0836146E, 0x5CA00FF8, 0x00000000,
	0x0041C01B, 0x7436186C, 0x2F800FF8, 0x00000000,
	0x0061A01B, 0x8436106C, 0x3070F820, 0x00000000,
	0x0140081B, 0xA554106C, 0x2EB00FF8, 0x00000000,
	0x0040001B, 0xB437686C, 0x2CB00FF8, 0x00000000,
	0x0120081B, 0xB5FE106C, 0x2E000FF8, 0x00000000,
	0x00600000, 0x04361154, 0x18200FF8, 0x00000000,
	0x004160AA, 0x0400186C, 0x22700FF8, 0x00000000,
	0x0120081B, 0x25FE106C, 0x28000FF8, 0x00000000,
	0x006008FF, 0x0836146C, 0x1C300FF8, 0x00000000,
	0x0647401B, 0xC4361BFF, 0x1078E800, 0x00000000,
	0x0040001B, 0x3436686C, 0x2C400FF8, 0x00000000,
	0x00600055, 0x44361401, 0x14500FF8, 0x00000000,
	0x0087601B, 0xC400286C, 0x3070E800, 0x00000000,
	0x00816055, 0x0CAAA801, 0x11600FF8, 0x00000000,
	0x004160FF, 0x6554186C, 0x21700FF8, 0x00000000,
	0x0060091B, 0x743613FC, 0x23800FF8, 0x00000000,
	0x004000AA, 0x85FF086C, 0x20701819, 0x00000000,
	0x00192078, 0x00000000, 0x00200E1B, 0x0836106C,
	0x2E200FF8, 0x00000000, 0x00A0061B, 0x2436106C,
	0x28300FF8, 0x00000000, 0x00A0041B, 0x2436106C,
	0x24300FF8, 0x00000000, 0x00A0021B, 0x2436106C,
	0x22300FF8, 0x00000000, 0x02A0101B, 0x2436486C,
	0x2140C85C, 0x00000000, 0x00C0201B, 0x0836186C,
	0x20704800, 0x00000000, 0x08C0001B, 0x08361BFD,
	0x10118800, 0x00000000, 0x00C0401B, 0x0836186C,
	0x20702800, 0x00000000, 0x00C0601B, 0x0836186C,
	0x20701800, 0x00000000, 0x02C1A81B, 0x0836186D,
	0x1850181C, 0x00000000, 0x00C1C81B, 0x0836186C,
	0x24500FF8, 0x00000000, 0x004000FF, 0x1436686C,
	0x2070E860, 0x00000000, 0x0041801B, 0x542A186C,
	0x2070C848, 0x00000000, 0x0041801B, 0x5554186C,
	0x2070C850, 0x00000000, 0x0022401B, 0x0C36106C,
	0x2E600FF8, 0x00000000, 0x00A1E21B, 0x0836186C,
	0x21700FF8, 0x00000000, 0x00A2021B, 0x0836186C,
	0x21B00FF8, 0x00000000, 0x0041E0FF, 0x75FE186C,
	0x21800FF8, 0x00000000, 0x014008FF, 0x8554106C,
	0x21900FF8, 0x00000000, 0x008220FF, 0x9436186D,
	0x9EA00FF8, 0x00000000, 0x004200FF, 0xB5FE186C,
	0x21000FF8, 0x00000000, 0x014008FF, 0x0554106C,
	0x21200FF8, 0x00000000, 0x008220FF, 0x2436186E,
	0x9070E818, 0x00000000, 0x0647401B, 0xC4361BFF,
	0x1078E800, 0x00000000, 0x0087601B, 0xC400286C,
	0x3070E801, 0x00000000, 0x004F2078, 0x00000000,
	0x0040EA1B, 0x09FE186C, 0x2C200FF8, 0x00000000,
	0x01A00000, 0x2436106C, 0x20700FF8, 0x00000000,
	0x00478C00, 0x0836186C, 0x2F300FFA, 0x00000000,
	0x0047AC00, 0x0836186C, 0x2F400FFA, 0x00000000,
	0x0047CC00, 0x0836186C, 0x2F500FFA, 0x00000000,
	0x01A00055, 0x2436106C, 0x20700FF8, 0x00000000,
	0x00600CFF, 0x08361400, 0x28600FF8, 0x00000000,
	0x00878000, 0x6436186C, 0xDF700FFA, 0x00000000,
	0x0087A000, 0x6436186D, 0x1F800FFA, 0x00000000,
	0x0087C000, 0x6436186D, 0x5F900FFA, 0x00000000,
	0x00C0001B, 0x0836E86C, 0x28A00FF8, 0x00000000,
	0x00C0001B, 0x0837086C, 0x24A00FF8, 0x00000000,
	0x00C0001B, 0x0837286C, 0x22A00FF8, 0x00000000,
	0x00A0021B, 0x0836E86C, 0x28B00FF8, 0x00000000,
	0x00A0021B, 0x0837086C, 0x24B00FF8, 0x00000000,
	0x00A0021B, 0x0837286C, 0x22B00FF8, 0x00000000,
	0x0060811B, 0xA436106C, 0x3E200FF8, 0x00000000,
	0x0041801B, 0xB5FE186C, 0x2E000FF8, 0x00000000,
	0x00A0001B, 0x2436086C, 0x28300FF8, 0x00000000,
	0x0062201B, 0x0C36146E, 0x9E600FF8, 0x00000000,
	0x00400000, 0x3436086C, 0x2E400FF8, 0x00000000,
	0x0080801A, 0x45FE1C6C, 0x9E500FF8, 0x00000000,
	0x0062801B, 0x0C36146E, 0x9E300FF8, 0x00000000,
	0x02A0001B, 0x6436C86D, 0x5170E864, 0x00000000,
	0x00A2E01B, 0x0636186C, 0x22700FF8, 0x00000000,
	0x08A0001B, 0x34366BFD, 0xD1310FF8, 0x00000000,
	0x008228FF, 0x77FE1BFC, 0x28900FF8, 0x00000000,
	0x0040001B, 0x65FE286C, 0x2E800FF8, 0x00000000,
	0x08A0001B, 0x84360BFC, 0xD8B10FF8, 0x00000000,
	0x00A2401B, 0x8636186C, 0x21000FF8, 0x00000000,
	0x0040001B, 0x35FE286C, 0x2E400FF8, 0x00000000,
	0x004240FF, 0x05FE186C, 0x21200FF8, 0x00000000,
	0x006260FF, 0x243613FC, 0x32B00FF8, 0x00000000,
	0x008288FF, 0x37FE1BFC, 0x24900FF8, 0x00000000,
	0x00A0001B, 0x4436086C, 0x24B00FF8, 0x00000000,
	0x00A2A01B, 0x4636186C, 0x21500FF8, 0x00000000,
	0x0041C1AA, 0x7554186C, 0x21800FF8, 0x00000000,
	0x0042A0FF, 0x55FE186C, 0x21600FF8, 0x00000000,
	0x0062C0FF, 0x643613FC, 0x31B00FF8, 0x00000000,
	0x014000AA, 0x75FF086C, 0x22900FF8, 0x00000000,
	0x00A3201B, 0x0636186C, 0x21900FF8, 0x00000000,
	0x0140081B, 0xB554106C, 0x2F400FF8, 0x00000000,
	0x0140081B, 0x9554106C, 0x2F300FF8, 0x00000000,
	0x0120081B, 0x45FE106C, 0x2FB00FF8, 0x00000000,
	0x0023601B, 0x0C36106C, 0x2E400FF8, 0x00000000,
	0x0040001B, 0x3437686C, 0x2C600FF8, 0x00000000,
	0x0040001B, 0x657F686C, 0x2C700FF8, 0x00000000,
	0x00826000, 0x7436186D, 0x1E600FF8, 0x00000000,
	0x0082C055, 0x7436186D, 0x9E800FF8, 0x00000000,
	0x008300AA, 0x3436186E, 0x1E700FF8, 0x00000000,
	0x008340FF, 0x3436186D, 0xD070E818, 0x00000000,
	0x00C0001B, 0xA436186C, 0x20708800, 0x00000000,
	0x00C0201B, 0xA436186C, 0x20704800, 0x00000000,
	0x00C0401B, 0xA436186C, 0x20702800, 0x00000000,
	0x00C0601B, 0xA436186C, 0x20701800, 0x00000000,
	0x00C1A81B, 0x0836186C, 0x28800FF8, 0x00000000,
	0x00C1C81B, 0x0836186C, 0x24800FF8, 0x00000000,
	0x0647401B, 0xC4361BFF, 0x1078E800, 0x00000000,
	0x02A0001B, 0x2436486E, 0x1190C84C, 0x00000000,
	0x0020001B, 0x8436106C, 0x2070C858, 0x00000000,
	0x0841801B, 0x84361BFE, 0x5011C850, 0x00000000,
	0x0087601B, 0xC400286C, 0x3070E800, 0x00000000,
	0x0040001B, 0x25FE286C, 0x2EB00FF8, 0x00000000,
	0x00A0001B, 0xB436086C, 0x2F200FF8, 0x00000000,
	0x0041E01B, 0x2436186C, 0x2F000FF8, 0x00000000,
	0x0062001B, 0x0436106C, 0x3070F820, 0x00000000,
	0x00C1201B, 0xA436186C, 0x28200FF8, 0x00000000,
	0x00C1401B, 0xA436186C, 0x24200FF8, 0x00000000,
	0x006008FF, 0x0836146C, 0x9C300FF8, 0x00000000,
	0x0140081B, 0x3554106C, 0x2C400FF8, 0x00000000,
	0x0040001B, 0x4436886C, 0x2C500FF8, 0x00000000,
	0x0120081B, 0x55FE106C, 0x2C600FF8, 0x00000000,
	0x00600000, 0x64361155, 0x98700FF8, 0x00000000,
	0x0120081B, 0x75FE106C, 0x28600FF8, 0x00000000,
	0x006008FF, 0x0836146D, 0x9C800FF8, 0x00000000,
	0x0040001B, 0x8437086C, 0x2C900FF8, 0x00000000,
	0x00600055, 0x94361402, 0x54A00FF8, 0x00000000,
	0x00816055, 0x0CAB4802, 0x51B00FF8, 0x00000000,
	0x004160FF, 0xB554186C, 0x20701819, 0x00000000,
	0x00272078, 0x00000000, 0x0040EA1B, 0x09FE186C,
	0x2C200FF8, 0x00000000, 0x03A0081B, 0x2436106C,
	0x2070C84C, 0x00000000, 0x00478C00, 0x0836186C,
	0x2F300FFA, 0x00000000, 0x0047AC00, 0x0836186C,
	0x2F400FFA, 0x00000000, 0x0047CC00, 0x0836186C,
	0x2F500FFA, 0x00000000, 0x01A00055, 0x2436106C,
	0x20700FF8, 0x00000000, 0x00600CFF, 0x08361400,
	0x28600FF8, 0x00000000, 0x00878000, 0x6436186C,
	0xDF700FFA, 0x00000000, 0x0087A000, 0x6436186D,
	0x1F800FFA, 0x00000000, 0x0087C000, 0x6436186D,
	0x5F900FFA, 0x00000000, 0x00C0001B, 0x0836E86C,
	0x28A00FF8, 0x00000000, 0x00C0001B, 0x0837086C,
	0x24A00FF8, 0x00000000, 0x00C0001B, 0x0837286C,
	0x22A00FF8, 0x00000000, 0x00A0021B, 0x0836E86C,
	0x28B00FF8, 0x00000000, 0x00A0021B, 0x0837086C,
	0x24B00FF8, 0x00000000, 0x00A0021B, 0x0837286C,
	0x22B00FF8, 0x00000000, 0x00A0041B, 0x0836E86C,
	0x28300FF8, 0x00000000, 0x00A0001B, 0xB437686C,
	0x21000FF8, 0x00000000, 0x00A0041B, 0x0837286C,
	0x22300FF8, 0x00000000, 0x08A0041B, 0x08370BFC,
	0x14310FF8, 0x00000000, 0x00A0061B, 0x0836E86C,
	0x28600FF8, 0x00000000, 0x0040001B, 0xB5FE286C,
	0x2E200FF8, 0x00000000, 0x00A0001B, 0x3436686C,
	0x21400FF8, 0x00000000, 0x00A0061B, 0x0837286C,
	0x22600FF8, 0x00000000, 0x08A0061B, 0x08370BFD,
	0x14610FF8, 0x00000000, 0x0060811B, 0xA436106C,
	0x3E900FF8, 0x00000000, 0x0040001B, 0x35FE286C,
	0x2E500FF8, 0x00000000, 0x00A0001B, 0x6436C86C,
	0x21700FF8, 0x00000000, 0x00C0201B, 0xA436186C,
	0x20704800, 0x00000000, 0x08C0001B, 0xA4361BFD,
	0xD0118800, 0x00000000, 0x00C0401B, 0xA436186C,
	0x20702800, 0x00000000, 0x0040001B, 0x65FE286C,
	0x2E800FF8, 0x00000000, 0x00C0601B, 0xA436186C,
	0x20701800, 0x00000000, 0x00A0001B, 0x9437086C,
	0x20708850, 0x00000000, 0x00A0001B, 0x9436A86C,
	0x20704850, 0x00000000, 0x00A0001B, 0x9436486C,
	0x20702850, 0x00000000, 0x00C1001B, 0xA436186C,
	0x20709828, 0x00000000, 0x0647401B, 0xC4361BFF,
	0x1078E800, 0x00000000, 0x0087601B, 0xC400286C,
	0x3070E801, 0x00000000, 0x00292078, 0x00000000,
	0x00C0001B, 0x0836186C, 0x20708800, 0x00000000,
	0x00C0201B, 0x0836186C, 0x20704800, 0x00000000,
	0x00C0401B, 0x0836186C, 0x20702800, 0x00000000,
	0x00C0601B, 0x0836186C, 0x20701800, 0x00000000,
	0x0022001B, 0x0C36106C, 0x2EB00FF8, 0x00000000,
	0x0041E063, 0x0D0F686C, 0x2EA00FF8, 0x00000000,
	0x0081E163, 0xB50E186E, 0x9EA00FF8, 0x00000000,
	0x00A1E21B, 0x0836186C, 0x20708848, 0x00000000,
	0x00A2021B, 0x0836186C, 0x20704848, 0x00000000,
	0x00A0021B, 0x0837486C, 0x20702848, 0x00000000,
	0x00C2281B, 0x0836186C, 0x20708850, 0x00000000,
	0x00C2481B, 0x0836186C, 0x20704850, 0x00000000,
	0x00C2681B, 0x0836186C, 0x20708858, 0x00000000,
	0x00C2881B, 0x0836186C, 0x20704858, 0x00000000,
	0x00C2A81B, 0x0836186C, 0x20708860, 0x00000000,
	0x00C2C81B, 0x0836186C, 0x20704860, 0x00000000,
	0x00C1201B, 0x0836186C, 0x28800FF8, 0x00000000,
	0x00C1401B, 0x0836186C, 0x24800FF8, 0x00000000,
	0x00C1001B, 0x0836186C, 0x22800FF8, 0x00000000,
	0x006008FF, 0x0836146E, 0x1C800FF8, 0x00000000,
	0x00A0A21B, 0x0A36186C, 0x28A00FF8, 0x00000000,
	0x0140081B, 0x8554106C, 0x2E800FF8, 0x00000000,
	0x0040001B, 0x8437086C, 0x2C800FF8, 0x00000000,
	0x0120081B, 0x85FE106C, 0x2E800FF8, 0x00000000,
	0x00600000, 0x84361156, 0x18800FF8, 0x00000000,
	0x004160AA, 0x8400186C, 0x22800FF8, 0x00000000,
	0x0120081B, 0x85FE106C, 0x28800FF8, 0x00000000,
	0x006008FF, 0x0836146E, 0x1C800FF8, 0x00000000,
	0x01400000, 0xA601486C, 0x28A00FF8, 0x00000000,
	0x0040001B, 0x8437086C, 0x2C800FF8, 0x00000000,
	0x00600055, 0x84361402, 0x14800FF8, 0x00000000,
	0x006008FF, 0x08361402, 0x94A00FF8, 0x00000000,
	0x00816055, 0x0CAB0802, 0x11800FF8, 0x00000000,
	0x0647401B, 0xC4361BFF, 0x1078E800, 0x00000000,
	0x004160FF, 0x8554186C, 0x21800FF8, 0x00000000,
	0x0060091B, 0x843613FC, 0x23800FF8, 0x00000000,
	0x0087601B, 0xC400286C, 0x3070E800, 0x00000000,
	0x004000AA, 0x85FF086C, 0x21800FF8, 0x00000000,
	0x0040001B, 0xA5FF086C, 0x2CA00FF8, 0x00000000,
	0x0041C0FF, 0x8554186C, 0x20701818, 0x00000000,
	0x0041C001, 0xA554186C, 0x2070F821, 0x00000000,
	0x000C2078, 0x00000000, 0x0060811B, 0x0836106C,
	0x3E500FF8, 0x00000000, 0x00C0001B, 0x0836186C,
	0x20708800, 0x00000000, 0x00C0201B, 0x0836186C,
	0x20704800, 0x00000000, 0x00C0401B, 0x0836186C,
	0x20702800, 0x00000000, 0x00C0601B, 0x0836186C,
	0x20701800, 0x00000000, 0x0020081B, 0x0836106C,
	0x2070C848, 0x00000000, 0x00A0061B, 0x5436106C,
	0x20708850, 0x00000000, 0x00A0041B, 0x5436106C,
	0x20704850, 0x00000000, 0x00A0021B, 0x5436106C,
	0x20702850, 0x00000000, 0x00C1001B, 0x0836186C,
	0x20709828, 0x00000000, 0x0647401B, 0xC4361BFF,
	0x1078E800, 0x00000000, 0x0087601B, 0xC400286C,
	0x3070E801, 0x00000000, 0x00132078, 0x00000000,
	0x0061E01B, 0x0C36146C, 0x2E400FF8, 0x00000000,
	0x0020A0FF, 0x0C36106C, 0x21400FF8, 0x00000000,
	0x0060801B, 0x0C36146C, 0x2E500FF8, 0x00000000,
	0x00C0001B, 0x0836186C, 0x20708800, 0x00000000,
	0x00C0201B, 0x0836186C, 0x20704800, 0x00000000,
	0x00C0401B, 0x0836186C, 0x20702800, 0x00000000,
	0x00C0601B, 0x0836186C, 0x20701800, 0x00000000,
	0x00C1A81B, 0x0836186C, 0x28A00FF8, 0x00000000,
	0x00C1C81B, 0x0836186C, 0x24A00FF8, 0x00000000,
	0x0081E11B, 0x45FE1BFD, 0x1070E850, 0x00000000,
	0x0041801B, 0xA42A186C, 0x2070C848, 0x00000000,
	0x00A0061B, 0x5436106C, 0x20708858, 0x00000000,
	0x00A0041B, 0x5436106C, 0x20704858, 0x00000000,
	0x00A0021B, 0x5436106C, 0x20702858, 0x00000000,
	0x00A0061B, 0x4436106C, 0x20708860, 0x00000000,
	0x00A0041B, 0x4436106C, 0x20704860, 0x00000000,
	0x00A0021B, 0x4436106C, 0x20702860, 0x00000000,
	0x0647401B, 0xC4361BFF, 0x1078E800, 0x00000000,
	0x0087601B, 0xC400286C, 0x3070E801, 0x00000000,
	0x00182078, 0x00000000, 0x00C0001B, 0x0836186C,
	0x20708800, 0x00000000, 0x00C0201B, 0x0836186C,
	0x20704800, 0x00000000, 0x00C0401B, 0x0836186C,
	0x20702800, 0x00000000, 0x00C0601B, 0x0836186C,
	0x20701800, 0x00000000, 0x0020081B, 0x0836106C,
	0x2070C848, 0x00000000, 0x00C1201B, 0x0836186C,
	0x28800FF8, 0x00000000, 0x00C1401B, 0x0836186C,
	0x24800FF8, 0x00000000, 0x00C1001B, 0x0836186C,
	0x22800FF8, 0x00000000, 0x006008FF, 0x0836146E,
	0x1C800FF8, 0x00000000, 0x0647401B, 0xC4361BFF,
	0x1078E800, 0x00000000, 0x0140081B, 0x8554106C,
	0x2E800FF8, 0x00000000, 0x0040001B, 0x8437086C,
	0x2C800FF8, 0x00000000, 0x0120081B, 0x85FE106C,
	0x2E800FF8, 0x00000000, 0x00600000, 0x84361156,
	0x18800FF8, 0x00000000, 0x004160AA, 0x8400186C,
	0x22800FF8, 0x00000000, 0x0120081B, 0x85FE106C,
	0x28800FF8, 0x00000000, 0x006008FF, 0x0836146E,
	0x1C800FF8, 0x00000000, 0x0087601B, 0xC400286C,
	0x3070E800, 0x00000000, 0x0040001B, 0x8437086C,
	0x2C800FF8, 0x00000000, 0x00600055, 0x84361402,
	0x14800FF8, 0x00000000, 0x00816055, 0x0CAB0802,
	0x11800FF8, 0x00000000, 0x004160FF, 0x8554186C,
	0x21800FF8, 0x00000000, 0x0060091B, 0x843613FC,
	0x23800FF8, 0x00000000, 0x004000AA, 0x85FF086C,
	0x20701819, 0x00000000, 0x00152078, 0x00000000,
	0x0060811B, 0x0836106C, 0x3E500FF8, 0x00000000,
	0x00C0001B, 0x0836186C, 0x20708800, 0x00000000,
	0x00C0201B, 0x0836186C, 0x20704800, 0x00000000,
	0x00C0401B, 0x0836186C, 0x20702800, 0x00000000,
	0x00C0601B, 0x0836186C, 0x20701800, 0x00000000,
	0x0081881B, 0x082A1AFC, 0x3070C848, 0x00000000,
	0x00200600, 0x0836106C, 0x20708850, 0x00000000,
	0x00200400, 0x0836106C, 0x20704850, 0x00000000,
	0x00200200, 0x0836106C, 0x20702850, 0x00000000,
	0x00200655, 0x0836106C, 0x20708858, 0x00000000,
	0x00200455, 0x0836106C, 0x20704858, 0x00000000,
	0x00200255, 0x0836106C, 0x20702858, 0x00000000,
	0x002006AA, 0x0836106C, 0x20708860, 0x00000000,
	0x002004AA, 0x0836106C, 0x20704860, 0x00000000,
	0x002002AA, 0x0836106C, 0x20702860, 0x00000000,
	0x00200000, 0x5436106C, 0x20701850, 0x00000000,
	0x00200055, 0x5436106C, 0x20701858, 0x00000000,
	0x002000AA, 0x5436106C, 0x20701860, 0x00000000,
	0x00C1001B, 0x0836186C, 0x20709828, 0x00000000,
	0x0647401B, 0xC4361BFF, 0x1078E800, 0x00000000,
	0x0087601B, 0xC400286C, 0x3070E801, 0x00000000,
	0x00252078, 0x00000000, 0x00C0001B, 0x0836186C,
	0x20708800, 0x00000000, 0x00C0201B, 0x0836186C,
	0x20704800, 0x00000000, 0x00C0401B, 0x0836186C,
	0x20702800, 0x00000000, 0x00C0601B, 0x0836186C,
	0x20701800, 0x00000000, 0x00C1E81B, 0x0836186C,
	0x20708848, 0x00000000, 0x00C2081B, 0x0836186C,
	0x20704848, 0x00000000, 0x00C2281B, 0x0836186C,
	0x20708850, 0x00000000, 0x00C2481B, 0x0836186C,
	0x20704850, 0x00000000, 0x00C2681B, 0x0836186C,
	0x20708858, 0x00000000, 0x00C2881B, 0x0836186C,
	0x20704858, 0x00000000, 0x00C2A81B, 0x0836186C,
	0x20708860, 0x00000000, 0x00C2C81B, 0x0836186C,
	0x20704860, 0x00000000, 0x00C1201B, 0x0836186C,
	0x28800FF8, 0x00000000, 0x00C1401B, 0x0836186C,
	0x24800FF8, 0x00000000, 0x00C1001B, 0x0836186C,
	0x22800FF8, 0x00000000, 0x006008FF, 0x0836146E,
	0x1C800FF8, 0x00000000, 0x00A0A21B, 0x0A36186C,
	0x28A00FF8, 0x00000000, 0x0140081B, 0x8554106C,
	0x2E800FF8, 0x00000000, 0x0040001B, 0x8437086C,
	0x2C800FF8, 0x00000000, 0x0120081B, 0x85FE106C,
	0x2E800FF8, 0x00000000, 0x00600000, 0x84361156,
	0x18800FF8, 0x00000000, 0x004160AA, 0x8400186C,
	0x22800FF8, 0x00000000, 0x0120081B, 0x85FE106C,
	0x28800FF8, 0x00000000, 0x006008FF, 0x0836146E,
	0x1C800FF8, 0x00000000, 0x01400000, 0xA601486C,
	0x28A00FF8, 0x00000000, 0x0040001B, 0x8437086C,
	0x2C800FF8, 0x00000000, 0x00600055, 0x84361402,
	0x14800FF8, 0x00000000, 0x006008FF, 0x08361402,
	0x94A00FF8, 0x00000000, 0x00816055, 0x0CAB0802,
	0x11800FF8, 0x00000000, 0x0647401B, 0xC4361BFF,
	0x1078E800, 0x00000000, 0x004160FF, 0x8554186C,
	0x21800FF8, 0x00000000, 0x0060091B, 0x843613FC,
	0x23800FF8, 0x00000000, 0x0087601B, 0xC400286C,
	0x3070E800, 0x00000000, 0x004000AA, 0x85FF086C,
	0x21800FF8, 0x00000000, 0x0040001B, 0xA5FF086C,
	0x2CA00FF8, 0x00000000, 0x0041C0FF, 0x8554186C,
	0x20701818, 0x00000000, 0x0041C001, 0xA554186C,
	0x2070F821, 0x00000000, 0x00372078, 0x00000000,
	0x0062201B, 0x0C36146C, 0x2E200FF8, 0x00000000,
	0x0062801B, 0x0C36146C, 0x2E900FF8, 0x00000000,
	0x02A0101B, 0x2436486C, 0x2130C85C, 0x00000000,
	0x00A2E21B, 0x0A36186C, 0x22500FF8, 0x00000000,
	0x08A0001B, 0x94372BFC, 0xD1A10FF8, 0x00000000,
	0x008228FF, 0x37FE1BFC, 0x28500FF8, 0x00000000,
	0x0040001B, 0x25FE286C, 0x2E400FF8, 0x00000000,
	0x08A0021B, 0x443613FE, 0x98610FF8, 0x00000000,
	0x00A2401B, 0x4436186C, 0x21700FF8, 0x00000000,
	0x0040001B, 0x95FE286C, 0x2EB00FF8, 0x00000000,
	0x004240FF, 0x75FE186C, 0x21800FF8, 0x00000000,
	0x006260FF, 0x843613FC, 0x32600FF8, 0x00000000,
	0x008288FF, 0xA7FE1BFC, 0x24500FF8, 0x00000000,
	0x00A0021B, 0xB436106C, 0x24600FF8, 0x00000000,
	0x00A2401B, 0xB436186C, 0x21000FF8, 0x00000000,
	0x00A3221B, 0x0A36186C, 0x21500FF8, 0x00000000,
	0x0042A0FF, 0x05FE186C, 0x21200FF8, 0x00000000,
	0x0062C0FF, 0x243613FC, 0x31600FF8, 0x00000000,
	0x0140081B, 0x5554106C, 0x2F300FF8, 0x00000000,
	0x0140081B, 0x6554106C, 0x2F400FF8, 0x00000000,
	0x0120081B, 0x35FE106C, 0x2F500FF8, 0x00000000,
	0x0120081B, 0x45FE106C, 0x2F600FF8, 0x00000000,
	0x0023601B, 0x0C36106C, 0x2E700FF8, 0x00000000,
	0x0040001B, 0x5436C86C, 0x2C800FF8, 0x00000000,
	0x00400000, 0x8554C86C, 0x28900FF8, 0x00000000,
	0x00400055, 0x85FEC86C, 0x24A00FF8, 0x00000000,
	0x00826000, 0x9436186D, 0xDEB00FF8, 0x00000000,
	0x0082C055, 0xA436186E, 0xDE000FF8, 0x00000000,
	0x008300AA, 0x5436186C, 0x1E200FF8, 0x00000000,
	0x008340FF, 0x5436186C, 0x9070E818, 0x00000000,
	0x00C0001B, 0x0836186C, 0x20708800, 0x00000000,
	0x00C0201B, 0x0836186C, 0x20704800, 0x00000000,
	0x00C0401B, 0x0836186C, 0x20702800, 0x00000000,
	0x00C0601B, 0x0836186C, 0x20701800, 0x00000000,
	0x0041881B, 0x082A186C, 0x2070C848, 0x00000000,
	0x0041881B, 0x097E186C, 0x2070C850, 0x00000000,
	0x00C1201B, 0x0836186C, 0x28300FF8, 0x00000000,
	0x00C1401B, 0x0836186C, 0x24300FF8, 0x00000000,
	0x00C1001B, 0x0836186C, 0x22400FF8, 0x00000000,
	0x006008FF, 0x0836146C, 0xDC400FF8, 0x00000000,
	0x0647401B, 0xC4361BFF, 0x1078E800, 0x00000000,
	0x0140081B, 0x4554106C, 0x2E500FF8, 0x00000000,
	0x0040001B, 0x5436A86C, 0x2C500FF8, 0x00000000,
	0x0120081B, 0x55FE106C, 0x2E600FF8, 0x00000000,
	0x00600000, 0x64361155, 0x98700FF8, 0x00000000,
	0x004160AA, 0x6400186C, 0x22000FF8, 0x00000000,
	0x0120081B, 0x75FE106C, 0x28600FF8, 0x00000000,
	0x006008FF, 0x0836146D, 0x9C800FF8, 0x00000000,
	0x0087601B, 0xC400286C, 0x3070E800, 0x00000000,
	0x0040001B, 0x8437086C, 0x2C900FF8, 0x00000000,
	0x00600055, 0x94361402, 0x54A00FF8, 0x00000000,
	0x00816055, 0x0CAB4802, 0x51B00FF8, 0x00000000,
	0x004160FF, 0xB554186C, 0x21000FF8, 0x00000000,
	0x0060091B, 0x043613FC, 0x23200FF8, 0x00000000,
	0x004000AA, 0x25FE486C, 0x20701819, 0x00000000,
	0x00142078, 0x00000000, 0x0060811B, 0x0836106C,
	0x3E500FF8, 0x00000000, 0x00C0001B, 0x0836186C,
	0x20708800, 0x00000000, 0x00C0201B, 0x0836186C,
	0x20704800, 0x00000000, 0x00C0401B, 0x0836186C,
	0x20702800, 0x00000000, 0x00C0601B, 0x0836186C,
	0x20701800, 0x00000000, 0x02C1A81B, 0x08361801,
	0x58A01854, 0x00000000, 0x02C1C81B, 0x08361955,
	0x54A0185C, 0x00000000, 0x00200600, 0x0836106C,
	0x20708850, 0x00000000, 0x0041801B, 0xA42A186C,
	0x2070C848, 0x00000000, 0x00200400, 0x0836106C,
	0x20704850, 0x00000000, 0x00200200, 0x0836106C,
	0x20702850, 0x00000000, 0x00200655, 0x0836106C,
	0x20708858, 0x00000000, 0x00200455, 0x0836106C,
	0x20704858, 0x00000000, 0x00200255, 0x0836106C,
	0x20702858, 0x00000000, 0x002006AA, 0x0836106C,
	0x20708860, 0x00000000, 0x002004AA, 0x0836106C,
	0x20704860, 0x00000000, 0x002002AA, 0x0836106C,
	0x20702860, 0x00000000, 0x002000AA, 0x5436106C,
	0x20701860, 0x00000000, 0x0647401B, 0xC4361BFF,
	0x1078E800, 0x00000000, 0x0087601B, 0xC400286C,
	0x3070E801, 0x00000000, 0x00182078, 0x00000000,
	0x00C7801B, 0x0836186C, 0x28200FF8, 0x00000000,
	0x00C7A01B, 0x0836186C, 0x24200FF8, 0x00000000,
	0x00C7C01B, 0x0836186C, 0x22200FF8, 0x00000000,
	0x00A7821B, 0x0836186C, 0x28300FF8, 0x00000000,
	0x00A7A21B, 0x0836186C, 0x24300FF8, 0x00000000,
	0x00A7C21B, 0x0836186C, 0x22300FF8, 0x00000000,
	0x0223681B, 0x0C3612A8, 0x2E80181C, 0x00000000,
	0x00A2E01B, 0x3636186C, 0x28400FF8, 0x00000000,
	0x00A3201B, 0x3636186C, 0x24600FF8, 0x00000000,
	0x0041C100, 0x4554186C, 0x21500FF8, 0x00000000,
	0x01400000, 0x45FEA86C, 0x28600FF8, 0x00000000,
	0x0140081B, 0x6554106C, 0x2C700FF8, 0x00000000,
	0x00830000, 0x7436186E, 0x1E900FF8, 0x00000000,
	0x00834055, 0x7436186E, 0x5070E818, 0x00000000,
	0x00C0001B, 0x2436186C, 0x20708800, 0x00000000,
	0x00C0201B, 0x2436186C, 0x20704800, 0x00000000,
	0x00C0401B, 0x2436186C, 0x20702800, 0x00000000,
	0x00C0601B, 0x2436186C, 0x20701800, 0x00000000,
	0x00C1A81B, 0x0836186C, 0x28A00FF8, 0x00000000,
	0x00C1C81B, 0x0836186C, 0x24A00FF8, 0x00000000,
	0x0647401B, 0xC4361BFF, 0x1078E800, 0x00000000,
	0x0020001B, 0xA436106C, 0x2070C848, 0x00000000,
	0x0041801B, 0xA42A186C, 0x2070C850, 0x00000000,
	0x0087601B, 0xC400286C, 0x3070E801, 0x00000000,
	0x00222078, 0x00000000, 0x0060811B, 0x0836106C,
	0x3E500FF8, 0x00000000, 0x00C0001B, 0x0836186C,
	0x20708800, 0x00000000, 0x00C0201B, 0x0836186C,
	0x20704800, 0x00000000, 0x00C0401B, 0x0836186C,
	0x20702800, 0x00000000, 0x00C0601B, 0x0836186C,
	0x20701800, 0x00000000, 0x0041881B, 0x082A186C,
	0x2070C848, 0x00000000, 0x00200600, 0x0836106C,
	0x20708850, 0x00000000, 0x00200400, 0x0836106C,
	0x20704850, 0x00000000, 0x00200200, 0x0836106C,
	0x20702850, 0x00000000, 0x00200655, 0x0836106C,
	0x20708858, 0x00000000, 0x00200455, 0x0836106C,
	0x20704858, 0x00000000, 0x00200255, 0x0836106C,
	0x20702858, 0x00000000, 0x002006AA, 0x0836106C,
	0x20708860, 0x00000000, 0x002004AA, 0x0836106C,
	0x20704860, 0x00000000, 0x002002AA, 0x0836106C,
	0x20702860, 0x00000000, 0x02C1201B, 0x08361801,
	0x58801854, 0x00000000, 0x02C1401B, 0x08361955,
	0x5480185C, 0x00000000, 0x02C1001B, 0x08361AA9,
	0x52801864, 0x00000000, 0x006008FF, 0x0836146E,
	0x1C800FF8, 0x00000000, 0x0647401B, 0xC4361BFF,
	0x1078E800, 0x00000000, 0x0140081B, 0x8554106C,
	0x2E800FF8, 0x00000000, 0x0040001B, 0x8437086C,
	0x2C800FF8, 0x00000000, 0x0120081B, 0x85FE106C,
	0x2E800FF8, 0x00000000, 0x00600000, 0x84361156,
	0x18800FF8, 0x00000000, 0x004160AA, 0x8400186C,
	0x22800FF8, 0x00000000, 0x0120081B, 0x85FE106C,
	0x28800FF8, 0x00000000, 0x006008FF, 0x0836146E,
	0x1C800FF8, 0x00000000, 0x0087601B, 0xC400286C,
	0x3070E800, 0x00000000, 0x0040001B, 0x8437086C,
	0x2C800FF8, 0x00000000, 0x00600055, 0x84361402,
	0x14800FF8, 0x00000000, 0x00816055, 0x0CAB0802,
	0x11800FF8, 0x00000000, 0x004160FF, 0x8554186C,
	0x21800FF8, 0x00000000, 0x0060091B, 0x843613FC,
	0x23800FF8, 0x00000000, 0x004000AA, 0x85FF086C,
	0x20701819, 0x00000000, 0x000B2078, 0x00000000,
	0x00C0001B, 0x0836186C, 0x20708800, 0x00000000,
	0x00C0201B, 0x0836186C, 0x20704800, 0x00000000,
	0x00C0401B, 0x0836186C, 0x20702800, 0x00000000,
	0x00C0601B, 0x0836186C, 0x20701800, 0x00000000,
	0x00C1E01B, 0x0836186C, 0x20708848, 0x00000000,
	0x00C2001B, 0x0836186C, 0x20704848, 0x00000000,
	0x00C2201B, 0x0836186C, 0x20708850, 0x00000000,
	0x00C2401B, 0x0836186C, 0x20704850, 0x00000000,
	0x00A2631B, 0x0C36106C, 0x20701818, 0x00000000,
	0x0647401B, 0xC4361BFF, 0x1078E800, 0x00000000,
	0x0087601B, 0xC400286C, 0x3070E801, 0x00000000,
	0x00252078, 0x00000000, 0x0040EA1B, 0x09FE186C,
	0x2C000FF8, 0x00000000, 0x01A00000, 0x0436106C,
	0x20700FF8, 0x00000000, 0x00478C00, 0x0836186C,
	0x2F400FFA, 0x00000000, 0x0047AC00, 0x0836186C,
	0x2F500FFA, 0x00000000, 0x0047CC00, 0x0836186C,
	0x2F600FFA, 0x00000000, 0x01A00055, 0x0436106C,
	0x20700FF8, 0x00000000, 0x00600CFF, 0x08361400,
	0x28900FF8, 0x00000000, 0x0041881B, 0x082A186C,
	0x2070C848, 0x00000000, 0x00878000, 0x9436186D,
	0x1F400FFA, 0x00000000, 0x0087A000, 0x9436186D,
	0x5F500FFA, 0x00000000, 0x0087C000, 0x9436186D,
	0x9F600FFA, 0x00000000, 0x00C0001B, 0x0836886C,
	0x28000FF8, 0x00000000, 0x00C0001B, 0x0836A86C,
	0x24000FF8, 0x00000000, 0x00C0001B, 0x0836C86C,
	0x22000FF8, 0x00000000, 0x00C0001B, 0x0436186C,
	0x20708800, 0x00000000, 0x00C0201B, 0x0436186C,
	0x20704800, 0x00000000, 0x00C0401B, 0x0436186C,
	0x20702800, 0x00000000, 0x00C0601B, 0x0436186C,
	0x20701800, 0x00000000, 0x00C1201B, 0x0436186C,
	0x28800FF8, 0x00000000, 0x00C1401B, 0x0436186C,
	0x24800FF8, 0x00000000, 0x00C1001B, 0x0436186C,
	0x22800FF8, 0x00000000, 0x006008FF, 0x0836146E,
	0x1C800FF8, 0x00000000, 0x0647401B, 0xC4361BFF,
	0x1078E800, 0x00000000, 0x0140081B, 0x8554106C,
	0x2E800FF8, 0x00000000, 0x0040001B, 0x8437086C,
	0x2C800FF8, 0x00000000, 0x0120081B, 0x85FE106C,
	0x2E800FF8, 0x00000000, 0x00600000, 0x84361156,
	0x18800FF8, 0x00000000, 0x004160AA, 0x8400186C,
	0x22800FF8, 0x00000000, 0x0120081B, 0x85FE106C,
	0x28800FF8, 0x00000000, 0x006008FF, 0x0836146E,
	0x1C800FF8, 0x00000000, 0x0087601B, 0xC400286C,
	0x3070E800, 0x00000000, 0x0040001B, 0x8437086C,
	0x2C800FF8, 0x00000000, 0x00600055, 0x84361402,
	0x14800FF8, 0x00000000, 0x00816055, 0x0CAB0802,
	0x11800FF8, 0x00000000, 0x004160FF, 0x8554186C,
	0x21800FF8, 0x00000000, 0x0060091B, 0x843613FC,
	0x23800FF8, 0x00000000, 0x004000AA, 0x85FF086C,
	0x20701819, 0x00000000, 0x00562078, 0x00000000,
	0x0040EA1B, 0x09FE186C, 0x2C200FF8, 0x00000000,
	0x01A00000, 0x2436106C, 0x20700FF8, 0x00000000,
	0x00478C00, 0x0836186C, 0x2F300FFA, 0x00000000,
	0x0047AC00, 0x0836186C, 0x2F400FFA, 0x00000000,
	0x0047CC00, 0x0836186C, 0x2F500FFA, 0x00000000,
	0x01A00055, 0x2436106C, 0x20700FF8, 0x00000000,
	0x00600CFF, 0x08361400, 0x28600FF8, 0x00000000,
	0x00C1E81B, 0x0836186C, 0x20708848, 0x00000000,
	0x00878000, 0x6436186C, 0xDF700FFA, 0x00000000,
	0x0087A000, 0x6436186D, 0x1F800FFA, 0x00000000,
	0x0087C000, 0x6436186D, 0x5F900FFA, 0x00000000,
	0x00C0001B, 0x0836E86C, 0x28A00FF8, 0x00000000,
	0x00C0001B, 0x0837086C, 0x24A00FF8, 0x00000000,
	0x00C0001B, 0x0837286C, 0x22A00FF8, 0x00000000,
	0x00A0021B, 0x0836E86C, 0x28B00FF8, 0x00000000,
	0x00A0021B, 0x0837086C, 0x24B00FF8, 0x00000000,
	0x00A0021B, 0x0837286C, 0x22B00FF8, 0x00000000,
	0x0062201B, 0x0C36146E, 0x9E300FF8, 0x00000000,
	0x00A0001B, 0xB437686C, 0x21000FF8, 0x00000000,
	0x00C0001B, 0xA436186C, 0x20708800, 0x00000000,
	0x08A0001B, 0x34366BFC, 0x11410FF8, 0x00000000,
	0x00C0201B, 0xA436186C, 0x20704800, 0x00000000,
	0x0040001B, 0xB5FE286C, 0x2E200FF8, 0x00000000,
	0x08A2E01B, 0x26361BFD, 0x12410FF8, 0x00000000,
	0x008228FF, 0x47FE1BFC, 0x28600FF8, 0x00000000,
	0x0040001B, 0x35FE286C, 0x2E500FF8, 0x00000000,
	0x00A0001B, 0x5436486C, 0x28700FF8, 0x00000000,
	0x00A2401B, 0x5636186C, 0x21800FF8, 0x00000000,
	0x0062801B, 0x0C36146E, 0x9EB00FF8, 0x00000000,
	0x004240FF, 0x85FE186C, 0x21900FF8, 0x00000000,
	0x006260FF, 0x943613FC, 0x32700FF8, 0x00000000,
	0x00A0001B, 0xB437686C, 0x21B00FF8, 0x00000000,
	0x00A3201B, 0x2636186C, 0x21600FF8, 0x00000000,
	0x0841C1AA, 0x45541BFE, 0xD1510FF8, 0x00000000,
	0x008288FF, 0xB7FE1BFC, 0x24600FF8, 0x00000000,
	0x0040001B, 0xB5FE286C, 0x2E000FF8, 0x00000000,
	0x00A0001B, 0x0436486C, 0x24700FF8, 0x00000000,
	0x00A2A01B, 0x0636186C, 0x21200FF8, 0x00000000,
	0x014000AA, 0x45FEA86C, 0x22600FF8, 0x00000000,
	0x0042A0FF, 0x25FE186C, 0x21300FF8, 0x00000000,
	0x0062C0FF, 0x343613FC, 0x31700FF8, 0x00000000,
	0x0140081B, 0x6554106C, 0x2F800FF8, 0x00000000,
	0x0140081B, 0x7554106C, 0x2F900FF8, 0x00000000,
	0x0120081B, 0x85FE106C, 0x2FB00FF8, 0x00000000,
	0x0120081B, 0x95FE106C, 0x2F000FF8, 0x00000000,
	0x0023601B, 0x0C36106C, 0x2E300FF8, 0x00000000,
	0x0040001B, 0xB436086C, 0x2C400FF8, 0x00000000,
	0x0040001B, 0x457E086C, 0x2C500FF8, 0x00000000,
	0x00826000, 0x5436186C, 0xDE400FF8, 0x00000000,
	0x0082C055, 0x5436186D, 0x1E600FF8, 0x00000000,
	0x008300AA, 0xB436186D, 0x9E500FF8, 0x00000000,
	0x008340FF, 0xB436186D, 0x5070E818, 0x00000000,
	0x00C0401B, 0xA436186C, 0x20702800, 0x00000000,
	0x00C0601B, 0xA436186C, 0x20701800, 0x00000000,
	0x00C2081B, 0x0836186C, 0x20704848, 0x00000000,
	0x00C2281B, 0x0836186C, 0x20708850, 0x00000000,
	0x00C2481B, 0x0836186C, 0x20704850, 0x00000000,
	0x00C2681B, 0x0836186C, 0x20708858, 0x00000000,
	0x00C2881B, 0x0836186C, 0x20704858, 0x00000000,
	0x00C2A81B, 0x0836186C, 0x20708860, 0x00000000,
	0x00C2C81B, 0x0836186C, 0x20704860, 0x00000000,
	0x00C1201B, 0xA436186C, 0x28600FF8, 0x00000000,
	0x00C1401B, 0xA436186C, 0x24600FF8, 0x00000000,
	0x00C1001B, 0xA436186C, 0x22700FF8, 0x00000000,
	0x006008FF, 0x0836146D, 0x9C700FF8, 0x00000000,
	0x0647401B, 0xC4361BFF, 0x1078E800, 0x00000000,
	0x0140081B, 0x7554106C, 0x2E800FF8, 0x00000000,
	0x0040001B, 0x8437086C, 0x2C800FF8, 0x00000000,
	0x0120081B, 0x85FE106C, 0x2E900FF8, 0x00000000,
	0x00600000, 0x94361156, 0x58A00FF8, 0x00000000,
	0x004160AA, 0x9400186C, 0x22400FF8, 0x00000000,
	0x0120081B, 0xA5FE106C, 0x28900FF8, 0x00000000,
	0x006008FF, 0x0836146E, 0x5CB00FF8, 0x00000000,
	0x00A0A01B, 0x2636186C, 0x28700FF8, 0x00000000,
	0x0040001B, 0xB437686C, 0x2C000FF8, 0x00000000,
	0x00600055, 0x04361400, 0x14300FF8, 0x00000000,
	0x01400000, 0x7600E86C, 0x28800FF8, 0x00000000,
	0x00816055, 0x0CAA6800, 0x11300FF8, 0x00000000,
	0x006008FF, 0x08361402, 0x14800FF8, 0x00000000,
	0x004160FF, 0x3554186C, 0x21400FF8, 0x00000000,
	0x0060091B, 0x443613FC, 0x23500FF8, 0x00000000,
	0x0087601B, 0xC400286C, 0x3070E800, 0x00000000,
	0x004000AA, 0x55FEA86C, 0x21600FF8, 0x00000000,
	0x0040001B, 0x85FEC86C, 0x2C900FF8, 0x00000000,
	0x0041C0FF, 0x6554186C, 0x20701818, 0x00000000,
	0x0041C001, 0x9554186C, 0x2070F821, 0x00000000,
	0x00262078, 0x00000000, 0x0040EA1B, 0x09FE186C,
	0x2C000FF8, 0x00000000, 0x01A00000, 0x0436106C,
	0x20700FF8, 0x00000000, 0x00478C00, 0x0836186C,
	0x2F400FFA, 0x00000000, 0x0047AC00, 0x0836186C,
	0x2F500FFA, 0x00000000, 0x0047CC00, 0x0836186C,
	0x2F600FFA, 0x00000000, 0x01A00055, 0x0436106C,
	0x20700FF8, 0x00000000, 0x00600CFF, 0x08361400,
	0x28900FF8, 0x00000000, 0x00C1A81B, 0x0836186C,
	0x20708848, 0x00000000, 0x00878000, 0x9436186D,
	0x1F400FFA, 0x00000000, 0x0087A000, 0x9436186D,
	0x5F500FFA, 0x00000000, 0x0087C000, 0x9436186D,
	0x9F600FFA, 0x00000000, 0x00C0001B, 0x0836886C,
	0x28000FF8, 0x00000000, 0x00C0001B, 0x0836A86C,
	0x24000FF8, 0x00000000, 0x00C0001B, 0x0836C86C,
	0x22000FF8, 0x00000000, 0x00C1C81B, 0x0836186C,
	0x20704848, 0x00000000, 0x00C0001B, 0x0436186C,
	0x20708800, 0x00000000, 0x00C0201B, 0x0436186C,
	0x20704800, 0x00000000, 0x00C0401B, 0x0436186C,
	0x20702800, 0x00000000, 0x00C0601B, 0x0436186C,
	0x20701800, 0x00000000, 0x00C1201B, 0x0436186C,
	0x28800FF8, 0x00000000, 0x00C1401B, 0x0436186C,
	0x24800FF8, 0x00000000, 0x00C1001B, 0x0436186C,
	0x22800FF8, 0x00000000, 0x006008FF, 0x0836146E,
	0x1C800FF8, 0x00000000, 0x0647401B, 0xC4361BFF,
	0x1078E800, 0x00000000, 0x0140081B, 0x8554106C,
	0x2E800FF8, 0x00000000, 0x0040001B, 0x8437086C,
	0x2C800FF8, 0x00000000, 0x0120081B, 0x85FE106C,
	0x2E800FF8, 0x00000000, 0x00600000, 0x84361156,
	0x18800FF8, 0x00000000, 0x004160AA, 0x8400186C,
	0x22800FF8, 0x00000000, 0x0120081B, 0x85FE106C,
	0x28800FF8, 0x00000000, 0x006008FF, 0x0836146E,
	0x1C800FF8, 0x00000000, 0x0087601B, 0xC400286C,
	0x3070E800, 0x00000000, 0x0040001B, 0x8437086C,
	0x2C800FF8, 0x00000000, 0x00600055, 0x84361402,
	0x14800FF8, 0x00000000, 0x00816055, 0x0CAB0802,
	0x11800FF8, 0x00000000, 0x004160FF, 0x8554186C,
	0x21800FF8, 0x00000000, 0x0060091B, 0x843613FC,
	0x23800FF8, 0x00000000, 0x004000AA, 0x85FF086C,
	0x20701819, 0x00000000, 0x001E2078, 0x00000000,
	0x0041F000, 0x0800186C, 0x24200FF8, 0x00000000,
	0x0BA00055, 0x24361154, 0x90140FF8, 0x00000000,
	0x0227921B, 0x0C36106C, 0x2F30E81E, 0x00000000,
	0x0041E055, 0x14AA186C, 0x24400FF8, 0x00000000,
	0x0BA00055, 0x44361155, 0x10140FF8, 0x00000000,
	0x0022A01B, 0x0C36106C, 0x2F500FFA, 0x00000000,
	0x0041E055, 0x14AA186C, 0x24600FF8, 0x00000000,
	0x01A00055, 0x6436106C, 0x20700FF8, 0x00000000,
	0x0022201B, 0x0C36106C, 0x2F700FFA, 0x00000000,
	0x0020001B, 0x0836106C, 0x2E800FF8, 0x00000000,
	0x00C0061B, 0x8436106C, 0x22800FF8, 0x00000000,
	0x0140A9AA, 0x0D54106C, 0x21A00FF8, 0x00000000,
	0x0082041B, 0x8434186C, 0x2E900FF8, 0x00000000,
	0x004000FF, 0xA5FEA86C, 0x21B00FF8, 0x00000000,
	0x004000FF, 0xB5FE686C, 0x21000FF8, 0x00000000,
	0x008200FF, 0x0DFE086E, 0x52900FF8, 0x00000000,
	0x004000BF, 0x557EE86C, 0x2C400FF8, 0x00000000,
	0x0060801B, 0x9436146C, 0x3E200FF8, 0x00000000,
	0x00800015, 0x757E6854, 0xD070C848, 0x00000000,
	0x00A0A01B, 0x2436186C, 0x21400FF8, 0x00000000,
	0x008000FF, 0x44AAA801, 0x50701818, 0x00000000,
	0x0040001B, 0x457E686C, 0x2C500FF8, 0x00000000,
	0x0080C01B, 0x0C00A86E, 0x5E600FF8, 0x00000000,
	0x0080E01B, 0x0CAAA86D, 0x9E800FF8, 0x00000000,
	0x00C0001B, 0x8436186C, 0x20708800, 0x00000000,
	0x00C0201B, 0x8436186C, 0x20704800, 0x00000000,
	0x00C0401B, 0x8436186C, 0x20702800, 0x00000000,
	0x00C0601B, 0x8436186C, 0x20701800, 0x00000000,
	0x0647401B, 0xC4361BFF, 0x1078E800, 0x00000000,
	0x0087601B, 0xC400286C, 0x3070E801, 0x00000000,
	0x002D2078, 0x00000000, 0x0060811B, 0x0836106C,
	0x3E500FF8, 0x00000000, 0x00C0001B, 0x0836186C,
	0x20708800, 0x00000000, 0x00A0021B, 0x5436106C,
	0x28600FF8, 0x00000000, 0x00C0201B, 0x0836186C,
	0x20704800, 0x00000000, 0x00400200, 0x6436106C,
	0x2E600FF8, 0x00000000, 0x0080801A, 0x65FE1C6D,
	0x5E600FF8, 0x00000000, 0x00C0401B, 0x0836186C,
	0x20702800, 0x00000000, 0x00C0601B, 0x0836186C,
	0x20701800, 0x00000000, 0x0022001B, 0x0C36106C,
	0x2EB00FF8, 0x00000000, 0x0041E063, 0x0D0F686C,
	0x2EA00FF8, 0x00000000, 0x0081E163, 0xB50E186E,
	0x9EA00FF8, 0x00000000, 0x00A1E01B, 0x6436186C,
	0x20708848, 0x00000000, 0x00A2001B, 0x6436186C,
	0x20704848, 0x00000000, 0x00A0001B, 0x6437486C,
	0x20702848, 0x00000000, 0x00C2281B, 0x0836186C,
	0x20708850, 0x00000000, 0x00C2481B, 0x0836186C,
	0x20704850, 0x00000000, 0x00C2681B, 0x0836186C,
	0x20708858, 0x00000000, 0x00C2881B, 0x0836186C,
	0x20704858, 0x00000000, 0x00C2A81B, 0x0836186C,
	0x20708860, 0x00000000, 0x00C2C81B, 0x0836186C,
	0x20704860, 0x00000000, 0x00C1201B, 0x0836186C,
	0x28800FF8, 0x00000000, 0x00C1401B, 0x0836186C,
	0x24800FF8, 0x00000000, 0x00C1001B, 0x0836186C,
	0x22800FF8, 0x00000000, 0x006008FF, 0x0836146E,
	0x1C800FF8, 0x00000000, 0x00A0A21B, 0x0A36186C,
	0x28A00FF8, 0x00000000, 0x0140081B, 0x8554106C,
	0x2E800FF8, 0x00000000, 0x0040001B, 0x8437086C,
	0x2C800FF8, 0x00000000, 0x0120081B, 0x85FE106C,
	0x2E800FF8, 0x00000000, 0x00600000, 0x84361156,
	0x18800FF8, 0x00000000, 0x004160AA, 0x8400186C,
	0x22800FF8, 0x00000000, 0x0120081B, 0x85FE106C,
	0x28800FF8, 0x00000000, 0x006008FF, 0x0836146E,
	0x1C800FF8, 0x00000000, 0x01400000, 0xA601486C,
	0x28A00FF8, 0x00000000, 0x0040001B, 0x8437086C,
	0x2C800FF8, 0x00000000, 0x00600055, 0x84361402,
	0x14800FF8, 0x00000000, 0x006008FF, 0x08361402,
	0x94A00FF8, 0x00000000, 0x00816055, 0x0CAB0802,
	0x11800FF8, 0x00000000, 0x0647401B, 0xC4361BFF,
	0x1078E800, 0x00000000, 0x004160FF, 0x8554186C,
	0x21800FF8, 0x00000000, 0x0060091B, 0x843613FC,
	0x23800FF8, 0x00000000, 0x0087601B, 0xC400286C,
	0x3070E800, 0x00000000, 0x004000AA, 0x85FF086C,
	0x21800FF8, 0x00000000, 0x0040001B, 0xA5FF086C,
	0x2CA00FF8, 0x00000000, 0x0041C0FF, 0x8554186C,
	0x20701818, 0x00000000, 0x0041C001, 0xA554186C,
	0x2070F821, 0x00000000, 0x002A2078, 0x00000000,
	0x0060811B, 0x0836106C, 0x3E500FF8, 0x00000000,
	0x00C0001B, 0x0836186C, 0x20708800, 0x00000000,
	0x00C0201B, 0x0836186C, 0x20704800, 0x00000000,
	0x00C0401B, 0x0836186C, 0x20702800, 0x00000000,
	0x00C0601B, 0x0836186C, 0x20701800, 0x00000000,
	0x0022001B, 0x0C36106C, 0x2EB00FF8, 0x00000000,
	0x0041E063, 0x0D0F686C, 0x2EA00FF8, 0x00000000,
	0x0081E163, 0xB50E186E, 0x9EA00FF8, 0x00000000,
	0x00A1E01B, 0x5436186C, 0x20708848, 0x00000000,
	0x00A2001B, 0x5436186C, 0x20704848, 0x00000000,
	0x00A0001B, 0x5437486C, 0x20702848, 0x00000000,
	0x00C2281B, 0x0836186C, 0x20708850, 0x00000000,
	0x00C2481B, 0x0836186C, 0x20704850, 0x00000000,
	0x00C2681B, 0x0836186C, 0x20708858, 0x00000000,
	0x00C2881B, 0x0836186C, 0x20704858, 0x00000000,
	0x00C2A81B, 0x0836186C, 0x20708860, 0x00000000,
	0x00C2C81B, 0x0836186C, 0x20704860, 0x00000000,
	0x00C1201B, 0x0836186C, 0x28800FF8, 0x00000000,
	0x00C1401B, 0x0836186C, 0x24800FF8, 0x00000000,
	0x00C1001B, 0x0836186C, 0x22800FF8, 0x00000000,
	0x006008FF, 0x0836146E, 0x1C800FF8, 0x00000000,
	0x00A0A21B, 0x0A36186C, 0x28A00FF8, 0x00000000,
	0x0140081B, 0x8554106C, 0x2E800FF8, 0x00000000,
	0x0040001B, 0x8437086C, 0x2C800FF8, 0x00000000,
	0x0120081B, 0x85FE106C, 0x2E800FF8, 0x00000000,
	0x00600000, 0x84361156, 0x18800FF8, 0x00000000,
	0x004160AA, 0x8400186C, 0x22800FF8, 0x00000000,
	0x0120081B, 0x85FE106C, 0x28800FF8, 0x00000000,
	0x006008FF, 0x0836146E, 0x1C800FF8, 0x00000000,
	0x01400000, 0xA601486C, 0x28A00FF8, 0x00000000,
	0x0040001B, 0x8437086C, 0x2C800FF8, 0x00000000,
	0x00600055, 0x84361402, 0x14800FF8, 0x00000000,
	0x006008FF, 0x08361402, 0x94A00FF8, 0x00000000,
	0x00816055, 0x0CAB0802, 0x11800FF8, 0x00000000,
	0x0647401B, 0xC4361BFF, 0x1078E800, 0x00000000,
	0x004160FF, 0x8554186C, 0x21800FF8, 0x00000000,
	0x0060091B, 0x843613FC, 0x23800FF8, 0x00000000,
	0x0087601B, 0xC400286C, 0x3070E800, 0x00000000,
	0x004000AA, 0x85FF086C, 0x21800FF8, 0x00000000,
	0x0040001B, 0xA5FF086C, 0x2CA00FF8, 0x00000000,
	0x0041C0FF, 0x8554186C, 0x20701818, 0x00000000,
	0x0041C001, 0xA554186C, 0x2070F821, 0x00000000,
	0x003B2078, 0x00000000, 0x0040EA1B, 0x09FE186C,
	0x2C200FF8, 0x00000000, 0x01A00000, 0x2436106C,
	0x20700FF8, 0x00000000, 0x00478C00, 0x0836186C,
	0x2F300FFA, 0x00000000, 0x0047AC00, 0x0836186C,
	0x2F400FFA, 0x00000000, 0x0047CC00, 0x0836186C,
	0x2F500FFA, 0x00000000, 0x01A00055, 0x2436106C,
	0x20700FF8, 0x00000000, 0x00600CFF, 0x08361400,
	0x28600FF8, 0x00000000, 0x0041881B, 0x082A186C,
	0x2070C848, 0x00000000, 0x00878000, 0x6436186C,
	0xDF700FFA, 0x00000000, 0x0087A000, 0x6436186D,
	0x1F800FFA, 0x00000000, 0x0087C000, 0x6436186D,
	0x5F900FFA, 0x00000000, 0x00C0001B, 0x0836E86C,
	0x28A00FF8, 0x00000000, 0x00C0001B, 0x0837086C,
	0x24A00FF8, 0x00000000, 0x00C0001B, 0x0837286C,
	0x22A00FF8, 0x00000000, 0x00A0021B, 0x0836E86C,
	0x28B00FF8, 0x00000000, 0x00A0021B, 0x0837086C,
	0x24B00FF8, 0x00000000, 0x00A0021B, 0x0837286C,
	0x22B00FF8, 0x00000000, 0x00A0041B, 0x0836E86C,
	0x28300FF8, 0x00000000, 0x00A0001B, 0xB437686C,
	0x21000FF8, 0x00000000, 0x00A0041B, 0x0837286C,
	0x22300FF8, 0x00000000, 0x08A0041B, 0x08370BFC,
	0x14310FF8, 0x00000000, 0x00A0061B, 0x0836E86C,
	0x28600FF8, 0x00000000, 0x0040001B, 0xB5FE286C,
	0x2E200FF8, 0x00000000, 0x02A0001B, 0x3436686C,
	0x9140E85C, 0x00000000, 0x00A0061B, 0x0837286C,
	0x22600FF8, 0x00000000, 0x08A0061B, 0x08370BFD,
	0x14610FF8, 0x00000000, 0x0060811B, 0xA436106C,
	0x3E900FF8, 0x00000000, 0x0040001B, 0x35FE286C,
	0x2E500FF8, 0x00000000, 0x00A0001B, 0x6436C86C,
	0x21700FF8, 0x00000000, 0x00C0001B, 0xA436186C,
	0x20708800, 0x00000000, 0x08A0001B, 0x94364BFD,
	0xD8B10FF8, 0x00000000, 0x00C0201B, 0xA436186C,
	0x20704800, 0x00000000, 0x0040001B, 0x65FE286C,
	0x2E800FF8, 0x00000000, 0x00400000, 0xB436486C,
	0x2E000FF8, 0x00000000, 0x0080801A, 0x05FE1C6E,
	0x5E300FF8, 0x00000000, 0x00C0401B, 0xA436186C,
	0x20702800, 0x00000000, 0x00C0601B, 0xA436186C,
	0x20701800, 0x00000000, 0x00A0A11B, 0x0C37086C,
	0x20708850, 0x00000000, 0x00A0A11B, 0x0C36A86C,
	0x20704850, 0x00000000, 0x00A0A11B, 0x0C36486C,
	0x20702850, 0x00000000, 0x02C1201B, 0xA436186C,
	0xD820E864, 0x00000000, 0x00C1401B, 0xA436186C,
	0x24200FF8, 0x00000000, 0x00C1001B, 0xA436186C,
	0x22300FF8, 0x00000000, 0x006008FF, 0x0836146C,
	0x9C300FF8, 0x00000000, 0x0647401B, 0xC4361BFF,
	0x1078E800, 0x00000000, 0x0140081B, 0x3554106C,
	0x2E400FF8, 0x00000000, 0x0040001B, 0x4436886C,
	0x2C400FF8, 0x00000000, 0x0120081B, 0x45FE106C,
	0x2E500FF8, 0x00000000, 0x00600000, 0x54361155,
	0x58600FF8, 0x00000000, 0x004160AA, 0x5400186C,
	0x22B00FF8, 0x00000000, 0x0120081B, 0x65FE106C,
	0x28500FF8, 0x00000000, 0x006008FF, 0x0836146D,
	0x5C700FF8, 0x00000000, 0x0087601B, 0xC400286C,
	0x3070E800, 0x00000000, 0x0040001B, 0x7436E86C,
	0x2C800FF8, 0x00000000, 0x00600055, 0x84361402,
	0x14900FF8, 0x00000000, 0x00816055, 0x0CAB2802,
	0x11A00FF8, 0x00000000, 0x004160FF, 0xA554186C,
	0x21B00FF8, 0x00000000, 0x0060091B, 0xB43613FC,
	0x23000FF8, 0x00000000, 0x004000AA, 0x05FE086C,
	0x20701819, 0x00000000, 0x000E2078, 0x00000000,
	0x00C0001B, 0x0836186C, 0x20708800, 0x00000000,
	0x00C0201B, 0x0836186C, 0x20704800, 0x00000000,
	0x00C0401B, 0x0836186C, 0x20702800, 0x00000000,
	0x00C0601B, 0x0836186C, 0x20701800, 0x00000000,
	0x0020021B, 0x0836106C, 0x2E200FF8, 0x00000000,
	0x0220041B, 0x0836106C, 0x9E30E84C, 0x00000000,
	0x0220061B, 0x0836106C, 0xDE40E854, 0x00000000,
	0x0060811B, 0x0836106C, 0x3E500FF8, 0x00000000,
	0x0020001B, 0x4436106C, 0x2070E858, 0x00000000,
	0x0020001B, 0x5436106C, 0x2070E860, 0x00000000,
	0x0080A01B, 0x25FE1BFC, 0x3070E818, 0x00000000,
	0x0080A01B, 0x35FE1BFC, 0x3070E820, 0x00000000,
	0x0647401B, 0xC4361BFF, 0x1078E800, 0x00000000,
	0x0087601B, 0xC400286C, 0x3070E801, 0x00000000,
	0x000B2078, 0x00000000, 0x0020001B, 0x0836106C,
	0x2070C800, 0x00000000, 0x00C1E81B, 0x0836186C,
	0x20708848, 0x00000000, 0x00C2081B, 0x0836186C,
	0x20704848, 0x00000000, 0x00C2281B, 0x0836186C,
	0x20708850, 0x00000000, 0x00C2481B, 0x0836186C,
	0x20704850, 0x00000000, 0x00C2681B, 0x0836186C,
	0x20708858, 0x00000000, 0x00C2881B, 0x0836186C,
	0x20704858, 0x00000000, 0x00C2A81B, 0x0836186C,
	0x20708860, 0x00000000, 0x00C2C81B, 0x0836186C,
	0x20704860, 0x00000000, 0x0647401B, 0xC4361BFF,
	0x1078E800, 0x00000000, 0x0087601B, 0xC400286C,
	0x3070E801, 0x00000000, 0x00152078, 0x00000000,
	0x0040EA1B, 0x09FE186C, 0x2C000FF8, 0x00000000,
	0x01A00000, 0x0436106C, 0x20700FF8, 0x00000000,
	0x00478C00, 0x0836186C, 0x2F400FFA, 0x00000000,
	0x0047AC00, 0x0836186C, 0x2F500FFA, 0x00000000,
	0x0047CC00, 0x0836186C, 0x2F600FFA, 0x00000000,
	0x01A00055, 0x0436106C, 0x20700FF8, 0x00000000,
	0x00600CFF, 0x08361400, 0x28900FF8, 0x00000000,
	0x00C1A81B, 0x0836186C, 0x20708848, 0x00000000,
	0x00878000, 0x9436186D, 0x1F400FFA, 0x00000000,
	0x0087A000, 0x9436186D, 0x5F500FFA, 0x00000000,
	0x0087C000, 0x9436186D, 0x9F600FFA, 0x00000000,
	0x00C0001B, 0x0836886C, 0x28000FF8, 0x00000000,
	0x00C0001B, 0x0836A86C, 0x24000FF8, 0x00000000,
	0x00C0001B, 0x0836C86C, 0x22000FF8, 0x00000000,
	0x00C1C81B, 0x0836186C, 0x20704848, 0x00000000,
	0x00C3801B, 0x0436186C, 0x20708800, 0x00000000,
	0x00C3A01B, 0x0436186C, 0x20704800, 0x00000000,
	0x00C3C01B, 0x0436186C, 0x20702800, 0x00000000,
	0x00C3E01B, 0x0436186C, 0x20701800, 0x00000000,
	0x0647401B, 0xC4361BFF, 0x1078E800, 0x00000000,
	0x0087601B, 0xC400286C, 0x3070E801, 0x00000000,
	0x000D2078, 0x00000000, 0x00C0001B, 0x0836186C,
	0x20708800, 0x00000000, 0x00C0201B, 0x0836186C,
	0x20704800, 0x00000000, 0x00C0401B, 0x0836186C,
	0x20702800, 0x00000000, 0x00C0601B, 0x0836186C,
	0x20701800, 0x00000000, 0x00C1A81B, 0x0836186C,
	0x28A00FF8, 0x00000000, 0x00C1C81B, 0x0836186C,
	0x24A00FF8, 0x00000000, 0x0647401B, 0xC4361BFF,
	0x1078E800, 0x00000000, 0x0020001B, 0xA436106C,
	0x2070C848, 0x00000000, 0x0041801B, 0xA42A186C,
	0x2070C850, 0x00000000, 0x0041801B, 0xA57E186C,
	0x2070C858, 0x00000000, 0x0041A01B, 0xA554186C,
	0x20708860, 0x00000000, 0x0041C01B, 0xA554186C,
	0x20704860, 0x00000000, 0x0087601B, 0xC400286C,
	0x3070E801, 0x00000000, 0x00152078, 0x00000000,
	0x0061E01B, 0x0C36146C, 0x2E400FF8, 0x00000000,
	0x0060801B, 0x0C36146C, 0x2E500FF8, 0x00000000,
	0x00C0001B, 0x0836186C, 0x20708800, 0x00000000,
	0x00C0201B, 0x0836186C, 0x20704800, 0x00000000,
	0x00C0401B, 0x0836186C, 0x20702800, 0x00000000,
	0x00C0601B, 0x0836186C, 0x20701800, 0x00000000,
	0x00C1A81B, 0x0836186C, 0x28A00FF8, 0x00000000,
	0x00C1C81B, 0x0836186C, 0x24A00FF8, 0x00000000,
	0x00A2001B, 0x4436186C, 0x20708850, 0x00000000,
	0x0041801B, 0xA42A186C, 0x2070C848, 0x00000000,
	0x00A2201B, 0x4436186C, 0x20704850, 0x00000000,
	0x00A2401B, 0x4436186C, 0x20702850, 0x00000000,
	0x00A0061B, 0x5436106C, 0x20708858, 0x00000000,
	0x00A0041B, 0x5436106C, 0x20704858, 0x00000000,
	0x00A0021B, 0x5436106C, 0x20702858, 0x00000000,
	0x00A0061B, 0x4436106C, 0x20708860, 0x00000000,
	0x00A0041B, 0x4436106C, 0x20704860, 0x00000000,
	0x00A0021B, 0x4436106C, 0x20702860, 0x00000000,
	0x00C2611B, 0x4436186C, 0x20709828, 0x00000000,
	0x0647401B, 0xC4361BFF, 0x1078E800, 0x00000000,
	0x0087601B, 0xC400286C, 0x3070E801, 0x00000000,
	0x00102078, 0x00000000, 0x0060811B, 0x0836106C,
	0x3E500FF8, 0x00000000, 0x00C0001B, 0x0836186C,
	0x20708800, 0x00000000, 0x02A0021B, 0x5436106C,
	0x2860E85C, 0x00000000, 0x00C0201B, 0x0836186C,
	0x20704800, 0x00000000, 0x00400200, 0x6436106C,
	0x2E600FF8, 0x00000000, 0x0080801A, 0x65FE1C6D,
	0x5E600FF8, 0x00000000, 0x00C0401B, 0x0836186C,
	0x20702800, 0x00000000, 0x00C0601B, 0x0836186C,
	0x20701800, 0x00000000, 0x02C1A81B, 0x0836186D,
	0x98A0E864, 0x00000000, 0x00C1C81B, 0x0836186C,
	0x24A00FF8, 0x00000000, 0x00A0A71B, 0x0C36106C,
	0x20708850, 0x00000000, 0x0041801B, 0xA42A186C,
	0x2070C848, 0x00000000, 0x00A0A51B, 0x0C36106C,
	0x20704850, 0x00000000, 0x00A0A31B, 0x0C36106C,
	0x20702850, 0x00000000, 0x0647401B, 0xC4361BFF,
	0x1078E800, 0x00000000, 0x0087601B, 0xC400286C,
	0x3070E801, 0x00000000, 0x001F2078, 0x00000000,
	0x0060811B, 0x0836106C, 0x3E500FF8, 0x00000000,
	0x00C0001B, 0x0836186C, 0x20708800, 0x00000000,
	0x02A0021B, 0x5436106C, 0x2860E85C, 0x00000000,
	0x00C0201B, 0x0836186C, 0x20704800, 0x00000000,
	0x00400200, 0x6436106C, 0x2E600FF8, 0x00000000,
	0x0080801A, 0x65FE1C6D, 0x5E600FF8, 0x00000000,
	0x00C0401B, 0x0836186C, 0x20702800, 0x00000000,
	0x00C0601B, 0x0836186C, 0x20701800, 0x00000000,
	0x0041881B, 0x082A186C, 0x2070C848, 0x00000000,
	0x00A0A71B, 0x0C36106C, 0x20708850, 0x00000000,
	0x00A0A51B, 0x0C36106C, 0x20704850, 0x00000000,
	0x00A0A31B, 0x0C36106C, 0x20702850, 0x00000000,
	0x02C1201B, 0x0836186D, 0x9880E864, 0x00000000,
	0x00C1401B, 0x0836186C, 0x24800FF8, 0x00000000,
	0x00C1001B, 0x0836186C, 0x22800FF8, 0x00000000,
	0x006008FF, 0x0836146E, 0x1C800FF8, 0x00000000,
	0x0647401B, 0xC4361BFF, 0x1078E800, 0x00000000,
	0x0140081B, 0x8554106C, 0x2E800FF8, 0x00000000,
	0x0040001B, 0x8437086C, 0x2C800FF8, 0x00000000,
	0x0120081B, 0x85FE106C, 0x2E800FF8, 0x00000000,
	0x00600000, 0x84361156, 0x18800FF8, 0x00000000,
	0x004160AA, 0x8400186C, 0x22800FF8, 0x00000000,
	0x0120081B, 0x85FE106C, 0x28800FF8, 0x00000000,
	0x006008FF, 0x0836146E, 0x1C800FF8, 0x00000000,
	0x0087601B, 0xC400286C, 0x3070E800, 0x00000000,
	0x0040001B, 0x8437086C, 0x2C800FF8, 0x00000000,
	0x00600055, 0x84361402, 0x14800FF8, 0x00000000,
	0x00816055, 0x0CAB0802, 0x11800FF8, 0x00000000,
	0x004160FF, 0x8554186C, 0x21800FF8, 0x00000000,
	0x0060091B, 0x843613FC, 0x23800FF8, 0x00000000,
	0x004000AA, 0x85FF086C, 0x20701819, 0x00000000,
	0x00162078, 0x00000000, 0x0060811B, 0x0836106C,
	0x3E500FF8, 0x00000000, 0x00C0001B, 0x0836186C,
	0x20708800, 0x00000000, 0x00C0201B, 0x0836186C,
	0x20704800, 0x00000000, 0x00C0401B, 0x0836186C,
	0x20702800, 0x00000000, 0x00C0601B, 0x0836186C,
	0x20701800, 0x00000000, 0x00C1A81B, 0x0836186C,
	0x28A00FF8, 0x00000000, 0x00C1C81B, 0x0836186C,
	0x24A00FF8, 0x00000000, 0x00200600, 0x0836106C,
	0x20708850, 0x00000000, 0x0041801B, 0xA42A186C,
	0x2070C848, 0x00000000, 0x00200400, 0x0836106C,
	0x20704850, 0x00000000, 0x00200200, 0x0836106C,
	0x20702850, 0x00000000, 0x00200655, 0x0836106C,
	0x20708858, 0x00000000, 0x00200455, 0x0836106C,
	0x20704858, 0x00000000, 0x00200255, 0x0836106C,
	0x20702858, 0x00000000, 0x002006AA, 0x0836106C,
	0x20708860, 0x00000000, 0x002004AA, 0x0836106C,
	0x20704860, 0x00000000, 0x002002AA, 0x0836106C,
	0x20702860, 0x00000000, 0x00A0061B, 0x5436106C,
	0x20701850, 0x00000000, 0x00A0041B, 0x5436106C,
	0x20701858, 0x00000000, 0x00A00E1B, 0x5436106C,
	0x20701860, 0x00000000, 0x0647401B, 0xC4361BFF,
	0x1078E800, 0x00000000, 0x0087601B, 0xC400286C,
	0x3070E801, 0x00000000, 0x003B2078, 0x00000000,
	0x0040EA1B, 0x09FE186C, 0x2C200FF8, 0x00000000,
	0x01A00000, 0x2436106C, 0x20700FF8, 0x00000000,
	0x00478C00, 0x0836186C, 0x2F300FFA, 0x00000000,
	0x0047AC00, 0x0836186C, 0x2F400FFA, 0x00000000,
	0x0047CC00, 0x0836186C, 0x2F500FFA, 0x00000000,
	0x01A00055, 0x2436106C, 0x20700FF8, 0x00000000,
	0x00600CFF, 0x08361400, 0x28600FF8, 0x00000000,
	0x00C2281B, 0x0836186C, 0x20708850, 0x00000000,
	0x00878000, 0x6436186C, 0xDF700FFA, 0x00000000,
	0x0087A000, 0x6436186D, 0x1F800FFA, 0x00000000,
	0x0087C000, 0x6436186D, 0x5F900FFA, 0x00000000,
	0x00C0001B, 0x0836E86C, 0x28A00FF8, 0x00000000,
	0x00C0001B, 0x0837086C, 0x24A00FF8, 0x00000000,
	0x00C0001B, 0x0837286C, 0x22A00FF8, 0x00000000,
	0x00A0021B, 0x0836E86C, 0x28B00FF8, 0x00000000,
	0x00A0021B, 0x0837086C, 0x24B00FF8, 0x00000000,
	0x00A0021B, 0x0837286C, 0x22B00FF8, 0x00000000,
	0x00C0001B, 0xA436186C, 0x20708800, 0x00000000,
	0x00A0001B, 0xB437686C, 0x21000FF8, 0x00000000,
	0x00C0401B, 0xA436186C, 0x20702800, 0x00000000,
	0x08C0201B, 0xA4361BFC, 0x10114800, 0x00000000,
	0x00C0601B, 0xA436186C, 0x20701800, 0x00000000,
	0x0040001B, 0xB5FE286C, 0x2E200FF8, 0x00000000,
	0x0022001B, 0x0C36106C, 0x2E300FF8, 0x00000000,
	0x0041E063, 0x0D0E686C, 0x2E400FF8, 0x00000000,
	0x0081E163, 0x350E186D, 0x1E500FF8, 0x00000000,
	0x00A1E01B, 0x2436186C, 0x20708848, 0x00000000,
	0x00A2001B, 0x2436186C, 0x20704848, 0x00000000,
	0x00A0001B, 0x2436A86C, 0x20702848, 0x00000000,
	0x00C2481B, 0x0836186C, 0x20704850, 0x00000000,
	0x00C2681B, 0x0836186C, 0x20708858, 0x00000000,
	0x00C2881B, 0x0836186C, 0x20704858, 0x00000000,
	0x00C2A81B, 0x0836186C, 0x20708860, 0x00000000,
	0x00C2C81B, 0x0836186C, 0x20704860, 0x00000000,
	0x00C1201B, 0xA436186C, 0x28600FF8, 0x00000000,
	0x00C1401B, 0xA436186C, 0x24600FF8, 0x00000000,
	0x00C1001B, 0xA436186C, 0x22700FF8, 0x00000000,
	0x006008FF, 0x0836146D, 0x9C700FF8, 0x00000000,
	0x0647401B, 0xC4361BFF, 0x1078E800, 0x00000000,
	0x0140081B, 0x7554106C, 0x2E800FF8, 0x00000000,
	0x0040001B, 0x8437086C, 0x2C800FF8, 0x00000000,
	0x0120081B, 0x85FE106C, 0x2E900FF8, 0x00000000,
	0x00600000, 0x94361156, 0x58A00FF8, 0x00000000,
	0x004160AA, 0x9400186C, 0x22400FF8, 0x00000000,
	0x0120081B, 0xA5FE106C, 0x28900FF8, 0x00000000,
	0x006008FF, 0x0836146E, 0x5CB00FF8, 0x00000000,
	0x00A0A01B, 0x2636186C, 0x28700FF8, 0x00000000,
	0x0040001B, 0xB437686C, 0x2C000FF8, 0x00000000,
	0x00600055, 0x04361400, 0x14300FF8, 0x00000000,
	0x01400000, 0x7600E86C, 0x28800FF8, 0x00000000,
	0x00816055, 0x0CAA6800, 0x11300FF8, 0x00000000,
	0x006008FF, 0x08361402, 0x14800FF8, 0x00000000,
	0x004160FF, 0x3554186C, 0x21400FF8, 0x00000000,
	0x0060091B, 0x443613FC, 0x23500FF8, 0x00000000,
	0x0087601B, 0xC400286C, 0x3070E800, 0x00000000,
	0x004000AA, 0x55FEA86C, 0x21600FF8, 0x00000000,
	0x0040001B, 0x85FEC86C, 0x2C900FF8, 0x00000000,
	0x0041C0FF, 0x6554186C, 0x20701818, 0x00000000,
	0x0041C001, 0x9554186C, 0x2070F821, 0x00000000,
	0x00182078, 0x00000000, 0x00C0001B, 0x0836186C,
	0x20708800, 0x00000000, 0x00C0201B, 0x0836186C,
	0x20704800, 0x00000000, 0x00C0401B, 0x0836186C,
	0x20702800, 0x00000000, 0x00C0601B, 0x0836186C,
	0x20701800, 0x00000000, 0x0041881B, 0x082A186C,
	0x2070C848, 0x00000000, 0x00C1201B, 0x0836186C,
	0x28800FF8, 0x00000000, 0x00C1401B, 0x0836186C,
	0x24800FF8, 0x00000000, 0x00C1001B, 0x0836186C,
	0x22800FF8, 0x00000000, 0x006008FF, 0x0836146E,
	0x1C800FF8, 0x00000000, 0x0647401B, 0xC4361BFF,
	0x1078E800, 0x00000000, 0x0140081B, 0x8554106C,
	0x2E800FF8, 0x00000000, 0x0040001B, 0x8437086C,
	0x2C800FF8, 0x00000000, 0x0120081B, 0x85FE106C,
	0x2E800FF8, 0x00000000, 0x00600000, 0x84361156,
	0x18800FF8, 0x00000000, 0x004160AA, 0x8400186C,
	0x22800FF8, 0x00000000, 0x0120081B, 0x85FE106C,
	0x28800FF8, 0x00000000, 0x006008FF, 0x0836146E,
	0x1C800FF8, 0x00000000, 0x0087601B, 0xC400286C,
	0x3070E800, 0x00000000, 0x0040001B, 0x8437086C,
	0x2C800FF8, 0x00000000, 0x00600055, 0x84361402,
	0x14800FF8, 0x00000000, 0x00816055, 0x0CAB0802,
	0x11800FF8, 0x00000000, 0x004160FF, 0x8554186C,
	0x21800FF8, 0x00000000, 0x0060091B, 0x843613FC,
	0x23800FF8, 0x00000000, 0x004000AA, 0x85FF086C,
	0x20701819, 0x00000000, 0x00372078, 0x00000000,
	0x0040EA1B, 0x09FE186C, 0x2C200FF8, 0x00000000,
	0x01A00000, 0x2436106C, 0x20700FF8, 0x00000000,
	0x00478C00, 0x0836186C, 0x2F300FFA, 0x00000000,
	0x0047AC00, 0x0836186C, 0x2F400FFA, 0x00000000,
	0x0047CC00, 0x0836186C, 0x2F500FFA, 0x00000000,
	0x01A00055, 0x2436106C, 0x20700FF8, 0x00000000,
	0x00600CFF, 0x08361400, 0x28600FF8, 0x00000000,
	0x00C1E81B, 0x0836186C, 0x20708848, 0x00000000,
	0x00878000, 0x6436186C, 0xDF700FFA, 0x00000000,
	0x0087A000, 0x6436186D, 0x1F800FFA, 0x00000000,
	0x0087C000, 0x6436186D, 0x5F900FFA, 0x00000000,
	0x00C0001B, 0x0836E86C, 0x28A00FF8, 0x00000000,
	0x00C0001B, 0x0837086C, 0x24A00FF8, 0x00000000,
	0x00C0001B, 0x0837286C, 0x22A00FF8, 0x00000000,
	0x00A0021B, 0x0836E86C, 0x28B00FF8, 0x00000000,
	0x00A0021B, 0x0837086C, 0x24B00FF8, 0x00000000,
	0x00A0021B, 0x0837286C, 0x22B00FF8, 0x00000000,
	0x00C0001B, 0xA436186C, 0x20708800, 0x00000000,
	0x00A0001B, 0xB437686C, 0x21000FF8, 0x00000000,
	0x00C0401B, 0xA436186C, 0x20702800, 0x00000000,
	0x08C0201B, 0xA4361BFC, 0x10114800, 0x00000000,
	0x00C0601B, 0xA436186C, 0x20701800, 0x00000000,
	0x0040001B, 0xB5FE286C, 0x2E200FF8, 0x00000000,
	0x00C2081B, 0x0836186C, 0x20704848, 0x00000000,
	0x00C2281B, 0x0836186C, 0x20708850, 0x00000000,
	0x00C2481B, 0x0836186C, 0x20704850, 0x00000000,
	0x00C2681B, 0x0836186C, 0x20708858, 0x00000000,
	0x00C2881B, 0x0836186C, 0x20704858, 0x00000000,
	0x00C2A81B, 0x0836186C, 0x20708860, 0x00000000,
	0x00C2C81B, 0x0836186C, 0x20704860, 0x00000000,
	0x00C1201B, 0xA436186C, 0x28300FF8, 0x00000000,
	0x00C1401B, 0xA436186C, 0x24300FF8, 0x00000000,
	0x00C1001B, 0xA436186C, 0x22400FF8, 0x00000000,
	0x006008FF, 0x0836146C, 0xDC400FF8, 0x00000000,
	0x0647401B, 0xC4361BFF, 0x1078E800, 0x00000000,
	0x0140081B, 0x4554106C, 0x2E500FF8, 0x00000000,
	0x0040001B, 0x5436A86C, 0x2C500FF8, 0x00000000,
	0x0120081B, 0x55FE106C, 0x2E600FF8, 0x00000000,
	0x00600000, 0x64361155, 0x98700FF8, 0x00000000,
	0x004160AA, 0x6400186C, 0x22000FF8, 0x00000000,
	0x0120081B, 0x75FE106C, 0x28600FF8, 0x00000000,
	0x006008FF, 0x0836146D, 0x9C800FF8, 0x00000000,
	0x00A0A01B, 0x2636186C, 0x28400FF8, 0x00000000,
	0x0040001B, 0x8437086C, 0x2C900FF8, 0x00000000,
	0x00600055, 0x94361402, 0x54A00FF8, 0x00000000,
	0x01400000, 0x4600886C, 0x28500FF8, 0x00000000,
	0x00816055, 0x0CAB4802, 0x51B00FF8, 0x00000000,
	0x006008FF, 0x08361401, 0x54500FF8, 0x00000000,
	0x004160FF, 0xB554186C, 0x21000FF8, 0x00000000,
	0x0060091B, 0x043613FC, 0x23300FF8, 0x00000000,
	0x0087601B, 0xC400286C, 0x3070E800, 0x00000000,
	0x004000AA, 0x35FE686C, 0x21400FF8, 0x00000000,
	0x0040001B, 0x55FE886C, 0x2C600FF8, 0x00000000,
	0x0041C0FF, 0x4554186C, 0x20701818, 0x00000000,
	0x0041C001, 0x6554186C, 0x2070F821, 0x00000000,
	0x00252078, 0x00000000, 0x00C0001B, 0x0836186C,
	0x28A08800, 0x00000000, 0x00C0201B, 0x0836186C,
	0x24A04800, 0x00000000, 0x00C0401B, 0x0836186C,
	0x20702800, 0x00000000, 0x00C0601B, 0x0836186C,
	0x23A01800, 0x00000000, 0x00C2281B, 0x0836186C,
	0x20708850, 0x00000000, 0x00E1E01B, 0xA436186C,
	0x20708848, 0x00000000, 0x00E2001B, 0xA436186C,
	0x20704848, 0x00000000, 0x02C1201B, 0x0836186E,
	0x9880184C, 0x00000000, 0x00C2481B, 0x0836186C,
	0x20704850, 0x00000000, 0x00C2681B, 0x0836186C,
	0x20708858, 0x00000000, 0x00C2881B, 0x0836186C,
	0x20704858, 0x00000000, 0x00C2A81B, 0x0836186C,
	0x20708860, 0x00000000, 0x00C2C81B, 0x0836186C,
	0x20704860, 0x00000000, 0x00C1401B, 0x0836186C,
	0x24800FF8, 0x00000000, 0x00C1001B, 0x0836186C,
	0x22800FF8, 0x00000000, 0x006008FF, 0x0836146E,
	0x1C800FF8, 0x00000000, 0x00A0A21B, 0x0A36186C,
	0x28A00FF8, 0x00000000, 0x0140081B, 0x8554106C,
	0x2E800FF8, 0x00000000, 0x0040001B, 0x8437086C,
	0x2C800FF8, 0x00000000, 0x0120081B, 0x85FE106C,
	0x2E800FF8, 0x00000000, 0x00600000, 0x84361156,
	0x18800FF8, 0x00000000, 0x004160AA, 0x8400186C,
	0x22800FF8, 0x00000000, 0x0120081B, 0x85FE106C,
	0x28800FF8, 0x00000000, 0x006008FF, 0x0836146E,
	0x1C800FF8, 0x00000000, 0x01400000, 0xA601486C,
	0x28A00FF8, 0x00000000, 0x0040001B, 0x8437086C,
	0x2C800FF8, 0x00000000, 0x00600055, 0x84361402,
	0x14800FF8, 0x00000000, 0x006008FF, 0x08361402,
	0x94A00FF8, 0x00000000, 0x00816055, 0x0CAB0802,
	0x11800FF8, 0x00000000, 0x0647401B, 0xC4361BFF,
	0x1078E800, 0x00000000, 0x004160FF, 0x8554186C,
	0x21800FF8, 0x00000000, 0x0060091B, 0x843613FC,
	0x23800FF8, 0x00000000, 0x0087601B, 0xC400286C,
	0x3070E800, 0x00000000, 0x004000AA, 0x85FF086C,
	0x21800FF8, 0x00000000, 0x0040001B, 0xA5FF086C,
	0x2CA00FF8, 0x00000000, 0x0041C0FF, 0x8554186C,
	0x20701818, 0x00000000, 0x0041C001, 0xA554186C,
	0x2070F821, 0x00000000, 0x00122078, 0x00000000,
	0x0061E01B, 0x0C36146C, 0x2E400FF8, 0x00000000,
	0x0020A0FF, 0x0C36106C, 0x21400FF8, 0x00000000,
	0x00C0001B, 0x0836186C, 0x20708800, 0x00000000,
	0x00C0201B, 0x0836186C, 0x20704800, 0x00000000,
	0x00C0401B, 0x0836186C, 0x20702800, 0x00000000,
	0x00C0601B, 0x0836186C, 0x20701800, 0x00000000,
	0x00C1A81B, 0x0836186C, 0x28A00FF8, 0x00000000,
	0x00C1C81B, 0x0836186C, 0x24A00FF8, 0x00000000,
	0x00A2001B, 0x4436186C, 0x20708850, 0x00000000,
	0x0041801B, 0xA42A186C, 0x2070C848, 0x00000000,
	0x00A2201B, 0x4436186C, 0x20704850, 0x00000000,
	0x00A2401B, 0x4436186C, 0x20702850, 0x00000000,
	0x0081E01B, 0x47FE1BFD, 0x1070E858, 0x00000000,
	0x00A0061B, 0x4436106C, 0x20708860, 0x00000000,
	0x00A0041B, 0x4436106C, 0x20704860, 0x00000000,
	0x00A0021B, 0x4436106C, 0x20702860, 0x00000000,
	0x0647401B, 0xC4361BFF, 0x1078E800, 0x00000000,
	0x0087601B, 0xC400286C, 0x3070E801, 0x00000000,
	0x00482078, 0x00000000, 0x0040EA1B, 0x09FE186C,
	0x2C200FF8, 0x00000000, 0x01A00000, 0x2436106C,
	0x20700FF8, 0x00000000, 0x00478C00, 0x0836186C,
	0x2F300FFA, 0x00000000, 0x0047AC00, 0x0836186C,
	0x2F400FFA, 0x00000000, 0x0047CC00, 0x0836186C,
	0x2F500FFA, 0x00000000, 0x01A00055, 0x2436106C,
	0x20700FF8, 0x00000000, 0x00600CFF, 0x08361400,
	0x28600FF8, 0x00000000, 0x0041881B, 0x082A186C,
	0x2070C848, 0x00000000, 0x00878000, 0x6436186C,
	0xDF700FFA, 0x00000000, 0x0087A000, 0x6436186D,
	0x1F800FFA, 0x00000000, 0x0087C000, 0x6436186D,
	0x5F900FFA, 0x00000000, 0x00C0001B, 0x0836E86C,
	0x28A00FF8, 0x00000000, 0x00C0001B, 0x0837086C,
	0x24A00FF8, 0x00000000, 0x00C0001B, 0x0837286C,
	0x22A00FF8, 0x00000000, 0x00A0021B, 0x0836E86C,
	0x28B00FF8, 0x00000000, 0x00A0021B, 0x0837086C,
	0x24B00FF8, 0x00000000, 0x00A0021B, 0x0837286C,
	0x22B00FF8, 0x00000000, 0x0062201B, 0x0C36146E,
	0x9E300FF8, 0x00000000, 0x00A0001B, 0xB437686C,
	0x21000FF8, 0x00000000, 0x0023601B, 0x0C36106C,
	0x2E800FF8, 0x00000000, 0x08A0001B, 0x34366BFC,
	0x11410FF8, 0x00000000, 0x00C0001B, 0xA436186C,
	0x20708800, 0x00000000, 0x0040001B, 0xB5FE286C,
	0x2E200FF8, 0x00000000, 0x08A2E01B, 0x26361BFD,
	0x12610FF8, 0x00000000, 0x008228FF, 0x47FE1BFC,
	0x28600FF8, 0x00000000, 0x0040001B, 0x35FE286C,
	0x2E500FF8, 0x00000000, 0x00A0001B, 0x5436486C,
	0x28700FF8, 0x00000000, 0x00A2401B, 0x5436186C,
	0x21800FF8, 0x00000000, 0x0062801B, 0x0C36146E,
	0x9EB00FF8, 0x00000000, 0x004240FF, 0x85FE186C,
	0x21900FF8, 0x00000000, 0x006260FF, 0x943613FC,
	0x32700FF8, 0x00000000, 0x00A0001B, 0xB437686C,
	0x21B00FF8, 0x00000000, 0x00C0201B, 0xA436186C,
	0x20704800, 0x00000000, 0x08A3201B, 0x26361BFE,
	0xD1610FF8, 0x00000000, 0x008288FF, 0xB7FE1BFC,
	0x24600FF8, 0x00000000, 0x0040001B, 0xB5FE286C,
	0x2E000FF8, 0x00000000, 0x00A0001B, 0x0436486C,
	0x24700FF8, 0x00000000, 0x00A2401B, 0x0436186C,
	0x21200FF8, 0x00000000, 0x0140081B, 0x6554106C,
	0x2F400FF8, 0x00000000, 0x0042A0FF, 0x25FE186C,
	0x21300FF8, 0x00000000, 0x0062C0FF, 0x343613FC,
	0x31700FF8, 0x00000000, 0x0120081B, 0x45FE106C,
	0x2F600FF8, 0x00000000, 0x0140081B, 0x7554106C,
	0x2F500FF8, 0x00000000, 0x0120081B, 0x55FE106C,
	0x2F700FF8, 0x00000000, 0x0040001B, 0x6436E86C,
	0x2C900FF8, 0x00000000, 0x0040001B, 0x957EE86C,
	0x2CB00FF8, 0x00000000, 0x00826000, 0xB436186E,
	0x1E000FF8, 0x00000000, 0x0082C055, 0xB436186C,
	0x1E200FF8, 0x00000000, 0x008300AA, 0x6436186C,
	0x9E300FF8, 0x00000000, 0x008340FF, 0x6436186C,
	0xD070E818, 0x00000000, 0x00C0401B, 0xA436186C,
	0x20702800, 0x00000000, 0x00C0601B, 0xA436186C,
	0x20701800, 0x00000000, 0x0041881B, 0x097E186C,
	0x2070C850, 0x00000000, 0x00C1201B, 0xA436186C,
	0x28400FF8, 0x00000000, 0x00C1401B, 0xA436186C,
	0x24400FF8, 0x00000000, 0x00C1001B, 0xA436186C,
	0x22500FF8, 0x00000000, 0x006008FF, 0x0836146D,
	0x1C500FF8, 0x00000000, 0x0647401B, 0xC4361BFF,
	0x1078E800, 0x00000000, 0x0140081B, 0x5554106C,
	0x2E600FF8, 0x00000000, 0x0040001B, 0x6436C86C,
	0x2C600FF8, 0x00000000, 0x0120081B, 0x65FE106C,
	0x2E700FF8, 0x00000000, 0x00600000, 0x74361155,
	0xD8800FF8, 0x00000000, 0x004160AA, 0x7400186C,
	0x22200FF8, 0x00000000, 0x0120081B, 0x85FE106C,
	0x28700FF8, 0x00000000, 0x006008FF, 0x0836146D,
	0xDC900FF8, 0x00000000, 0x0087601B, 0xC400286C,
	0x3070E800, 0x00000000, 0x0040001B, 0x9437286C,
	0x2CA00FF8, 0x00000000, 0x00600055, 0xA4361402,
	0x94B00FF8, 0x00000000, 0x00816055, 0x0CAB6802,
	0x91000FF8, 0x00000000, 0x004160FF, 0x0554186C,
	0x21200FF8, 0x00000000, 0x0060091B, 0x243613FC,
	0x23300FF8, 0x00000000, 0x004000AA, 0x35FE686C,
	0x20701819, 0x00000000, 0x00122078, 0x00000000,
	0x00C0001B, 0x0836186C, 0x20708800, 0x00000000,
	0x00C0201B, 0x0836186C, 0x20704800, 0x00000000,
	0x00C0401B, 0x0836186C, 0x20702800, 0x00000000,
	0x00C0601B, 0x0836186C, 0x21A01800, 0x00000000,
	0x00C1A81B, 0x0836186C, 0x28A00FF8, 0x00000000,
	0x00C1C81B, 0x0836186C, 0x24A00FF8, 0x00000000,
	0x00A0A71B, 0x0C36106C, 0x20708850, 0x00000000,
	0x0041801B, 0xA42A186C, 0x2070C848, 0x00000000,
	0x00A0A51B, 0x0C36106C, 0x20704850, 0x00000000,
	0x00A0A31B, 0x0C36106C, 0x20702850, 0x00000000,
	0x0020021B, 0x0836106C, 0x2070E858, 0x00000000,
	0x00C0001B, 0x0836186C, 0x28A00FF8, 0x00000000,
	0x00C0201B, 0x0836186C, 0x24A00FF8, 0x00000000,
	0x0647401B, 0xC4361BFF, 0x1078E800, 0x00000000,
	0x0060001F, 0xA43613FE, 0x9DA00FF8, 0x00000000,
	0x0087601B, 0xC400286C, 0x3070E800, 0x00000000,
	0x0041801B, 0xA57E186C, 0x2070C860, 0x00000000,
	0x002000FF, 0xA436106C, 0x20701861, 0x00000000,
	0x00102078, 0x00000000, 0x00C0001B, 0x0836186C,
	0x20708800, 0x00000000, 0x00C0201B, 0x0836186C,
	0x20704800, 0x00000000, 0x00C0401B, 0x0836186C,
	0x20702800, 0x00000000, 0x00C0601B, 0x0836186C,
	0x20701800, 0x00000000, 0x0020021B, 0x0836106C,
	0x2E200FF8, 0x00000000, 0x0020041B, 0x0836106C,
	0x2E300FF8, 0x00000000, 0x0020061B, 0x0836106C,
	0x2E400FF8, 0x00000000, 0x00A0CE1B, 0x0836186C,
	0x28500FF8, 0x00000000, 0x00A0EE1B, 0x0836186C,
	0x24500FF8, 0x00000000, 0x00A0AE1B, 0x0836186C,
	0x22500FF8, 0x00000000, 0x00A0001B, 0x2436486C,
	0x20708820, 0x00000000, 0x0080A01B, 0x55FE1BFC,
	0x3070E818, 0x00000000, 0x00A0001B, 0x3436686C,
	0x20704820, 0x00000000, 0x00A0001B, 0x4436886C,
	0x20702820, 0x00000000, 0x0647401B, 0xC4361BFF,
	0x1078E800, 0x00000000, 0x0087601B, 0xC400286C,
	0x3070E801, 0x00000000, 0x00102078, 0x00000000,
	0x00C0001B, 0x0836186C, 0x20708800, 0x00000000,
	0x00C0201B, 0x0836186C, 0x20704800, 0x00000000,
	0x00C0401B, 0x0836186C, 0x20702800, 0x00000000,
	0x00C0601B, 0x0836186C, 0x20701800, 0x00000000,
	0x0020041B, 0x0836106C, 0x2E200FF8, 0x00000000,
	0x0020061B, 0x0836106C, 0x2E300FF8, 0x00000000,
	0x00A0C01B, 0x2436186C, 0x28A00FF8, 0x00000000,
	0x00A0E01B, 0x2436186C, 0x24A00FF8, 0x00000000,
	0x00A0A01B, 0x2436186C, 0x22A00FF8, 0x00000000,
	0x0647401B, 0xC4361BFF, 0x1078E800, 0x00000000,
	0x0080A01B, 0xA5FE1BFC, 0x3070E818, 0x00000000,
	0x00A0C01B, 0x3436186C, 0x28A00FF8, 0x00000000,
	0x00A0E01B, 0x3436186C, 0x24A00FF8, 0x00000000,
	0x00A0A01B, 0x3436186C, 0x22A00FF8, 0x00000000,
	0x0087601B, 0xC400286C, 0x3070E800, 0x00000000,
	0x0080A01B, 0xA5FE1BFC, 0x3070E821, 0x00000000,
	0x00232078, 0x00000000, 0x00C0001B, 0x0836186C,
	0x20708800, 0x00000000, 0x00C0201B, 0x0836186C,
	0x20704800, 0x00000000, 0x00C0401B, 0x0836186C,
	0x20702800, 0x00000000, 0x00C0601B, 0x0836186C,
	0x20701800, 0x00000000, 0x0020021B, 0x0836106C,
	0x2E200FF8, 0x00000000, 0x0020041B, 0x0836106C,
	0x2E300FF8, 0x00000000, 0x0020061B, 0x0836106C,
	0x2E400FF8, 0x00000000, 0x0060811B, 0x0836106C,
	0x3E500FF8, 0x00000000, 0x0080AE1B, 0x09FE1BFC,
	0x3070E820, 0x00000000, 0x00A0001B, 0x5436A86C,
	0x21600FF8, 0x00000000, 0x00A0001B, 0x2436886C,
	0x28A00FF8, 0x00000000, 0x08A0001B, 0x24366BFD,
	0x98910FF8, 0x00000000, 0x0080A000, 0xA5FE1BFC,
	0x30701820, 0x00000000, 0x0040001B, 0x55FE286C,
	0x2E700FF8, 0x00000000, 0x00A0001B, 0x7436886C,
	0x28800FF8, 0x00000000, 0x00A0001B, 0x7436686C,
	0x24800FF8, 0x00000000, 0x00A0001B, 0x7436486C,
	0x22800FF8, 0x00000000, 0x0080A000, 0x95FE1BFC,
	0x30701818, 0x00000000, 0x0080A01B, 0x85FE1BFC,
	0x3070E818, 0x00000000, 0x00A0001B, 0x3436886C,
	0x28B00FF8, 0x00000000, 0x00A0C01B, 0x2436186C,
	0x20708848, 0x00000000, 0x0080A000, 0xB5FE1BFC,
	0x30709828, 0x00000000, 0x00A0E01B, 0x2436186C,
	0x20704848, 0x00000000, 0x00A0A01B, 0x2436186C,
	0x20702848, 0x00000000, 0x00A0C01B, 0x3436186C,
	0x20708850, 0x00000000, 0x00A0E01B, 0x3436186C,
	0x20704850, 0x00000000, 0x00A0A01B, 0x3436186C,
	0x20702850, 0x00000000, 0x00A0C01B, 0x4436186C,
	0x20708858, 0x00000000, 0x00A0E01B, 0x4436186C,
	0x20704858, 0x00000000, 0x00A0A01B, 0x4436186C,
	0x20702858, 0x00000000, 0x00A0CE1B, 0x0836186C,
	0x20708860, 0x00000000, 0x00A0EE1B, 0x0836186C,
	0x20704860, 0x00000000, 0x00A0AE1B, 0x0836186C,
	0x20702860, 0x00000000, 0x0647401B, 0xC4361BFF,
	0x1078E800, 0x00000000, 0x0087601B, 0xC400286C,
	0x3070E801, 0x00000000, 0x00152078, 0x00000000,
	0x00C0001B, 0x0836186C, 0x20708800, 0x00000000,
	0x00C0201B, 0x0836186C, 0x20704800, 0x00000000,
	0x00C0401B, 0x0836186C, 0x20702800, 0x00000000,
	0x00C0601B, 0x0836186C, 0x20701800, 0x00000000,
	0x0020021B, 0x0836106C, 0x2E200FF8, 0x00000000,
	0x0020041B, 0x0836106C, 0x2E300FF8, 0x00000000,
	0x0020061B, 0x0836106C, 0x2E400FF8, 0x00000000,
	0x00A00E1B, 0x0836886C, 0x28500FF8, 0x00000000,
	0x00A00E1B, 0x0836686C, 0x24500FF8, 0x00000000,
	0x00A00E1B, 0x0836486C, 0x22500FF8, 0x00000000,
	0x00A0C01B, 0x2436186C, 0x28600FF8, 0x00000000,
	0x0080A01B, 0x55FE1BFC, 0x3070E818, 0x00000000,
	0x00A0E01B, 0x2436186C, 0x24600FF8, 0x00000000,
	0x00A0A01B, 0x2436186C, 0x22600FF8, 0x00000000,
	0x0041881B, 0x082A186C, 0x2070C848, 0x00000000,
	0x0080A01B, 0x65FE1BFC, 0x3070E820, 0x00000000,
	0x00A0001B, 0x3436886C, 0x20708850, 0x00000000,
	0x00A0001B, 0x3436686C, 0x20704850, 0x00000000,
	0x00A0001B, 0x3436486C, 0x20702850, 0x00000000,
	0x0647401B, 0xC4361BFF, 0x1078E800, 0x00000000,
	0x0087601B, 0xC400286C, 0x3070E801, 0x00000000,
	0x00092078, 0x00000000, 0x00C3801B, 0x0836186C,
	0x20708800, 0x00000000, 0x00C3A01B, 0x0836186C,
	0x20704800, 0x00000000, 0x00C3C01B, 0x0836186C,
	0x20702800, 0x00000000, 0x00C3E01B, 0x0836186C,
	0x20701800, 0x00000000, 0x0020081B, 0x0836106C,
	0x2070C848, 0x00000000, 0x0020121B, 0x0836106C,
	0x2070F818, 0x00000000, 0x00201400, 0x0836106C,
	0x20701820, 0x00000000, 0x0647401B, 0xC4361BFF,
	0x1078E800, 0x00000000, 0x0087601B, 0xC400286C,
	0x3070E801, 0x00000000, 0x003F2078, 0x00000000,
	0x0040EA1B, 0x09FE186C, 0x2C200FF8, 0x00000000,
	0x01A00000, 0x2436106C, 0x20700FF8, 0x00000000,
	0x00478C00, 0x0836186C, 0x2F300FFA, 0x00000000,
	0x0047AC00, 0x0836186C, 0x2F400FFA, 0x00000000,
	0x0047CC00, 0x0836186C, 0x2F500FFA, 0x00000000,
	0x01A00055, 0x2436106C, 0x20700FF8, 0x00000000,
	0x00600CFF, 0x08361400, 0x28600FF8, 0x00000000,
	0x00C2281B, 0x0836186C, 0x20708850, 0x00000000,
	0x00878000, 0x6436186C, 0xDF700FFA, 0x00000000,
	0x0087A000, 0x6436186D, 0x1F800FFA, 0x00000000,
	0x0087C000, 0x6436186D, 0x5F900FFA, 0x00000000,
	0x00C0001B, 0x0836E86C, 0x28A00FF8, 0x00000000,
	0x00C0001B, 0x0837086C, 0x24A00FF8, 0x00000000,
	0x00C0001B, 0x0837286C, 0x22A00FF8, 0x00000000,
	0x00A0021B, 0x0836E86C, 0x28B00FF8, 0x00000000,
	0x00A0021B, 0x0837086C, 0x24B00FF8, 0x00000000,
	0x00A0021B, 0x0837286C, 0x22B00FF8, 0x00000000,
	0x0060811B, 0xA436106C, 0x3E300FF8, 0x00000000,
	0x00A0001B, 0xB437686C, 0x21000FF8, 0x00000000,
	0x00C0201B, 0xA436186C, 0x20704800, 0x00000000,
	0x08C0001B, 0xA4361BFC, 0x10118800, 0x00000000,
	0x00C0401B, 0xA436186C, 0x20702800, 0x00000000,
	0x0040001B, 0xB5FE286C, 0x2E200FF8, 0x00000000,
	0x00A0001B, 0x3436486C, 0x28400FF8, 0x00000000,
	0x00C0601B, 0xA436186C, 0x20701800, 0x00000000,
	0x00400000, 0x4436486C, 0x2E500FF8, 0x00000000,
	0x0080801A, 0x55FE1C6C, 0xDE600FF8, 0x00000000,
	0x0022001B, 0x0C36106C, 0x2E700FF8, 0x00000000,
	0x0041E063, 0x0D0EE86C, 0x2E800FF8, 0x00000000,
	0x0081E163, 0x750E186E, 0x1E900FF8, 0x00000000,
	0x00A1E01B, 0x6436186C, 0x20708848, 0x00000000,
	0x00A2001B, 0x6436186C, 0x20704848, 0x00000000,
	0x00A0001B, 0x6437286C, 0x20702848, 0x00000000,
	0x00C2481B, 0x0836186C, 0x20704850, 0x00000000,
	0x00C2681B, 0x0836186C, 0x20708858, 0x00000000,
	0x00C2881B, 0x0836186C, 0x20704858, 0x00000000,
	0x00C2A81B, 0x0836186C, 0x20708860, 0x00000000,
	0x00C2C81B, 0x0836186C, 0x20704860, 0x00000000,
	0x00C1201B, 0xA436186C, 0x28B00FF8, 0x00000000,
	0x00C1401B, 0xA436186C, 0x24B00FF8, 0x00000000,
	0x00C1001B, 0xA436186C, 0x22000FF8, 0x00000000,
	0x006008FF, 0x0836146E, 0xDC000FF8, 0x00000000,
	0x00A0A01B, 0x2636186C, 0x28B00FF8, 0x00000000,
	0x0140081B, 0x0554106C, 0x2E300FF8, 0x00000000,
	0x0040001B, 0x3436686C, 0x2C300FF8, 0x00000000,
	0x0120081B, 0x35FE106C, 0x2E400FF8, 0x00000000,
	0x00600000, 0x44361155, 0x18300FF8, 0x00000000,
	0x004160AA, 0x4400186C, 0x22800FF8, 0x00000000,
	0x0120081B, 0x35FE106C, 0x28400FF8, 0x00000000,
	0x006008FF, 0x0836146D, 0x1C500FF8, 0x00000000,
	0x01400000, 0xB601686C, 0x28000FF8, 0x00000000,
	0x0040001B, 0x5436A86C, 0x2C600FF8, 0x00000000,
	0x00600055, 0x64361401, 0x94700FF8, 0x00000000,
	0x006008FF, 0x08361400, 0x14000FF8, 0x00000000,
	0x00816055, 0x0CAAE801, 0x91700FF8, 0x00000000,
	0x0647401B, 0xC4361BFF, 0x1078E800, 0x00000000,
	0x004160FF, 0x7554186C, 0x21800FF8, 0x00000000,
	0x0060091B, 0x843613FC, 0x23900FF8, 0x00000000,
	0x0087601B, 0xC400286C, 0x3070E800, 0x00000000,
	0x004000AA, 0x95FF286C, 0x21A00FF8, 0x00000000,
	0x0040001B, 0x05FF486C, 0x2C200FF8, 0x00000000,
	0x0041C0FF, 0xA554186C, 0x20701818, 0x00000000,
	0x0041C001, 0x2554186C, 0x2070F821, 0x00000000,
	0x00072078, 0x00000000, 0x00C0001B, 0x0836186C,
	0x20708800, 0x00000000, 0x00C0201B, 0x0836186C,
	0x20704800, 0x00000000, 0x00C0401B, 0x0836186C,
	0x20702800, 0x00000000, 0x00C0601B, 0x0836186C,
	0x20701800, 0x00000000, 0x0020101B, 0x0836106C,
	0x2070C848, 0x00000000, 0x0647401B, 0xC4361BFF,
	0x1078E800, 0x00000000, 0x0087601B, 0xC400286C,
	0x3070E801, 0x00000000, 0x00132078, 0x00000000,
	0x00200E1B, 0x0836106C, 0x2E200FF8, 0x00000000,
	0x02A0101B, 0x2436486C, 0x2130C854, 0x00000000,
	0x0060801B, 0x0C36146C, 0x2E500FF8, 0x00000000,
	0x08C0001B, 0x08361BFC, 0xD0118800, 0x00000000,
	0x00C0201B, 0x0836186C, 0x20704800, 0x00000000,
	0x0040001B, 0x25FE286C, 0x2E400FF8, 0x00000000,
	0x00C0401B, 0x0836186C, 0x20702800, 0x00000000,
	0x00C0601B, 0x0836186C, 0x20701800, 0x00000000,
	0x00C1A81B, 0x0836186C, 0x28600FF8, 0x00000000,
	0x00C1C81B, 0x0836186C, 0x24600FF8, 0x00000000,
	0x00A0061B, 0x5436106C, 0x20708858, 0x00000000,
	0x0041801B, 0x642A186C, 0x2070C848, 0x00000000,
	0x00A0041B, 0x5436106C, 0x20704858, 0x00000000,
	0x00A0021B, 0x5436106C, 0x20702858, 0x00000000,
	0x00A0061B, 0x4436106C, 0x20708860, 0x00000000,
	0x00A0041B, 0x4436106C, 0x20704860, 0x00000000,
	0x00A0021B, 0x4436106C, 0x20702860, 0x00000000,
	0x0647401B, 0xC4361BFF, 0x1078E800, 0x00000000,
	0x0087601B, 0xC400286C, 0x3070E801, 0x00000000,
	0x00372078, 0x00000000, 0x0040EA1B, 0x09FE186C,
	0x2C200FF8, 0x00000000, 0x01A00000, 0x2436106C,
	0x20700FF8, 0x00000000, 0x00478C00, 0x0836186C,
	0x2F300FFA, 0x00000000, 0x0047AC00, 0x0836186C,
	0x2F400FFA, 0x00000000, 0x0047CC00, 0x0836186C,
	0x2F500FFA, 0x00000000, 0x01A00055, 0x2436106C,
	0x20700FF8, 0x00000000, 0x00600CFF, 0x08361400,
	0x28600FF8, 0x00000000, 0x00C2281B, 0x0836186C,
	0x20708850, 0x00000000, 0x00878000, 0x6436186C,
	0xDF700FFA, 0x00000000, 0x0087A000, 0x6436186D,
	0x1F800FFA, 0x00000000, 0x0087C000, 0x6436186D,
	0x5F900FFA, 0x00000000, 0x00C0001B, 0x0836E86C,
	0x28A00FF8, 0x00000000, 0x00C0001B, 0x0837086C,
	0x24A00FF8, 0x00000000, 0x00C0001B, 0x0837286C,
	0x22A00FF8, 0x00000000, 0x00A0021B, 0x0836E86C,
	0x28B00FF8, 0x00000000, 0x00A0021B, 0x0837086C,
	0x24B00FF8, 0x00000000, 0x00A0021B, 0x0837286C,
	0x22B00FF8, 0x00000000, 0x00C0001B, 0xA436186C,
	0x28308800, 0x00000000, 0x00A0001B, 0xB437686C,
	0x21000FF8, 0x00000000, 0x00C0401B, 0xA436186C,
	0x20702800, 0x00000000, 0x08C0201B, 0xA4361BFC,
	0x14314800, 0x00000000, 0x00C0601B, 0xA436186C,
	0x23301800, 0x00000000, 0x00C2481B, 0x0836186C,
	0x20704850, 0x00000000, 0x0240001B, 0xB5FE286C,
	0xDE20184C, 0x00000000, 0x00E1E01B, 0x3436186C,
	0x20708848, 0x00000000, 0x00E2001B, 0x3436186C,
	0x20704848, 0x00000000, 0x00C2681B, 0x0836186C,
	0x20708858, 0x00000000, 0x00C2881B, 0x0836186C,
	0x20704858, 0x00000000, 0x00C2A81B, 0x0836186C,
	0x20708860, 0x00000000, 0x00C2C81B, 0x0836186C,
	0x20704860, 0x00000000, 0x00C1201B, 0xA436186C,
	0x28400FF8, 0x00000000, 0x00C1401B, 0xA436186C,
	0x24400FF8, 0x00000000, 0x00C1001B, 0xA436186C,
	0x22500FF8, 0x00000000, 0x006008FF, 0x0836146D,
	0x1C500FF8, 0x00000000, 0x0647401B, 0xC4361BFF,
	0x1078E800, 0x00000000, 0x0140081B, 0x5554106C,
	0x2E600FF8, 0x00000000, 0x0040001B, 0x6436C86C,
	0x2C600FF8, 0x00000000, 0x0120081B, 0x65FE106C,
	0x2E700FF8, 0x00000000, 0x00600000, 0x74361155,
	0xD8800FF8, 0x00000000, 0x004160AA, 0x7400186C,
	0x22300FF8, 0x00000000, 0x0120081B, 0x85FE106C,
	0x28700FF8, 0x00000000, 0x006008FF, 0x0836146D,
	0xDC900FF8, 0x00000000, 0x00A0A01B, 0x2636186C,
	0x28500FF8, 0x00000000, 0x0040001B, 0x9437286C,
	0x2CA00FF8, 0x00000000, 0x00600055, 0xA4361402,
	0x94B00FF8, 0x00000000, 0x01400000, 0x5600A86C,
	0x28600FF8, 0x00000000, 0x00816055, 0x0CAB6802,
	0x91000FF8, 0x00000000, 0x006008FF, 0x08361401,
	0x94600FF8, 0x00000000, 0x004160FF, 0x0554186C,
	0x21300FF8, 0x00000000, 0x0060091B, 0x343613FC,
	0x23400FF8, 0x00000000, 0x0087601B, 0xC400286C,
	0x3070E800, 0x00000000, 0x004000AA, 0x45FE886C,
	0x21500FF8, 0x00000000, 0x0040001B, 0x65FEA86C,
	0x2C700FF8, 0x00000000, 0x0041C0FF, 0x5554186C,
	0x20701818, 0x00000000, 0x0041C001, 0x7554186C,
	0x2070F821, 0x00000000, 0x001E2078, 0x00000000,
	0x00C0001B, 0x0836186C, 0x28A08800, 0x00000000,
	0x00C0201B, 0x0836186C, 0x24A04800, 0x00000000,
	0x00C0401B, 0x0836186C, 0x20702800, 0x00000000,
	0x00C0601B, 0x0836186C, 0x21A01800, 0x00000000,
	0x0041881B, 0x082A186C, 0x2070C848, 0x00000000,
	0x00A0A71B, 0x0C36106C, 0x20708850, 0x00000000,
	0x00A0A51B, 0x0C36106C, 0x20704850, 0x00000000,
	0x00A0A31B, 0x0C36106C, 0x20702850, 0x00000000,
	0x0020021B, 0x0836106C, 0x2070E858, 0x00000000,
	0x0060001F, 0xA43613FE, 0x9DA00FF8, 0x00000000,
	0x00C1401B, 0x0836186C, 0x24800FF8, 0x00000000,
	0x02C1201B, 0x0836186E, 0x98801864, 0x00000000,
	0x0041801B, 0xA57E186C, 0x2070C860, 0x00000000,
	0x00C1001B, 0x0836186C, 0x22800FF8, 0x00000000,
	0x006008FF, 0x0836146E, 0x1C800FF8, 0x00000000,
	0x0647401B, 0xC4361BFF, 0x1078E800, 0x00000000,
	0x0140081B, 0x8554106C, 0x2E800FF8, 0x00000000,
	0x0040001B, 0x8437086C, 0x2C800FF8, 0x00000000,
	0x0120081B, 0x85FE106C, 0x2E800FF8, 0x00000000,
	0x00600000, 0x84361156, 0x18800FF8, 0x00000000,
	0x004160AA, 0x8400186C, 0x22800FF8, 0x00000000,
	0x0120081B, 0x85FE106C, 0x28800FF8, 0x00000000,
	0x006008FF, 0x0836146E, 0x1C800FF8, 0x00000000,
	0x0087601B, 0xC400286C, 0x3070E800, 0x00000000,
	0x0040001B, 0x8437086C, 0x2C800FF8, 0x00000000,
	0x00600055, 0x84361402, 0x14800FF8, 0x00000000,
	0x00816055, 0x0CAB0802, 0x11800FF8, 0x00000000,
	0x004160FF, 0x8554186C, 0x21800FF8, 0x00000000,
	0x0060091B, 0x843613FC, 0x23800FF8, 0x00000000,
	0x004000AA, 0x85FF086C, 0x20701819, 0x00000000,
	0x003C2078, 0x00000000, 0x0040EA1B, 0x09FE186C,
	0x2C200FF8, 0x00000000, 0x01A00000, 0x2436106C,
	0x20700FF8, 0x00000000, 0x00478C00, 0x0836186C,
	0x2F300FFA, 0x00000000, 0x0047AC00, 0x0836186C,
	0x2F400FFA, 0x00000000, 0x0047CC00, 0x0836186C,
	0x2F500FFA, 0x00000000, 0x01A00055, 0x2436106C,
	0x20700FF8, 0x00000000, 0x00600CFF, 0x08361400,
	0x28600FF8, 0x00000000, 0x00C2281B, 0x0836186C,
	0x20708850, 0x00000000, 0x00878000, 0x6436186C,
	0xDF700FFA, 0x00000000, 0x0087A000, 0x6436186D,
	0x1F800FFA, 0x00000000, 0x0087C000, 0x6436186D,
	0x5F900FFA, 0x00000000, 0x00C0001B, 0x0836E86C,
	0x28A00FF8, 0x00000000, 0x00C0001B, 0x0837086C,
	0x24A00FF8, 0x00000000, 0x00C0001B, 0x0837286C,
	0x22A00FF8, 0x00000000, 0x00A0021B, 0x0836E86C,
	0x28B00FF8, 0x00000000, 0x00A0021B, 0x0837086C,
	0x24B00FF8, 0x00000000, 0x00A0021B, 0x0837286C,
	0x22B00FF8, 0x00000000, 0x0060811B, 0xA436106C,
	0x3E300FF8, 0x00000000, 0x00A0001B, 0xB437686C,
	0x21000FF8, 0x00000000, 0x00C0201B, 0xA436186C,
	0x20704800, 0x00000000, 0x08C0001B, 0xA4361BFC,
	0x10118800, 0x00000000, 0x00C0401B, 0xA436186C,
	0x20702800, 0x00000000, 0x0040001B, 0xB5FE286C,
	0x2E200FF8, 0x00000000, 0x00C0601B, 0xA436186C,
	0x20701800, 0x00000000, 0x0022001B, 0x0C36106C,
	0x2E400FF8, 0x00000000, 0x0041E063, 0x0D0E886C,
	0x2E500FF8, 0x00000000, 0x0081E163, 0x450E186D,
	0x5E600FF8, 0x00000000, 0x00A1E01B, 0x3436186C,
	0x20708848, 0x00000000, 0x00A2001B, 0x3436186C,
	0x20704848, 0x00000000, 0x00A0001B, 0x3436C86C,
	0x20702848, 0x00000000, 0x00C2481B, 0x0836186C,
	0x20704850, 0x00000000, 0x00C2681B, 0x0836186C,
	0x20708858, 0x00000000, 0x00C2881B, 0x0836186C,
	0x20704858, 0x00000000, 0x00C2A81B, 0x0836186C,
	0x20708860, 0x00000000, 0x00C2C81B, 0x0836186C,
	0x20704860, 0x00000000, 0x00C1201B, 0xA436186C,
	0x28700FF8, 0x00000000, 0x00C1401B, 0xA436186C,
	0x24700FF8, 0x00000000, 0x00C1001B, 0xA436186C,
	0x22800FF8, 0x00000000, 0x006008FF, 0x0836146D,
	0xDC800FF8, 0x00000000, 0x0647401B, 0xC4361BFF,
	0x1078E800, 0x00000000, 0x0140081B, 0x8554106C,
	0x2E900FF8, 0x00000000, 0x0040001B, 0x9437286C,
	0x2C900FF8, 0x00000000, 0x0120081B, 0x95FE106C,
	0x2EA00FF8, 0x00000000, 0x00600000, 0xA4361156,
	0x98B00FF8, 0x00000000, 0x004160AA, 0xA400186C,
	0x22500FF8, 0x00000000, 0x0120081B, 0xB5FE106C,
	0x28A00FF8, 0x00000000, 0x006008FF, 0x0836146E,
	0x9C000FF8, 0x00000000, 0x00A0A01B, 0x2636186C,
	0x28800FF8, 0x00000000, 0x0040001B, 0x0436086C,
	0x2C300FF8, 0x00000000, 0x00600055, 0x34361400,
	0xD4400FF8, 0x00000000, 0x01400000, 0x8601086C,
	0x28900FF8, 0x00000000, 0x00816055, 0x0CAA8800,
	0xD1400FF8, 0x00000000, 0x006008FF, 0x08361402,
	0x54900FF8, 0x00000000, 0x004160FF, 0x4554186C,
	0x21500FF8, 0x00000000, 0x0060091B, 0x543613FC,
	0x23600FF8, 0x00000000, 0x0087601B, 0xC400286C,
	0x3070E800, 0x00000000, 0x004000AA, 0x65FEC86C,
	0x21700FF8, 0x00000000, 0x0040001B, 0x95FEE86C,
	0x2CA00FF8, 0x00000000, 0x0041C0FF, 0x7554186C,
	0x20701818, 0x00000000, 0x0041C001, 0xA554186C,
	0x2070F821, 0x00000000, 0x00392078, 0x00000000,
	0x0040EA1B, 0x09FE186C, 0x2C200FF8, 0x00000000,
	0x01A00000, 0x2436106C, 0x20700FF8, 0x00000000,
	0x00478C00, 0x0836186C, 0x2F300FFA, 0x00000000,
	0x0047AC00, 0x0836186C, 0x2F400FFA, 0x00000000,
	0x0047CC00, 0x0836186C, 0x2F500FFA, 0x00000000,
	0x01A00055, 0x2436106C, 0x20700FF8, 0x00000000,
	0x00600CFF, 0x08361400, 0x28600FF8, 0x00000000,
	0x0041881B, 0x082A186C, 0x2070C848, 0x00000000,
	0x00878000, 0x6436186C, 0xDF700FFA, 0x00000000,
	0x0087A000, 0x6436186D, 0x1F800FFA, 0x00000000,
	0x0087C000, 0x6436186D, 0x5F900FFA, 0x00000000,
	0x00C0001B, 0x0836E86C, 0x28A00FF8, 0x00000000,
	0x00C0001B, 0x0837086C, 0x24A00FF8, 0x00000000,
	0x00C0001B, 0x0837286C, 0x22A00FF8, 0x00000000,
	0x00A0021B, 0x0836E86C, 0x28B00FF8, 0x00000000,
	0x00A0021B, 0x0837086C, 0x24B00FF8, 0x00000000,
	0x00A0021B, 0x0837286C, 0x22B00FF8, 0x00000000,
	0x00A0041B, 0x0836E86C, 0x28300FF8, 0x00000000,
	0x00A0001B, 0xB437686C, 0x21000FF8, 0x00000000,
	0x00A0041B, 0x0837286C, 0x22300FF8, 0x00000000,
	0x08A0041B, 0x08370BFC, 0x14310FF8, 0x00000000,
	0x00A0061B, 0x0836E86C, 0x28600FF8, 0x00000000,
	0x0040001B, 0xB5FE286C, 0x2E200FF8, 0x00000000,
	0x02A0001B, 0x34366800, 0x91402854, 0x00000000,
	0x02A0061B, 0x0837286C, 0x92602864, 0x00000000,
	0x08A0061B, 0x08370BFD, 0x14610FF8, 0x00000000,
	0x0060811B, 0xA436106C, 0x3E900FF8, 0x00000000,
	0x0240001B, 0x35FE2954, 0x9E50285C, 0x00000000,
	0x02A0001B, 0x6436C801, 0x51704854, 0x00000000,
	0x00C0201B, 0xA436186C, 0x20704800, 0x00000000,
	0x08C0001B, 0xA4361BFD, 0xD0118800, 0x00000000,
	0x00C0401B, 0xA436186C, 0x20702800, 0x00000000,
	0x0240001B, 0x65FE286D, 0x5E80485C, 0x00000000,
	0x00C0601B, 0xA436186C, 0x20701800, 0x00000000,
	0x02C1201B, 0xA436186E, 0x18B08854, 0x00000000,
	0x02C1401B, 0xA4361956, 0x14B0885C, 0x00000000,
	0x02C1001B, 0xA4361AAA, 0x12008864, 0x00000000,
	0x002000AA, 0x5436106C, 0x20704860, 0x00000000,
	0x00200000, 0x9436106C, 0x20701850, 0x00000000,
	0x00200055, 0x9436106C, 0x20701858, 0x00000000,
	0x002000AA, 0x9436106C, 0x20701860, 0x00000000,
	0x006008FF, 0x0836146E, 0xDC000FF8, 0x00000000,
	0x0647401B, 0xC4361BFF, 0x1078E800, 0x00000000,
	0x0140081B, 0x0554106C, 0x2E200FF8, 0x00000000,
	0x0040001B, 0x2436486C, 0x2C200FF8, 0x00000000,
	0x0120081B, 0x25FE106C, 0x2E300FF8, 0x00000000,
	0x00600000, 0x34361154, 0xD8400FF8, 0x00000000,
	0x004160AA, 0x3400186C, 0x22800FF8, 0x00000000,
	0x0120081B, 0x45FE106C, 0x28300FF8, 0x00000000,
	0x006008FF, 0x0836146C, 0xDC400FF8, 0x00000000,
	0x0087601B, 0xC400286C, 0x3070E800, 0x00000000,
	0x0040001B, 0x4436886C, 0x2C500FF8, 0x00000000,
	0x00600055, 0x54361401, 0x54600FF8, 0x00000000,
	0x00816055, 0x0CAAC801, 0x51700FF8, 0x00000000,
	0x004160FF, 0x7554186C, 0x21800FF8, 0x00000000,
	0x0060091B, 0x843613FC, 0x23900FF8, 0x00000000,
	0x004000AA, 0x95FF286C, 0x20701819, 0x00000000,
	0x00292078, 0x00000000, 0x0040EA1B, 0x09FE186C,
	0x2C200FF8, 0x00000000, 0x03A0081B, 0x243612A8,
	0x20704854, 0x00000000, 0x00478C00, 0x0836186C,
	0x2F300FFA, 0x00000000, 0x0047AC00, 0x0836186C,
	0x2F400FFA, 0x00000000, 0x0047CC00, 0x0836186C,
	0x2F500FFA, 0x00000000, 0x03A00855, 0x243612A8,
	0x2070885C, 0x00000000, 0x00600CFF, 0x08361400,
	0x28600FF8, 0x00000000, 0x0021C01B, 0x0C36106C,
	0x2070E818, 0x00000000, 0x00878000, 0x6436186C,
	0xDF700FFA, 0x00000000, 0x0087A000, 0x6436186D,
	0x1F800FFA, 0x00000000, 0x0087C000, 0x6436186D,
	0x5F900FFA, 0x00000000, 0x00C0001B, 0x0836E86C,
	0x28A00FF8, 0x00000000, 0x00C0001B, 0x0837086C,
	0x24A00FF8, 0x00000000, 0x00C0001B, 0x0837286C,
	0x22A00FF8, 0x00000000, 0x00A0021B, 0x0836E86C,
	0x28B00FF8, 0x00000000, 0x00A0021B, 0x0837086C,
	0x24B00FF8, 0x00000000, 0x00A0021B, 0x0837286C,
	0x22B00FF8, 0x00000000, 0x0060811B, 0xA436106C,
	0x3E300FF8, 0x00000000, 0x00A0001B, 0xB437686C,
	0x21000FF8, 0x00000000, 0x00C0001B, 0xA436186C,
	0x28908800, 0x00000000, 0x08A0A01B, 0x34361BFC,
	0x11410FF8, 0x00000000, 0x00C0201B, 0xA436186C,
	0x24904800, 0x00000000, 0x0040001B, 0xB5FE286C,
	0x2E200FF8, 0x00000000, 0x004000FF, 0x45FE886C,
	0x21500FF8, 0x00000000, 0x04C0401B, 0xA4361BFD,
	0x50112800, 0x00000000, 0x00C0601B, 0xA436186C,
	0x21901800, 0x00000000, 0x004180FF, 0x14AA186C,
	0x21600FF8, 0x00000000, 0x012008FF, 0x65FE106C,
	0x21700FF8, 0x00000000, 0x014008FF, 0x7554106C,
	0x21801818, 0x00000000, 0x00A0C01B, 0x2436186C,
	0x20708848, 0x00000000, 0x00A0E01B, 0x2436186C,
	0x20704848, 0x00000000, 0x00A0A01B, 0x2436186C,
	0x20702848, 0x00000000, 0x004180FF, 0x8400186C,
	0x20708850, 0x00000000, 0x004180FF, 0x8400186C,
	0x20704858, 0x00000000, 0x0647401B, 0xC4361BFF,
	0x1078E800, 0x00000000, 0x0060001F, 0x943613FE,
	0x5DA00FF8, 0x00000000, 0x0087601B, 0xC400286C,
	0x3070E800, 0x00000000, 0x0400001B, 0x083613FE,
	0x90110FF8, 0x00000000, 0x0040001B, 0xA5FE286C,
	0x2CB00FF8, 0x00000000, 0x004180AA, 0x0C01686C,
	0x20702850, 0x00000000, 0x004180FF, 0x0CAB686C,
	0x20702859, 0x00000000, 0x001A2078, 0x00000000,
	0x00D7001B, 0x0836186C, 0x28000FF8, 0x00000000,
	0x00D7201B, 0x0836186C, 0x24000FF8, 0x00000000,
	0x00D7401B, 0x0836186C, 0x22000FF8, 0x00000000,
	0x02C1521B, 0x0436186C, 0x2480F824, 0x00000000,
	0x02C1281B, 0x0436186C, 0x2880C84C, 0x00000000,
	0x00C0001B, 0x0436186C, 0x20708800, 0x00000000,
	0x00C0201B, 0x0436186C, 0x20704800, 0x00000000,
	0x00C0401B, 0x0436186C, 0x20702800, 0x00000000,
	0x00C0601B, 0x0436186C, 0x20701800, 0x00000000,
	0x00C1001B, 0x0436186C, 0x22800FF8, 0x00000000,
	0x006008FF, 0x0836146E, 0x1C800FF8, 0x00000000,
	0x0647401B, 0xC4361BFF, 0x1078E800, 0x00000000,
	0x0140081B, 0x8554106C, 0x2E800FF8, 0x00000000,
	0x0040001B, 0x8437086C, 0x2C800FF8, 0x00000000,
	0x0120081B, 0x85FE106C, 0x2E800FF8, 0x00000000,
	0x00600000, 0x84361156, 0x18800FF8, 0x00000000,
	0x004160AA, 0x8400186C, 0x22800FF8, 0x00000000,
	0x0120081B, 0x85FE106C, 0x28800FF8, 0x00000000,
	0x006008FF, 0x0836146E, 0x1C800FF8, 0x00000000,
	0x0087601B, 0xC400286C, 0x3070E800, 0x00000000,
	0x0040001B, 0x8437086C, 0x2C800FF8, 0x00000000,
	0x00600055, 0x84361402, 0x14800FF8, 0x00000000,
	0x00816055, 0x0CAB0802, 0x11800FF8, 0x00000000,
	0x004160FF, 0x8554186C, 0x21800FF8, 0x00000000,
	0x0060091B, 0x843613FC, 0x23800FF8, 0x00000000,
	0x004000AA, 0x85FF086C, 0x20701819, 0x00000000,
	0x00232078, 0x00000000, 0x00D7001B, 0x0836186C,
	0x28000FF8, 0x00000000, 0x00D7201B, 0x0836186C,
	0x24000FF8, 0x00000000, 0x00D7401B, 0x0836186C,
	0x22000FF8, 0x00000000, 0x02C1561B, 0x0436186C,
	0x2480C854, 0x00000000, 0x02C4481B, 0x0436186C,
	0x22A0C84C, 0x00000000, 0x00C0001B, 0x0436186C,
	0x20708800, 0x00000000, 0x00C0201B, 0x0436186C,
	0x20704800, 0x00000000, 0x00C0401B, 0x0436186C,
	0x20702800, 0x00000000, 0x00C0601B, 0x0436186C,
	0x20701800, 0x00000000, 0x022008AA, 0xA43612A8,
	0x24A0985C, 0x00000000, 0x026421FF, 0x0C36106E,
	0x94A02864, 0x00000000, 0x00842000, 0x0D554954,
	0x30702858, 0x00000000, 0x0384281B, 0x0CAB4AA8,
	0x22B09864, 0x00000000, 0x006008FF, 0x083616AA,
	0xD1B00FF8, 0x00000000, 0x024012AA, 0xB4AB486C,
	0x21A0F824, 0x00000000, 0x008420FF, 0xB5541BFE,
	0x91A00FF8, 0x00000000, 0x00C1001B, 0x0436186C,
	0x22800FF8, 0x00000000, 0x02C1201B, 0x04361FFE,
	0x98804864, 0x00000000, 0x00442100, 0x0DFF486C,
	0x20704858, 0x00000000, 0x006008FF, 0x0836146E,
	0x1C800FF8, 0x00000000, 0x0647401B, 0xC4361BFF,
	0x1078E800, 0x00000000, 0x0140081B, 0x8554106C,
	0x2E800FF8, 0x00000000, 0x0040001B, 0x8437086C,
	0x2C800FF8, 0x00000000, 0x0120081B, 0x85FE106C,
	0x2E800FF8, 0x00000000, 0x00600000, 0x84361156,
	0x18800FF8, 0x00000000, 0x004160AA, 0x8400186C,
	0x22800FF8, 0x00000000, 0x0120081B, 0x85FE106C,
	0x28800FF8, 0x00000000, 0x006008FF, 0x0836146E,
	0x1C800FF8, 0x00000000, 0x0087601B, 0xC400286C,
	0x3070E800, 0x00000000, 0x0040001B, 0x8437086C,
	0x2C800FF8, 0x00000000, 0x00600055, 0x84361402,
	0x14800FF8, 0x00000000, 0x00816055, 0x0CAB0802,
	0x11800FF8, 0x00000000, 0x004160FF, 0x8554186C,
	0x21800FF8, 0x00000000, 0x0060091B, 0x843613FC,
	0x23800FF8, 0x00000000, 0x004000AA, 0x85FF086C,
	0x20701819,
